Price,Close,High,Low,Open,Volume,Log_Return,Realized_Vol,GARCH_Vol
2010-02-03,4931.85009765625,4949.14990234375,4831.0,4831.0,0,0.0208469994132577,0.1801377646414997,0.19009162553570183
2010-02-04,4845.35009765625,4931.2998046875,4832.35009765625,4931.2998046875,0,-0.0176946887051239,0.1820760449984021,0.2049133856222964
2010-02-05,4718.64990234375,4827.0,4692.35009765625,4819.64990234375,0,-0.0264967812684455,0.1968535262639044,0.21161497986030547
2010-02-08,4760.39990234375,4799.0498046875,4675.39990234375,4755.35009765625,0,0.0088089567699925,0.2028560625179396,0.23511838565661133
2010-02-09,4792.64990234375,4810.39990234375,4739.35009765625,4760.5498046875,0,0.0067517961642943,0.2067423846644431,0.22791435534448787
2010-02-10,4757.2001953125,4826.85009765625,4748.10009765625,4793.0,0,-0.007424173049006,0.2061228180215572,0.2197216702671199
2010-02-11,4826.85009765625,4843.7998046875,4757.25,4757.25,0,0.0145348002982618,0.2162310838463913,0.2125164901371923
2010-02-15,4801.9501953125,4845.60009765625,4783.89990234375,4827.89990234375,0,-0.0051719751351667,0.2142243997397059,0.21343831331995905
2010-02-16,4855.75,4880.0,4791.35009765625,4801.7998046875,0,0.0111414436398691,0.2185529610540862,0.20524326355102307
2010-02-17,4914.0,4929.7001953125,4857.60009765625,4858.64990234375,0,0.0119247043688822,0.2251822939935712,0.20254882613480388
2010-02-18,4887.75,4922.0498046875,4873.7001953125,4915.10009765625,0,-0.0053561992005249,0.2236241105714442,0.2010099818587427
2010-02-19,4844.89990234375,4887.2998046875,4805.5498046875,4887.2998046875,0,-0.0088054897601234,0.2234496485773746,0.19368974065868577
2010-02-22,4856.39990234375,4912.0498046875,4845.89990234375,4849.35009765625,0,0.0023708174405699,0.2242127779475169,0.1894998699700024
2010-02-23,4870.0498046875,4884.10009765625,4833.14990234375,4856.60009765625,0,0.0028067612985113,0.2112019192143336,0.18161968869614506
2010-02-24,4858.60009765625,4880.5498046875,4834.64990234375,4869.5498046875,0,-0.0023538132079058,0.208465942569256,0.17433462719512327
2010-02-25,4859.75,4880.14990234375,4835.60009765625,4859.0,0,0.0002366455905705,0.2080740965069479,0.1673445398736877
2010-02-26,4922.2998046875,4992.0,4858.4501953125,4858.5,0,0.0127888650052328,0.182631197057248,0.16042470670284464
2010-03-02,5017.0,5029.4501953125,4935.35009765625,4935.60009765625,0,0.0190562842367978,0.1933707566070643,0.16444892040642836
2010-03-03,5088.10009765625,5093.25,5015.10009765625,5015.7998046875,0,0.0140723536236842,0.198234454480847,0.17977260836988274
2010-03-04,5080.25,5096.9501953125,5049.0,5096.9501953125,0,-0.0015440261478846,0.1985006961268152,0.18355205995768298
2010-03-05,5088.7001953125,5118.64990234375,5068.0498046875,5080.5498046875,0,0.0016619605947973,0.1897679328707168,0.1758315092928378
2010-03-08,5124.0,5147.10009765625,5092.14990234375,5092.14990234375,0,0.006912950461775,0.1785879812358201,0.168583109648597
2010-03-09,5101.5,5131.7998046875,5094.35009765625,5121.0498046875,0,-0.004400769901265,0.1657613791579098,0.16459316831490345
2010-03-10,5116.25,5137.39990234375,5092.0498046875,5101.60009765625,0,0.0028871346912529,0.1280669921464509,0.15908488975035046
2010-03-11,5133.39990234375,5152.60009765625,5102.10009765625,5116.35009765625,0,0.0033464398319566,0.1267947855405876,0.15320751107185152
2010-03-12,5137.0,5158.10009765625,5122.10009765625,5131.7998046875,0,0.0007010628286984,0.1266273507712497,0.14790102301842975
2010-03-15,5128.89990234375,5151.0498046875,5101.2001953125,5134.4501953125,0,-0.0015780592864252,0.1219184211687122,0.14217222609301933
2010-03-16,5198.10009765625,5209.25,5125.7001953125,5128.9501953125,0,0.0134020007909805,0.1206932021609424,0.13694576133666914
2010-03-17,5231.89990234375,5260.5,5177.14990234375,5198.4501953125,0,0.0064812891671634,0.116796499967118,0.1451600961558063
2010-03-18,5245.89990234375,5255.64990234375,5214.39990234375,5232.5498046875,0,0.002672318347834,0.1139991387284337,0.14261739800317524
2010-03-19,5262.7998046875,5269.9501953125,5237.10009765625,5246.7998046875,0,0.0032163668929633,0.109984352783144,0.13770979417314316
2010-03-22,5205.2001953125,5260.9501953125,5187.0498046875,5260.9501953125,0,-0.0110050039546087,0.1170758708327676,0.1333719087660935
2010-03-23,5225.2998046875,5243.60009765625,5193.39990234375,5205.85009765625,0,0.0038540116492909,0.1089259261232156,0.1378377834278053
2010-03-25,5260.39990234375,5267.2998046875,5202.9501953125,5225.2998046875,0,0.0066948758289282,0.1093405802282631,0.13383718389511304
2010-03-26,5282.0,5293.75,5260.5498046875,5260.5498046875,0,0.004097762953683,0.1092834825843127,0.1324624218894989
2010-03-29,5302.85009765625,5329.5498046875,5242.14990234375,5283.89990234375,0,0.0039396164198846,0.1069187929956551,0.12899925471473425
2010-03-30,5262.4501953125,5325.0,5251.35009765625,5302.9501953125,0,-0.0076476954047443,0.1138348104018871,0.12568809131826533
2010-03-31,5249.10009765625,5293.89990234375,5235.14990234375,5260.39990234375,0,-0.0025400829491546,0.110915643311954,0.12616615324430874
2010-04-01,5290.5,5298.60009765625,5249.2001953125,5249.2001953125,0,0.0078561074211529,0.0964003337769706,0.12230695126292246
2010-04-05,5368.39990234375,5377.5498046875,5291.39990234375,5291.39990234375,0,0.0146171349884928,0.0972372211118386,0.12339938583087211
2010-04-06,5366.0,5388.64990234375,5351.7001953125,5369.64990234375,0,-0.0004471423471397,0.0967277151101559,0.13633404286137588
2010-04-07,5374.64990234375,5399.64990234375,5345.0498046875,5365.7001953125,0,0.0016106854412794,0.0967341822545911,0.1312998664021214
2010-04-08,5304.4501953125,5383.64990234375,5290.25,5376.2998046875,0,-0.0131473097105394,0.1095805786213871,0.1267784568570199
2010-04-09,5361.75,5377.4501953125,5302.25,5302.39990234375,0,0.0107442865987615,0.1115875456461958,0.13606136867453178
2010-04-12,5339.7001953125,5382.14990234375,5324.89990234375,5354.14990234375,0,-0.0041209061368251,0.1137966836820293,0.1397745426974322
2010-04-13,5322.9501953125,5356.5,5301.7001953125,5340.85009765625,0,-0.0031418105563994,0.1150674920969197,0.1357988407777639
2010-04-15,5273.60009765625,5373.14990234375,5265.2998046875,5323.2998046875,0,-0.0093144378288005,0.1212563304005417,0.13155462304296892
2010-04-16,5262.60009765625,5283.0498046875,5237.5498046875,5273.39990234375,0,-0.0020880400510003,0.1214189433618089,0.13364118048552678
2010-04-19,5203.64990234375,5279.0498046875,5160.89990234375,5279.0498046875,0,-0.0112649360952642,0.1203121511679937,0.12910791340633304
2010-04-20,5230.10009765625,5257.25,5208.2998046875,5208.2998046875,0,0.0050701333602508,0.1194580893107191,0.13456555016888
2010-04-21,5244.89990234375,5266.2998046875,5230.2998046875,5230.2998046875,0,0.0028257402454029,0.1195027728041835,0.13164559200308518
2010-04-22,5269.35009765625,5331.7998046875,5221.10009765625,5248.60009765625,0,0.0046508765504513,0.120092486088739,0.12753594616793026
2010-04-23,5304.10009765625,5311.0498046875,5269.64990234375,5269.64990234375,0,0.0065730909918724,0.1150172856789269,0.12483609180407859
2010-04-26,5322.4501953125,5342.35009765625,5299.35009765625,5299.35009765625,0,0.0034536355429986,0.1148958558361163,0.1241439862738181
2010-04-27,5308.35009765625,5330.5498046875,5301.39990234375,5322.10009765625,0,-0.0026526894562823,0.113486483312226,0.12089042018910993
2010-04-28,5215.4501953125,5308.25,5202.4501953125,5308.2001953125,0,-0.0176556591711249,0.1286400027700103,0.11745048918590824
2010-04-29,5254.14990234375,5264.75,5214.7998046875,5215.25,0,0.0073928102175396,0.1307161563365213,0.13894494251830794
2010-04-30,5278.0,5294.7998046875,5254.2001953125,5254.2001953125,0,0.0045290161353799,0.1290506712471725,0.13786052534333385
2010-05-03,5222.75,5278.7001953125,5210.0498046875,5278.39990234375,0,-0.0105231549841106,0.1340078022957015,0.13429126657305007
2010-05-04,5148.5,5250.14990234375,5134.85009765625,5223.89990234375,0,-0.0143186729823531,0.1390496259003774,0.1378714108122581
2010-05-05,5124.89990234375,5148.35009765625,5056.5,5148.35009765625,0,-0.0045944165309339,0.1267278932140981,0.14772400584903017
2010-05-06,5090.85009765625,5124.89990234375,5037.75,5124.39990234375,0,-0.0066661636744762,0.1274665969008303,0.14348763543512483
2010-05-07,5018.0498046875,5085.64990234375,4984.60009765625,5072.2998046875,0,-0.0144034568075265,0.1329045618066524,0.14125823456741615
2010-05-10,5193.60009765625,5203.2998046875,5026.60009765625,5026.60009765625,0,0.0343857440395936,0.1815046192739887,0.15075001500251728
2010-05-11,5136.14990234375,5206.7001953125,5126.5,5189.75,0,-0.0111233645861763,0.179463842592033,0.21267097323405443
2010-05-12,5156.64990234375,5172.85009765625,5098.7998046875,5133.75,0,0.0039833723565122,0.1804767856049227,0.20933077205058517
2010-05-13,5178.89990234375,5212.7001953125,5147.9501953125,5157.5498046875,0,0.0043055347402521,0.1815475960133731,0.2008338741393961
2010-05-14,5093.5,5192.75,5070.9501953125,5180.5498046875,0,-0.0166274426039294,0.187288727694462,0.19298595368379232
2010-05-17,5059.89990234375,5094.5498046875,4966.25,5093.89990234375,0,-0.006618516089783,0.188076705674755,0.19936403693129892
2010-05-18,5066.2001953125,5105.2001953125,5024.25,5059.5498046875,0,0.0012443672728817,0.1851733233460637,0.19295355278662676
2010-05-19,4919.64990234375,5065.10009765625,4908.14990234375,5065.10009765625,0,-0.0293536983189342,0.2073767611164316,0.18464641163492118
2010-05-20,4947.60009765625,4980.25,4924.2998046875,4924.2998046875,0,0.0056652603446742,0.2085967032657137,0.22115426691618778
2010-05-21,4931.14990234375,4946.7001953125,4842.2998046875,4946.7001953125,0,-0.0033304234883113,0.2068397664137226,0.2127462001349036
2010-05-24,4943.9501953125,5029.5498046875,4923.4501953125,4944.2998046875,0,0.0025924395724847,0.2049307355526292,0.20380711582697655
2010-05-25,4806.75,4946.60009765625,4786.4501953125,4945.2998046875,0,-0.0281434662706871,0.2203657488582479,0.19515884701733474
2010-05-26,4917.39990234375,4925.4501953125,4807.2998046875,4807.2998046875,0,0.0227587356083224,0.2402476743379221,0.22602016475414194
2010-05-27,5003.10009765625,5016.60009765625,4897.60009765625,4915.14990234375,0,0.0172778241540229,0.2450048360574847,0.23915052208852572
2010-05-28,5066.5498046875,5077.25,5005.60009765625,5005.60009765625,0,0.0126023342211595,0.2481600791397003,0.2412539785044374
2010-05-31,5086.2998046875,5097.60009765625,5038.5498046875,5076.10009765625,0,0.003890538257075,0.247966912769102,0.23716929439662013
2010-06-01,4970.2001953125,5086.9501953125,4961.0498046875,5086.25,0,-0.0230904922666169,0.2572111138580348,0.22701912652270595
2010-06-02,5019.85009765625,5031.2001953125,4967.0498046875,4970.75,0,0.0099399521888653,0.2567272850158892,0.24065224384319972
2010-06-03,5110.5,5125.7001953125,5020.14990234375,5020.14990234375,0,0.0178971745538566,0.2646852604234997,0.23400051645584424
2010-06-04,5135.5,5147.89990234375,5091.60009765625,5112.60009765625,0,0.0048799628367281,0.2641163116585532,0.23759462901259717
2010-06-07,5034.0,5132.9501953125,5004.25,5132.9501953125,0,-0.0199623129105978,0.2687083345417295,0.2278112644501798
2010-06-08,4987.10009765625,5071.35009765625,4967.2998046875,5036.7001953125,0,-0.0093602986328567,0.2396424529756005,0.23553257083694576
2010-06-09,5000.2998046875,5050.60009765625,4980.10009765625,4985.0498046875,0,0.0026432734937479,0.2377269361061351,0.228749673429054
2010-06-10,5078.60009765625,5085.2001953125,4997.60009765625,4999.60009765625,0,0.0155377807121102,0.2442287095473564,0.2187006260115832
2010-06-11,5119.35009765625,5139.0498046875,5078.75,5078.75,0,0.0079918446569689,0.2455161050009934,0.22041218450831843
2010-06-14,5197.7001953125,5201.25,5120.14990234375,5120.14990234375,0,0.015188760681795,0.2439991844769216,0.21358160021237885
2010-06-15,5222.35009765625,5231.4501953125,5171.0498046875,5201.2998046875,0,0.0047312532343929,0.2427191919165807,0.21532375639896306
2010-06-16,5233.35009765625,5255.64990234375,5214.89990234375,5225.0498046875,0,0.0021041161955454,0.2427258405746652,0.20679668291214404
2010-06-17,5274.85009765625,5285.5498046875,5206.5498046875,5233.64990234375,0,0.0078986343975933,0.2157812531208561,0.1978580564464299
2010-06-18,5262.60009765625,5302.2998046875,5245.5,5274.9501953125,0,-0.0023250416925128,0.2164610561491785,0.19254204318243312
2010-06-21,5353.2998046875,5366.75,5266.5,5266.5,0,0.0170879369366441,0.2205273865253551,0.1844729320920136
2010-06-22,5316.5498046875,5354.35009765625,5311.0498046875,5353.9501953125,0,-0.0068885966849402,0.2236652749914457,0.19278075099713768
2010-06-23,5323.14990234375,5333.2998046875,5288.14990234375,5316.14990234375,0,0.0012406550343662,0.1923162684700214,0.18701852613246747
2010-06-24,5320.60009765625,5348.2998046875,5284.5498046875,5323.25,0,-0.0004791177425768,0.181614111229251,0.17904959863117795
2010-06-25,5269.0498046875,5320.5,5259.89990234375,5320.5,0,-0.0097360537224636,0.180370283733906,0.17146147507148737
2010-06-28,5333.5,5339.4501953125,5270.75,5271.10009765625,0,0.0121576395024626,0.1800617249351446,0.1701134831454631
2010-06-29,5256.14990234375,5334.14990234375,5235.7998046875,5333.5498046875,0,-0.014608882074956,0.1893545260012533,0.17207777314081557
2010-06-30,5312.5,5320.35009765625,5210.0,5254.25,0,0.0106637332420907,0.168984818186059,0.1776612424131348
2010-07-01,5251.39990234375,5312.5498046875,5232.10009765625,5312.0498046875,0,-0.0115678451258036,0.1744661548023903,0.17686260176584925
2010-07-02,5237.10009765625,5277.25,5225.60009765625,5251.25,0,-0.0027267604610162,0.1653996901410377,0.17730542701671176
2010-07-05,5235.89990234375,5252.75,5225.85009765625,5237.0,0,-0.0002291979982343,0.1649000606224974,0.1702524759005928
2010-07-06,5289.0498046875,5297.4501953125,5231.5,5236.10009765625,0,0.0100998780288753,0.1490489867831925,0.1631626322134647
2010-07-07,5241.10009765625,5296.75,5233.4501953125,5293.10009765625,0,-0.0091071900953951,0.1488007212025598,0.16303473043768135
2010-07-08,5296.85009765625,5320.5,5242.0,5242.0,0,0.0105809040833325,0.1515033872953832,0.16171422353586354
2010-07-09,5352.4501953125,5359.0498046875,5297.2001953125,5297.2001953125,0,0.0104421138168353,0.1470440346825728,0.16235679193605226
2010-07-12,5383.0,5402.7001953125,5351.60009765625,5352.25,0,0.0056914030796913,0.1461750181780006,0.16275075266663386
2010-07-13,5400.64990234375,5406.2001953125,5357.85009765625,5370.2001953125,0,0.0032734590355328,0.1386658089727553,0.15821160325391748
2010-07-14,5386.14990234375,5453.4501953125,5371.7001953125,5402.0,0,-0.0026884727623095,0.1390871535448616,0.15254928972203155
2010-07-15,5378.75,5399.2001953125,5360.60009765625,5387.10009765625,0,-0.001374820681371,0.1394092372251252,0.14700886424317908
2010-07-16,5393.89990234375,5401.35009765625,5374.39990234375,5376.64990234375,0,0.0028126621525335,0.1374781944365904,0.1414361124514427
2010-07-19,5386.4501953125,5409.10009765625,5361.5,5392.7001953125,0,-0.0013820902196343,0.137223981538842,0.13666358736783205
2010-07-20,5368.0,5416.4501953125,5353.60009765625,5387.0,0,-0.0034311774341907,0.1249789323472223,0.13174194227409794
2010-07-21,5399.35009765625,5409.10009765625,5368.85009765625,5368.85009765625,0,0.0058231943720508,0.1237348180821187,0.12792982931712224
2010-07-22,5441.9501953125,5447.14990234375,5372.2001953125,5399.14990234375,0,0.0078588943689787,0.1261748790470674,0.12620137020077712
2010-07-23,5449.10009765625,5477.5,5435.14990234375,5441.89990234375,0,0.0013129869348835,0.126053700179399,0.12689277909743496
2010-07-26,5418.60009765625,5466.25,5409.2001953125,5446.5498046875,0,-0.0056129778202094,0.1223268903691411,0.12258851756617214
2010-07-27,5430.60009765625,5450.9501953125,5407.2001953125,5420.2001953125,0,0.0022121455365479,0.1159215906181147,0.12111887730045015
2010-07-28,5397.5498046875,5447.85009765625,5386.25,5436.10009765625,0,-0.006104532335174,0.1048368098995096,0.11747573074852341
2010-07-29,5408.89990234375,5415.85009765625,5381.5498046875,5397.85009765625,0,0.0021006162315222,0.0992085204283434,0.11696231112216524
2010-07-30,5367.60009765625,5413.25,5349.2001953125,5408.39990234375,0,-0.0076648275196621,0.0938250453827155,0.11356728844152611
2010-08-02,5431.64990234375,5438.85009765625,5351.2998046875,5369.5498046875,0,0.0118620377733786,0.0998575152598767,0.11535144200943352
2010-08-03,5439.5498046875,5459.2001953125,5426.39990234375,5432.5,0,0.0014533637403788,0.0996098973739707,0.12391958793375564
2010-08-04,5467.85009765625,5481.89990234375,5428.39990234375,5441.35009765625,0,0.005189203059859,0.0958463030570428,0.11984522843138258
2010-08-05,5447.10009765625,5487.14990234375,5443.10009765625,5470.14990234375,0,-0.003802129121223,0.0899725952499239,0.11821852124340203
2010-08-06,5439.25,5471.89990234375,5431.35009765625,5448.25,0,-0.0014421911745366,0.0847355819957763,0.1156297086491655
2010-08-09,5486.14990234375,5492.2998046875,5433.25,5439.7998046875,0,0.0085855329508556,0.0824138464925377,0.11211568784539434
2010-08-10,5460.7001953125,5491.4501953125,5445.35009765625,5486.7998046875,0,-0.0046496942326528,0.0830560826155839,0.11540036821446911
2010-08-11,5420.60009765625,5474.60009765625,5412.0,5460.7001953125,0,-0.0073704939869633,0.0869646715715791,0.11367933834113139
2010-08-12,5416.4501953125,5431.10009765625,5372.4501953125,5418.7001953125,0,-0.0007658730806648,0.0864201868917243,0.11505713013515018
2010-08-13,5452.10009765625,5476.5,5415.5,5420.64990234375,0,0.0065602181038856,0.0888577317633488,0.11144539716392178
2010-08-16,5418.2998046875,5465.25,5397.39990234375,5452.10009765625,0,-0.0062187964018681,0.0915486634953876,0.11203865667384455
2010-08-17,5414.14990234375,5443.5498046875,5408.7998046875,5422.14990234375,0,-0.0007661983501435,0.0914380841752286,0.11217311971701999
2010-08-18,5479.14990234375,5487.9501953125,5416.25,5416.25,0,0.0119340828982805,0.0988477350428376,0.1087594768190258
2010-08-19,5540.2001953125,5544.7001953125,5478.10009765625,5478.25,0,0.0110806748273832,0.1036570043575831,0.11856598386621232
2010-08-20,5530.64990234375,5546.60009765625,5513.35009765625,5540.7998046875,0,-0.0017253047875308,0.1012182681951516,0.12516759191244867
2010-08-23,5543.5,5549.7998046875,5519.39990234375,5531.14990234375,0,0.0023207385735129,0.101346517076332,0.12108334879796245
2010-08-24,5505.10009765625,5547.25,5488.4501953125,5541.10009765625,0,-0.0069511171771116,0.1025156563005371,0.11748565826634957
2010-08-25,5462.35009765625,5506.14990234375,5452.5498046875,5505.2998046875,0,-0.0077958350846487,0.1065066733789929,0.11793663249340557
2010-08-26,5477.89990234375,5486.5498046875,5454.7001953125,5462.10009765625,0,0.0028426800409087,0.1042368760799854,0.1194171008296752
2010-08-27,5408.7001953125,5495.2001953125,5391.9501953125,5489.60009765625,0,-0.0127129936644879,0.1139173025186801,0.11617441741923887
2010-08-30,5415.4501953125,5469.0,5390.35009765625,5408.89990234375,0,0.0012472112140708,0.1104954616770595,0.12632132775304566
2010-08-31,5402.39990234375,5413.89990234375,5348.89990234375,5413.5498046875,0,-0.0024127343569622,0.1026617848245046,0.12204053891460268
2010-09-01,5471.85009765625,5478.60009765625,5403.0498046875,5403.0498046875,0,0.0127735043088119,0.1120943191852467,0.11841388582604008
2010-09-02,5486.14990234375,5513.9501953125,5471.85009765625,5471.89990234375,0,0.0026099311561804,0.1110225506332618,0.1283077100476722
2010-09-03,5479.39990234375,5510.39990234375,5473.64990234375,5486.2998046875,0,-0.0012311285750001,0.110221059725215,0.1243311135190469
2010-09-06,5576.9501953125,5589.39990234375,5479.5498046875,5479.5498046875,0,0.0176464789029981,0.1252678676913316,0.12017838154505549
2010-09-07,5604.0,5625.5,5571.64990234375,5575.89990234375,0,0.0048385614797321,0.123135095358265,0.1410109761646984
2010-09-08,5607.85009765625,5625.2998046875,5567.75,5604.25,0,0.0006867908104461,0.1214190881343398,0.13742844491191783
2010-09-09,5640.0498046875,5647.4501953125,5608.10009765625,5608.2998046875,0,0.0057254768041222,0.118111713213828,0.13234664934907384
2010-09-13,5760.0,5770.60009765625,5639.2001953125,5639.2001953125,0,0.0210445786184708,0.1349040086849288,0.13015830118779534
2010-09-14,5795.5498046875,5838.4501953125,5760.2998046875,5760.2998046875,0,0.0061528732845358,0.134773150086252,0.15759553274330282
2010-09-15,5860.9501953125,5869.4501953125,5792.2001953125,5795.25,0,0.011221391822531,0.1334245620430319,0.1537938594530404
2010-09-16,5828.7001953125,5901.64990234375,5815.7998046875,5861.10009765625,0,-0.0055177153710691,0.1364277903978973,0.15617566479196726
2010-09-17,5884.9501953125,5898.39990234375,5828.7001953125,5828.7001953125,0,0.0096042532441008,0.1348453836796387,0.15198150499294794
2010-09-20,5980.4501953125,5989.5,5885.0498046875,5885.0498046875,0,0.0160975709380551,0.1394849558337261,0.1523145651066589
2010-09-21,6009.0498046875,6032.7998046875,5961.85009765625,5980.5,0,0.0047707850402158,0.1381446282601156,0.16344779131806803
2010-09-22,5991.0,6037.39990234375,5946.4501953125,6008.39990234375,0,-0.0030082905643817,0.1401555893531857,0.15823563584337258
2010-09-23,5959.5498046875,6006.7998046875,5932.39990234375,5991.0498046875,0,-0.0052634010037847,0.1386539225621959,0.1524597488574698
2010-09-24,6018.2998046875,6029.10009765625,5951.2001953125,5959.4501953125,0,0.00980985286291,0.1334538401331349,0.14834770188974622
2010-09-27,6035.64990234375,6073.5,6018.2998046875,6018.2998046875,0,0.0028787426627548,0.1334478622716433,0.1493206192825752
2010-09-28,6029.5,6049.7998046875,5991.2998046875,6036.0498046875,0,-0.0010194490621581,0.1197596639281502,0.14406141824596325
2010-09-29,5991.2998046875,6071.5498046875,5979.64990234375,6029.14990234375,0,-0.0063557042001228,0.1256518514690273,0.13860887093369828
2010-09-30,6029.9501953125,6048.4501953125,5963.60009765625,5991.35009765625,0,0.006430366859766,0.1229503350646781,0.1364873669736046
2010-10-01,6143.39990234375,6153.10009765625,6030.2998046875,6030.2998046875,0,0.0186395677094109,0.1290130591342497,0.1346166818973334
2010-10-04,6159.4501953125,6222.10009765625,6144.7001953125,6144.7001953125,0,0.0026092006237768,0.1290132662455035,0.15473740920711634
2010-10-05,6145.7998046875,6188.35009765625,6118.0498046875,6159.4501953125,0,-0.0022186296457684,0.1297071244600093,0.1490296527391688
2010-10-06,6186.4501953125,6223.39990234375,6148.60009765625,6150.9501953125,0,0.0065925581873924,0.1220535130377684,0.14354897667382627
2010-10-07,6120.2998046875,6199.4501953125,6107.5,6186.85009765625,0,-0.0107503650775526,0.1336139929504009,0.14124361119454282
2010-10-08,6103.4501953125,6148.60009765625,6067.0,6121.39990234375,0,-0.0027568659448782,0.1352759912430458,0.14434889471885243
2010-10-11,6135.85009765625,6187.75,6105.9501953125,6105.9501953125,0,0.0052944167152087,0.135216254423344,0.13936232691198613
2010-10-12,6090.89990234375,6144.9501953125,6057.9501953125,6135.9501953125,0,-0.0073527957677148,0.1255856058492322,0.13625035922418122
2010-10-13,6233.89990234375,6240.25,6089.75,6091.4501953125,0,0.0232062864649766,0.1440925156558524,0.13536674402516297
2010-10-14,6177.35009765625,6284.10009765625,6157.89990234375,6234.2998046875,0,-0.0091127317587619,0.1474904196987627,0.16747262347741446
2010-10-15,6062.64990234375,6200.60009765625,6050.35009765625,6175.89990234375,0,-0.0187424106095344,0.1628661088802032,0.16576296973836524
2010-10-18,6075.9501953125,6115.10009765625,5985.10009765625,6112.75,0,0.0021914056290457,0.1604391582377839,0.18018437137086452
2010-10-19,6027.2998046875,6127.0498046875,6008.14990234375,6114.4501953125,0,-0.0080392708813106,0.154484844445493,0.1728026929910464
2010-10-20,5982.10009765625,6038.10009765625,5966.75,6002.9501953125,0,-0.0075274236555505,0.1559395418126261,0.16951854174148548
2010-10-21,6101.5,6113.5,5984.89990234375,6008.89990234375,0,0.0197629493798636,0.1701060152001366,0.16600723986260657
2010-10-22,6066.0498046875,6121.10009765625,6041.35009765625,6113.39990234375,0,-0.0058270228909508,0.1703730819804196,0.18260823385309016
2010-10-25,6105.7998046875,6151.2998046875,6094.60009765625,6101.25,0,0.0065314874218655,0.1685680944233401,0.17678381387809283
2010-10-26,6082.0,6120.25,6074.64990234375,6116.2998046875,0,-0.0039055178654989,0.1690942594415686,0.1718775765534251
2010-10-27,6012.64990234375,6075.9501953125,5987.5498046875,6075.4501953125,0,-0.0114680223513407,0.1739749533561447,0.16563728746321438
2010-10-28,5987.7001953125,6071.10009765625,5968.10009765625,6039.9501953125,0,-0.0041581691829563,0.1731492093436435,0.1670930410233041
2010-10-29,6017.7001953125,6032.64990234375,5937.10009765625,6021.14990234375,0,0.0049977612520853,0.1725459269399426,0.16128781935424125
2010-11-01,6117.5498046875,6132.39990234375,6084.75,6092.2998046875,0,0.0164564986751347,0.1697013086342089,0.15636799301620094
2010-11-02,6119.0,6138.10009765625,6094.39990234375,6127.5498046875,0,0.0002370268323075,0.1694050844608585,0.1675833492798902
2010-11-03,6160.5,6182.5,6146.7998046875,6150.60009765625,0,0.0067592586021823,0.1709805486378184,0.1606495521684526
2010-11-04,6281.7998046875,6290.14990234375,6199.35009765625,6209.60009765625,0,0.0194985894406679,0.1825931178704155,0.1571317532435679
2010-11-08,6273.2001953125,6335.89990234375,6265.35009765625,6335.25,0,-0.0013699101106928,0.177996462175971,0.1747693792741198
2010-11-09,6301.5498046875,6310.89990234375,6243.5498046875,6281.0,0,0.0045089814757519,0.1777535490239239,0.16752912780620435
2010-11-10,6275.7001953125,6307.64990234375,6269.25,6303.2001953125,0,-0.0041105401852399,0.1782230311270112,0.16188836770085527
2010-11-11,6194.25,6296.5498046875,6179.5,6286.35009765625,0,-0.0130636213262741,0.1826674972935661,0.15639795893150557
2010-11-12,6071.64990234375,6202.5,6056.75,6182.2998046875,0,-0.0199910616625139,0.1771157533667144,0.16136218309936734
2010-11-15,6121.60009765625,6128.75,6039.39990234375,6079.89990234375,0,0.0081931355022444,0.1775878255028016,0.17933035524531402
2010-11-16,5988.7001953125,6144.0498046875,5970.60009765625,6143.4501953125,0,-0.021949123410368,0.1820453360074202,0.17567684019364957
2010-11-18,5998.7998046875,6076.2001953125,5906.75,6075.9501953125,0,0.0016850238606307,0.1819564776516886,0.19544458687545696
2010-11-19,5890.2998046875,6013.25,5863.9501953125,6011.2998046875,0,-0.0182525196726287,0.1904530536688206,0.1870668235203685
2010-11-22,6010.0,6020.25,5905.14990234375,5920.89990234375,0,0.0201178515529526,0.2023911807349553,0.1971766042433306
2010-11-23,5934.75,5973.35009765625,5824.9501953125,5971.5498046875,0,-0.0125998443718408,0.1938906261218359,0.20941119755752574
2010-11-24,5865.75,5976.64990234375,5833.60009765625,5946.7998046875,0,-0.0116945530075819,0.1966550238320437,0.20807739696340272
2010-11-25,5799.75,5907.10009765625,5780.35009765625,5883.9501953125,0,-0.0113155379925759,0.1970755816422057,0.20577269402386617
2010-11-26,5751.9501953125,5838.5,5690.35009765625,5828.5498046875,0,-0.0082758514669287,0.198061649916159,0.20323049561488468
2010-11-29,5830.0,5843.14990234375,5754.7001953125,5789.9501953125,0,0.0134780386542123,0.2028720041704367,0.1978444369848994
2010-11-30,5862.7001953125,5892.25,5768.35009765625,5811.60009765625,0,0.0055932812811094,0.2040522170323196,0.1987826598984242
2010-12-01,5960.89990234375,5971.0,5865.5498046875,5871.0,0,0.0166111783619885,0.2121612868977907,0.19174278628032967
2010-12-02,6011.7001953125,6029.5,5980.60009765625,6023.0498046875,0,0.0084861429293017,0.2058608457482727,0.19825050076298198
2010-12-03,5992.7998046875,6025.39990234375,5964.25,6013.35009765625,0,-0.0031488868744578,0.205973587927068,0.19341725088549083
2010-12-06,5992.25,6069.4501953125,5981.7001953125,6033.64990234375,0,-9.17484193800369e-05,0.2040834878594104,0.18554691212969154
2010-12-07,5976.5498046875,6001.0,5939.7001953125,5995.0498046875,0,-0.0026235219193067,0.1895194057891186,0.17757397439399966
2010-12-08,5903.7001953125,5960.0,5878.60009765625,5954.39990234375,0,-0.0122641396395734,0.1925271240011051,0.17047165937076209
2010-12-09,5766.5,5927.2998046875,5742.2998046875,5924.25,0,-0.0235139953982263,0.2031367827291009,0.17255208341029699
2010-12-10,5857.35009765625,5865.5,5721.14990234375,5761.0,0,0.0156319888658681,0.2144733839890702,0.19666246869925516
2010-12-13,5907.64990234375,5913.7998046875,5795.89990234375,5882.64990234375,0,0.0085508051279151,0.2151251988039847,0.20094802216894725
2010-12-14,5944.10009765625,5953.9501953125,5888.75,5928.7001953125,0,0.0061510427131599,0.2068723299599595,0.19597124194554022
2010-12-15,5892.2998046875,5942.75,5865.7998046875,5931.14990234375,0,-0.0087527667367456,0.2056978740878512,0.18946777647823257
2010-12-16,5948.75,5956.14990234375,5855.0498046875,5910.5498046875,0,0.009534732799129,0.1955364038189914,0.18555644959716347
2010-12-20,5947.0498046875,5985.0,5900.25,5926.85009765625,0,-0.0002858480055131,0.1954010721260565,0.1827586013493206
2010-12-21,6000.64990234375,6007.4501953125,5960.0498046875,5960.39990234375,0,0.0089725149718078,0.1866455067721999,0.17494902221442268
2010-12-22,5984.39990234375,6023.7998046875,5958.0,6019.0,0,-0.0027117133800074,0.1732783788372723,0.17244100701708354
2010-12-23,5980.0,6006.4501953125,5964.60009765625,6005.89990234375,0,-0.0007354990769299,0.1673565134356269,0.16567658161857374
2010-12-24,6011.60009765625,6017.35009765625,5940.25,5940.25,0,0.005270384359897,0.1621963821443019,0.1588858350509829
2010-12-27,5998.10009765625,6045.75,5991.10009765625,6013.2998046875,0,-0.0022481836293281,0.1563376459312877,0.15431877453048712
2010-12-28,5996.0,6010.89990234375,5982.25,6005.35009765625,0,-0.000350188452758,0.1523893564686393,0.1485162896406858
2010-12-29,6060.35009765625,6067.5498046875,6002.85009765625,6005.14990234375,0,0.0106749900626106,0.1500150901241508,0.1427234209683253
2010-12-30,6101.85009765625,6106.39990234375,6062.35009765625,6062.35009765625,0,0.0068244495895103,0.1504626213446083,0.14554288691536194
2010-12-31,6134.5,6147.2998046875,6103.5498046875,6105.10009765625,0,0.0053365553566281,0.1413710169818322,0.1432963115490924
2011-01-03,6157.60009765625,6178.5498046875,6147.2001953125,6177.4501953125,0,0.0037585318483364,0.1393047881153972,0.13991764929388067
2011-01-04,6146.35009765625,6181.0498046875,6124.39990234375,6172.75,0,-0.0018286815139022,0.138866803036309,0.1357161350630244
2011-01-05,6079.7998046875,6141.35009765625,6062.35009765625,6141.35009765625,0,-0.0108866570081684,0.1450346087764191,0.1309673366046419
2011-01-06,6048.25,6116.14990234375,6022.2998046875,6107.0,0,-0.0052027945736062,0.1460489182773991,0.13554492951088354
2011-01-07,5904.60009765625,6051.2001953125,5883.60009765625,6030.89990234375,0,-0.0240372493118901,0.1637088710687996,0.13265473791602328
2011-01-10,5762.85009765625,5907.25,5740.9501953125,5901.2998046875,0,-0.0242995637386114,0.1651473105711913,0.16791805322063832
2011-01-11,5754.10009765625,5842.60009765625,5698.2001953125,5767.9501953125,0,-0.0015194997868653,0.1550298881672993,0.19499426570062722
2011-01-12,5863.25,5874.2001953125,5711.2998046875,5800.0498046875,0,0.0187913961951567,0.1664869318169174,0.1866130422452082
2011-01-13,5751.89990234375,5857.75,5736.7001953125,5850.75,0,-0.0191738393273167,0.1768030431734942,0.1978259875614738
2011-01-14,5654.5498046875,5833.64990234375,5639.64990234375,5752.10009765625,0,-0.0170697217680403,0.1832915768267324,0.2081431403331899
2011-01-17,5654.75,5696.14990234375,5624.14990234375,5648.7998046875,0,3.5403661761228884e-05,0.1786804673655666,0.21339914629692044
2011-01-18,5724.0498046875,5730.5,5671.25,5682.5498046875,0,0.012180662758961,0.1856343624745151,0.2038649914769681
2011-01-19,5691.0498046875,5747.64990234375,5662.5498046875,5737.35009765625,0,-0.0057818316196177,0.181823179093829,0.20252005317262053
2011-01-20,5711.60009765625,5729.4501953125,5634.5,5656.0,0,0.0036044806065857,0.1830526906802732,0.19535338865839366
2011-01-21,5696.5,5717.5498046875,5674.5,5692.0498046875,0,-0.0026472605158493,0.182976892266843,0.18753701609919007
2011-01-24,5743.25,5756.0,5697.75,5717.10009765625,0,0.0081733010341099,0.184760390902921,0.17985058671142898
2011-01-25,5687.39990234375,5801.5498046875,5680.64990234375,5763.2998046875,0,-0.0097720676558611,0.1866270819993944,0.17613726907315658
2011-01-27,5604.2998046875,5726.10009765625,5594.9501953125,5725.2998046875,0,-0.0147190591522661,0.1910939916544355,0.1744130250276325
2011-01-28,5512.14990234375,5614.39990234375,5459.5498046875,5614.0,0,-0.0165793964047946,0.1894447673151437,0.17988911038904956
2011-01-31,5505.89990234375,5526.85009765625,5416.64990234375,5452.5498046875,0,-0.0011345021634778,0.1854054370965433,0.18789827918270366
2011-02-01,5417.2001953125,5539.14990234375,5402.0,5537.2998046875,0,-0.0162411139605226,0.1854708715369033,0.17986459701657415
2011-02-02,5432.0,5490.60009765625,5415.64990234375,5469.5498046875,0,0.002728277403174,0.1848265858128259,0.187269908752132
2011-02-03,5526.75,5532.64990234375,5418.0,5430.4501953125,0,0.0172925490766863,0.2013555620203851,0.1796240863718808
2011-02-04,5395.75,5556.2998046875,5369.0498046875,5519.89990234375,0,-0.0239883326761385,0.2110158171138935,0.18898508207699777
2011-02-07,5396.0,5440.35009765625,5376.9501953125,5430.14990234375,0,4.633168856676948e-05,0.2119479740341648,0.21095141079222451
2011-02-08,5312.5498046875,5432.35009765625,5303.39990234375,5432.35009765625,0,-0.0155860291389192,0.204492159202952,0.20155269950573315
2011-02-09,5253.5498046875,5339.4501953125,5225.64990234375,5293.0498046875,0,-0.0111679078178833,0.193675391774562,0.2052029183683542
2011-02-10,5225.7998046875,5272.60009765625,5196.7998046875,5246.0498046875,0,-0.0052961425847933,0.1934078377412743,0.2025418333269657
2011-02-11,5310.0,5319.4501953125,5177.7001953125,5219.64990234375,0,0.0159839764499339,0.1893338186312979,0.19509105947448616
2011-02-14,5456.0,5463.7998046875,5340.25,5340.25,0,0.0271240852873136,0.2114365885995625,0.200131998764185
2011-02-15,5481.0,5506.5,5408.35009765625,5467.75,0,0.0045716455228184,0.2058834604514171,0.22738401682940027
2011-02-16,5481.7001953125,5504.7998046875,5460.35009765625,5467.60009765625,0,0.0001277413960022,0.2058922973522709,0.21806696163427758
2011-02-17,5546.4501953125,5553.0,5463.39990234375,5501.7001953125,0,0.0117428112159769,0.2055315268766628,0.20827615149773146
2011-02-18,5458.9501953125,5599.25,5441.9501953125,5557.5498046875,0,-0.0159016193265479,0.2111015223057085,0.2060104205640544
2011-02-21,5518.60009765625,5526.25,5413.10009765625,5456.60009765625,0,0.0108677232792251,0.2149873596848756,0.2096469487156843
2011-02-22,5469.2001953125,5519.4501953125,5437.2998046875,5504.39990234375,0,-0.0089918334644996,0.2164812858615818,0.20627991613465993
2011-02-23,5437.35009765625,5495.2001953125,5427.5498046875,5452.4501953125,0,-0.0058405613764712,0.2136577763403303,0.20130358202775514
2011-02-24,5262.7001953125,5423.39990234375,5242.5,5408.75,0,-0.0326475876381304,0.2367696943464137,0.19425135490102247
2011-02-25,5303.5498046875,5338.2001953125,5232.75,5321.0498046875,0,0.0077321306790641,0.2363722766595245,0.23745266778482277
2011-02-28,5333.25,5477.0,5308.60009765625,5330.14990234375,0,0.0055844376210012,0.2323222354109605,0.22929264788250353
2011-03-01,5522.2998046875,5533.0498046875,5373.5498046875,5382.0,0,0.0348335963566569,0.2643744246032876,0.22034270230286226
2011-03-03,5536.2001953125,5570.75,5468.25,5478.4501953125,0,0.0025139753033331,0.2576275032583132,0.2630080864476197
2011-03-04,5538.75,5608.2001953125,5524.10009765625,5586.2001953125,0,0.000460463421972,0.2575594332097714,0.25104016622814207
2011-03-07,5463.14990234375,5491.25,5408.4501953125,5490.0498046875,0,-0.0137433149294111,0.255138777206419,0.23946475302152076
2011-03-08,5520.7998046875,5530.5498046875,5464.75,5466.10009765625,0,0.0104972133445312,0.2428972852536121,0.23683266299033706
2011-03-09,5531.0,5563.2998046875,5477.4501953125,5542.39990234375,0,0.0018458890658586,0.2428797588729673,0.2309629000864962
2011-03-10,5494.39990234375,5516.2998046875,5468.4501953125,5516.10009765625,0,-0.0066392570653005,0.2370059318425076,0.22062367793997698
2011-03-11,5445.4501953125,5502.7001953125,5411.5498046875,5456.14990234375,0,-0.0089489404819972,0.2356200096175255,0.21282685180774646
2011-03-14,5531.5,5537.2998046875,5434.25,5436.5,0,0.0156785930275853,0.2389429181355126,0.20732530335857674
2011-03-15,5449.64990234375,5497.85009765625,5373.64990234375,5420.0,0,-0.0149076579830952,0.2412668076761746,0.21047056629294744
2011-03-16,5511.14990234375,5535.10009765625,5475.9501953125,5475.9501953125,0,0.0112219265918863,0.2255438702823012,0.21213223530718206
2011-03-17,5446.64990234375,5510.0498046875,5435.2998046875,5455.39990234375,0,-0.0117725722476733,0.2288885133343948,0.20894498105567363
2011-03-18,5373.7001953125,5483.0498046875,5366.39990234375,5475.35009765625,0,-0.0134840022122957,0.2333812312350319,0.20665552052134467
2011-03-21,5364.75,5413.2998046875,5348.2001953125,5408.75,0,-0.0016669439671844,0.228771187115982,0.20672338589102626
2011-03-22,5413.85009765625,5428.14990234375,5376.14990234375,5390.85009765625,0,0.0091107262245092,0.2254338963665013,0.19770339259181754
2011-03-23,5480.25,5484.9501953125,5401.9501953125,5411.39990234375,0,0.0121902174583247,0.2263112507791481,0.19349471983485736
2011-03-24,5522.39990234375,5529.0,5496.10009765625,5501.7998046875,0,0.0076618103661675,0.2256338856976947,0.19313219128315157
2011-03-25,5654.25,5667.10009765625,5560.9501953125,5588.64990234375,0,0.0235949440543164,0.2379784221839882,0.1879605199703439
2011-03-28,5687.25,5709.10009765625,5643.2001953125,5645.25,0,0.0058193524892336,0.2023292207840628,0.2092077769208304
2011-03-29,5736.35009765625,5770.35009765625,5680.7001953125,5686.5,0,0.0085963093239822,0.2025685215565372,0.20163588476459943
2011-03-30,5787.64990234375,5803.14990234375,5753.89990234375,5755.7998046875,0,0.0089031835388419,0.2032751850662111,0.19664859110596233
2011-03-31,5833.75,5872.0,5778.64990234375,5803.0498046875,0,0.0079336981520465,0.1703834702433189,0.19232285669394591
2011-04-01,5826.0498046875,5860.2001953125,5810.39990234375,5835.0,0,-0.0013208110878279,0.170928433541483,0.1874422422547692
2011-04-04,5908.4501953125,5918.7001953125,5833.2001953125,5842.0,0,0.0140443555388361,0.1753755436400469,0.17946078147145386
2011-04-05,5910.0498046875,5928.64990234375,5855.85009765625,5923.85009765625,0,0.000270695838688,0.164842906301754,0.18323238540479886
2011-04-06,5891.75,5944.4501953125,5868.7998046875,5908.0,0,-0.0031011912855171,0.1645541566415845,0.17539523298006807
2011-04-07,5885.7001953125,5906.10009765625,5866.25,5888.5498046875,0,-0.0010273539890691,0.1651293473510111,0.16859007389184827
2011-04-08,5842.0,5926.9501953125,5822.0,5886.75,0,-0.0074525093314491,0.1657478863295092,0.1616608458510018
2011-04-11,5785.7001953125,5830.2998046875,5777.89990234375,5805.35009765625,0,-0.0096838142894209,0.1664291503405283,0.15870319456911297
2011-04-13,5911.5,5923.60009765625,5735.5498046875,5747.9501953125,0,0.0215102166449027,0.173166669460416,0.1584802842882128
2011-04-15,5824.5498046875,5907.35009765625,5806.4501953125,5898.75,0,-0.0148178966049684,0.1730488792657934,0.18061272012178803
2011-04-18,5729.10009765625,5897.89990234375,5722.25,5824.35009765625,0,-0.0165232423430688,0.1831731284787128,0.18548993256682123
2011-04-19,5740.75,5762.9501953125,5693.25,5716.0,0,0.0020313964438487,0.1763556501503647,0.19265149155029268
2011-04-20,5851.64990234375,5857.35009765625,5759.64990234375,5786.0498046875,0,0.0191337922513196,0.1752898382070086,0.18450492399669963
2011-04-21,5884.7001953125,5912.89990234375,5864.35009765625,5882.85009765625,0,0.0056321394742621,0.1741060460166759,0.19671153232579833
2011-04-25,5874.5,5906.60009765625,5857.0,5859.60009765625,0,-0.0017348455169341,0.1744658450649659,0.18982876734598614
2011-04-26,5868.39990234375,5893.2001953125,5791.5498046875,5876.85009765625,0,-0.0010389423831735,0.1725424771364191,0.18178212738018087
2011-04-27,5833.89990234375,5892.35009765625,5819.9501953125,5884.2001953125,0,-0.0058962939813224,0.1745633536654995,0.17408721540703015
2011-04-28,5785.4501953125,5856.39990234375,5776.9501953125,5851.35009765625,0,-0.00833953490022,0.1607012975855369,0.16889642381942688
2011-04-29,5749.5,5804.2998046875,5706.0498046875,5782.5,0,-0.0062332842541917,0.1616551102374288,0.16623103776939568
2011-05-02,5701.2998046875,5775.25,5687.7001953125,5766.89990234375,0,-0.0084187097522263,0.1616875526260301,0.1618543869872322
2011-05-03,5565.25,5710.7998046875,5554.85009765625,5689.7001953125,0,-0.0241522774060545,0.1777508976035858,0.159868162018181
2011-05-04,5537.14990234375,5578.7998046875,5503.0,5567.7001953125,0,-0.0050619970287562,0.1743925039698406,0.18840085377933288
2011-05-05,5459.85009765625,5560.2998046875,5443.64990234375,5531.60009765625,0,-0.0140585755813294,0.1788466745879117,0.1817175309841748
2011-05-06,5551.4501953125,5564.39990234375,5472.4501953125,5477.64990234375,0,0.0166378553408576,0.1821723659956823,0.18525105443409878
2011-05-09,5551.10009765625,5586.0498046875,5502.39990234375,5575.2001953125,0,-6.306616896621993e-05,0.182101260618494,0.19264642059658904
2011-05-10,5541.25,5592.89990234375,5514.5498046875,5555.5498046875,0,-0.0017760168329809,0.1821483442347588,0.18427078668529034
2011-05-11,5565.0498046875,5574.7001953125,5525.0,5547.2001953125,0,0.0042858272397143,0.1837668935154846,0.17655344781288507
2011-05-12,5486.14990234375,5572.5,5476.2998046875,5537.7998046875,0,-0.01427921764981,0.187490478659963,0.17020591422616793
2011-05-13,5544.75,5605.0,5472.14990234375,5492.35009765625,0,0.0106248174561516,0.1915139650470929,0.17547042682370878
2011-05-16,5499.0,5541.7998046875,5487.64990234375,5541.7001953125,0,-0.0082852765975044,0.1722180675291211,0.1748288851682805
2011-05-17,5438.9501953125,5523.85009765625,5421.0498046875,5496.10009765625,0,-0.0109801940834807,0.1695165792668198,0.17162355996316314
2011-05-18,5420.60009765625,5460.5,5401.25,5448.2001953125,0,-0.0033795349947825,0.1625313734584991,0.17180679266432397
2011-05-19,5428.10009765625,5452.60009765625,5411.25,5448.14990234375,0,0.0013826543382725,0.1623120356394306,0.1653334199219593
2011-05-20,5486.35009765625,5517.5498046875,5432.75,5450.64990234375,0,0.0106740242550093,0.1501880358516635,0.15865154547378738
2011-05-23,5386.5498046875,5456.7001953125,5373.0,5456.7001953125,0,-0.0183581375255394,0.1555705627572968,0.15973348846069016
2011-05-24,5394.85009765625,5422.60009765625,5367.4501953125,5385.10009765625,0,0.0015397433883911,0.1566374287254397,0.17436345989010354
2011-05-25,5348.9501953125,5389.10009765625,5328.7001953125,5389.10009765625,0,-0.0085444964255447,0.1569733632751172,0.16717727038670743
2011-05-26,5412.35009765625,5422.2001953125,5356.35009765625,5372.75,0,0.0117830808839346,0.166525395091241,0.1648705709584372
2011-05-27,5476.10009765625,5485.7998046875,5413.60009765625,5413.7001953125,0,0.0117097892354484,0.1736243517591761,0.16685822848186557
2011-05-30,5473.10009765625,5509.2998046875,5458.60009765625,5493.75,0,-0.0005479852448685,0.1732488277453772,0.16852727315164345
2011-06-01,5592.0,5597.35009765625,5559.4501953125,5561.0498046875,0,0.0214918035789915,0.1901936080853006,0.1615537927799969
2011-06-02,5550.35009765625,5568.2001953125,5521.9501953125,5529.89990234375,0,-0.0074759985038833,0.1724770938173666,0.18300947822128621
2011-06-03,5516.75,5604.9501953125,5507.2001953125,5565.7001953125,0,-0.0060720876465728,0.1728762310229885,0.17842358486924945
2011-06-06,5532.0498046875,5542.64990234375,5479.85009765625,5504.2998046875,0,0.002769497997472,0.1655208456768196,0.17305721563382048
2011-06-07,5556.14990234375,5570.10009765625,5507.7998046875,5509.14990234375,0,0.0043469880130654,0.1557255733611555,0.16627500373976187
2011-06-08,5526.85009765625,5556.60009765625,5514.89990234375,5535.25,0,-0.0052873541363392,0.1568170279335733,0.16062559035815363
2011-06-09,5521.0498046875,5540.10009765625,5502.0498046875,5523.5498046875,0,-0.0010500264399477,0.1567457398728243,0.15594760089978096
2011-06-10,5485.7998046875,5521.4501953125,5457.4501953125,5518.0498046875,0,-0.00640512440229,0.1572872468905212,0.1497735853720621
2011-06-13,5482.7998046875,5496.7001953125,5436.9501953125,5469.85009765625,0,-0.0005470160606905,0.1493223616476944,0.14679115240453192
2011-06-14,5500.5,5520.14990234375,5484.2001953125,5485.60009765625,0,0.0032231134450305,0.1448012179146974,0.14111628071301305
2011-06-15,5447.5,5499.35009765625,5438.9501953125,5494.4501953125,0,-0.0096822093607154,0.1458390974534962,0.13655109580081315
2011-06-16,5396.75,5447.5,5389.7998046875,5419.64990234375,0,-0.0093598673037883,0.1444662510342607,0.13860852550519992
2011-06-17,5366.39990234375,5421.14990234375,5355.85009765625,5412.5,0,-0.005639646083818,0.1452692343802912,0.1399904912288381
2011-06-20,5257.89990234375,5377.39990234375,5195.89990234375,5372.2001953125,0,-0.0204255855337064,0.1605848449726905,0.13711302415943682
2011-06-21,5275.85009765625,5322.4501953125,5257.0,5280.7998046875,0,0.0034081334163708,0.155527567165662,0.16120587391763164
2011-06-22,5278.2998046875,5310.5,5262.5,5304.64990234375,0,0.0004642168432151,0.1435833436167671,0.15541220350122228
2011-06-23,5320.0,5330.60009765625,5252.25,5269.10009765625,0,0.007869264178642,0.1466176000007273,0.1492094962142291
2011-06-24,5471.25,5477.85009765625,5343.39990234375,5343.39990234375,0,0.0280338061694149,0.1740389731468644,0.14773020446556165
2011-06-27,5526.60009765625,5552.64990234375,5434.25,5441.2001953125,0,0.0100657063873618,0.1728050914012492,0.19047570766195082
2011-06-28,5545.2998046875,5558.2998046875,5496.35009765625,5548.85009765625,0,0.003377871002539,0.1686560716430356,0.18783965911492037
2011-06-29,5600.4501953125,5608.64990234375,5566.5,5566.5,0,0.0098962996170586,0.1716165932889631,0.180385919415472
2011-06-30,5647.39990234375,5657.89990234375,5606.10009765625,5614.5,0,0.0083482584310963,0.1573836728467599,0.17842965999971802
2011-07-01,5627.2001953125,5705.7998046875,5609.75,5705.75,0,-0.0035832275147961,0.1554735804025616,0.17499762715754982
2011-07-04,5650.5,5679.64990234375,5633.10009765625,5679.5498046875,0,0.0041320193718407,0.153921219483708,0.1684131223795636
2011-07-05,5632.10009765625,5659.85009765625,5612.2998046875,5659.85009765625,0,-0.0032616450989141,0.1545337779571963,0.16250859088972544
2011-07-06,5625.4501953125,5655.39990234375,5610.75,5622.7001953125,0,-0.0011814121090557,0.154145231864558,0.15656792317086365
2011-07-07,5728.9501953125,5737.14990234375,5632.9501953125,5633.35009765625,0,0.018231322343836,0.1640572997824439,0.15037655339268283
2011-07-08,5660.64990234375,5740.39990234375,5651.0498046875,5734.64990234375,0,-0.0119935925949386,0.1706257522420839,0.1663987604337905
2011-07-11,5616.10009765625,5652.89990234375,5601.7001953125,5648.0498046875,0,-0.0079012191375856,0.1715410169357928,0.16852673502564613
2011-07-12,5526.14990234375,5580.25,5496.9501953125,5556.89990234375,0,-0.0161461373519975,0.1816611183844824,0.16545128169688691
2011-07-13,5585.4501953125,5596.14990234375,5541.39990234375,5542.0498046875,0,0.0106736843373052,0.1849368422203505,0.17468501662229474
2011-07-15,5581.10009765625,5631.7001953125,5562.75,5602.9501953125,0,-0.0007791301274212,0.1811540711314272,0.17417887589057254
2011-07-18,5567.0498046875,5596.60009765625,5550.9501953125,5581.75,0,-0.0025206515038078,0.1776684820422776,0.16689514269654612
2011-07-19,5613.5498046875,5627.64990234375,5557.2001953125,5569.85009765625,0,0.0083180276074523,0.17720007784486,0.1604048801287504
2011-07-20,5567.0498046875,5645.39990234375,5555.10009765625,5642.0498046875,0,-0.0083180276074523,0.1620886710787474,0.1584350569400815
2011-07-21,5541.60009765625,5578.89990234375,5532.7001953125,5554.60009765625,0,-0.0045819702268381,0.1640134517692302,0.15663595361137903
2011-07-22,5633.9501953125,5642.2001953125,5567.10009765625,5576.9501953125,0,0.0165275440438265,0.1709894796423843,0.15177099009821154
2011-07-25,5680.2998046875,5700.5498046875,5616.7001953125,5633.7998046875,0,0.0081931844630397,0.1711068386659913,0.16387128984584914
2011-07-26,5574.85009765625,5702.25,5560.14990234375,5688.4501953125,0,-0.0187385851836119,0.1617560432722752,0.1614741280872107
2011-07-27,5546.7998046875,5591.7001953125,5521.5,5588.5498046875,0,-0.0050442789860771,0.1594118800531412,0.1766261174869484
2011-07-28,5487.75,5512.10009765625,5475.64990234375,5492.39990234375,0,-0.0107028142357157,0.1632617533414977,0.17069973679305925
2011-07-29,5482.0,5520.2998046875,5453.9501953125,5479.0,0,-0.0010483375695179,0.1588249339305877,0.17061288346913833
2011-08-01,5516.7998046875,5551.89990234375,5486.4501953125,5527.5,0,0.0063279487633646,0.1574721841908136,0.16356769704248825
2011-08-02,5456.5498046875,5496.2998046875,5433.64990234375,5493.2001953125,0,-0.0109812605259517,0.1609800278722838,0.15946310319863347
2011-08-03,5404.7998046875,5422.60009765625,5378.85009765625,5402.0,0,-0.0095292746235235,0.1619468675066769,0.16088596930439197
2011-08-04,5331.7998046875,5434.5,5323.14990234375,5412.39990234375,0,-0.0135985558904857,0.166754856046588,0.16026442142698794
2011-08-05,5211.25,5229.64990234375,5116.4501953125,5204.35009765625,0,-0.022869105391128,0.1807515339214962,0.16563635350434805
2011-08-08,5118.5,5204.2001953125,5054.0498046875,5083.85009765625,0,-0.0179583228351812,0.1686399228561745,0.1896089948256279
2011-08-09,5072.85009765625,5167.0,4946.4501953125,4947.89990234375,0,-0.0089586182822995,0.1674604851207801,0.19880718125823135
2011-08-10,5161.0,5197.9501953125,5123.35009765625,5196.5498046875,0,0.0172275500712012,0.1841822072706496,0.19436775697408493
2011-08-11,5138.2998046875,5184.9501953125,5121.0,5128.0,0,-0.0044081117165453,0.1788597147519214,0.20160833971436204
2011-08-12,5072.9501953125,5194.4501953125,5053.35009765625,5194.39990234375,0,-0.0127997065142169,0.1738943204768654,0.19376071995781238
2011-08-16,5035.7998046875,5132.2001953125,5015.39990234375,5125.75,0,-0.0073501783859295,0.1735727466328948,0.19417904224394664
2011-08-17,5056.60009765625,5112.14990234375,5017.25,5030.2998046875,0,0.0041219774525322,0.1762231333096362,0.1886772818233337
2011-08-18,4944.14990234375,5078.60009765625,4932.14990234375,5077.9501953125,0,-0.0224893002533369,0.180085288317162,0.181488888134202
2011-08-19,4845.64990234375,4893.60009765625,4796.10009765625,4859.2998046875,0,-0.0201236646315247,0.1864911453197358,0.20140659620092352
2011-08-22,4898.7998046875,4910.0498046875,4808.75,4843.7001953125,0,0.0109088621779677,0.1960860329465599,0.2130247128210536
2011-08-23,4948.89990234375,4965.7998046875,4863.7998046875,4925.14990234375,0,0.0101750726349027,0.1880115779210655,0.20942378361965597
2011-08-24,4888.89990234375,4962.39990234375,4875.2998046875,4934.35009765625,0,-0.0121980005988044,0.1815364298740618,0.20534839706217453
2011-08-25,4839.60009765625,4915.85009765625,4825.0498046875,4914.64990234375,0,-0.0101352164678707,0.1770029920319621,0.20388945449212623
2011-08-26,4747.7998046875,4872.0,4720.0,4839.25,0,-0.0191507811401737,0.1819807247296085,0.2002170943232259
2011-08-29,4919.60009765625,4934.39990234375,4806.0498046875,4806.2001953125,0,0.0355459345129728,0.2343987633306801,0.21015336674012808
2011-08-30,5001.0,5016.25,4927.5498046875,4973.25,0,0.0164106462002032,0.245823257541891,0.25737691457576756
2011-09-02,5040.0,5113.7001953125,4993.35009765625,5109.7998046875,0,0.0077681896465105,0.2466624108255831,0.2564604912796706
2011-09-05,5017.2001953125,5030.2998046875,4964.4501953125,4998.89990234375,0,-0.0045340339863097,0.2454716913950059,0.24710278812484093
2011-09-06,5064.2998046875,5072.89990234375,4942.89990234375,4993.35009765625,0,0.009343838129813,0.2487964902542851,0.23662326418334914
2011-09-07,5124.64990234375,5154.5,5076.2998046875,5080.14990234375,0,0.0118463247265334,0.2508711583312368,0.22974960732892818
2011-09-08,5153.25,5169.25,5098.25,5139.2001953125,0,0.0055653726438439,0.2400080353574514,0.22578657814706554
2011-09-09,5059.4501953125,5163.75,5046.7998046875,5161.2998046875,0,-0.0183697632542546,0.2403883520387405,0.2170403493283605
2011-09-12,4946.7998046875,4985.60009765625,4911.25,4981.7001953125,0,-0.0225169569397339,0.2507281474258015,0.22338014453538657
2011-09-13,4940.9501953125,5030.14990234375,4911.0498046875,4977.7998046875,0,-0.0011832034704437,0.2416266432089582,0.23642671861461625
2011-09-14,5012.5498046875,5026.14990234375,4917.39990234375,4965.0498046875,0,0.014387068747856,0.2480270889956807,0.22569550152115278
2011-09-15,5075.7001953125,5091.4501953125,4967.4501953125,5062.35009765625,0,0.0125197562500548,0.2485886254796722,0.22512347974164035
2011-09-16,5084.25,5143.60009765625,5068.10009765625,5123.35009765625,0,0.001683041066411,0.2471769512897504,0.22229939811774593
2011-09-19,5031.9501953125,5068.39990234375,5019.25,5068.39990234375,0,-0.0103399042407951,0.2495398892057505,0.21241210664749588
2011-09-20,5140.2001953125,5149.89990234375,5035.25,5042.5498046875,0,0.0212844054567253,0.2463992846753707,0.2082668033933872
2011-09-21,5133.25,5168.39990234375,5109.85009765625,5153.75,0,-0.0013530403595068,0.2335504943999205,0.22113831970314002
2011-09-22,4923.64990234375,5059.85009765625,4907.75,5054.4501953125,0,-0.0416888813141348,0.2773517667769768,0.21126680374449874
2011-09-23,4867.75,4930.25,4829.60009765625,4873.75,0,-0.0114182875257427,0.2776933550450847,0.27640614517479783
2011-09-26,4835.39990234375,4879.7998046875,4758.85009765625,4878.60009765625,0,-0.0066679826333158,0.2754821575629286,0.2684941218104622
2011-09-27,4971.25,4982.9501953125,4905.14990234375,4905.14990234375,0,0.0277074821594858,0.2896715920491204,0.25775055859030643
2011-09-28,4945.89990234375,5006.0498046875,4918.4501953125,5005.5,0,-0.0051123867480918,0.2811538532412118,0.2759908884475983
2011-09-29,5015.4501953125,5034.25,4906.0,4924.2001953125,0,0.0139642563464044,0.2576109725369947,0.26408979333887234
2011-09-30,4943.25,5025.5498046875,4924.2998046875,4990.14990234375,0,-0.014500177519274,0.2564406119301541,0.2596281965117171
2011-10-03,4849.5,4879.14990234375,4823.89990234375,4874.39990234375,0,-0.0191474027673415,0.2623186580125426,0.25614622590124697
2011-10-04,4772.14990234375,4869.75,4728.2998046875,4823.5,0,-0.0160786902123192,0.2668252376482655,0.25922599943513763
2011-10-05,4751.2998046875,4827.7998046875,4741.0,4791.2998046875,0,-0.0043786929339281,0.2634381155958358,0.25770691623938263
2011-10-07,4888.0498046875,4922.60009765625,4861.2001953125,4883.64990234375,0,0.0283751872871923,0.2808519214103458,0.24656337945249823
2011-10-10,4979.60009765625,4991.14990234375,4882.0498046875,4886.85009765625,0,0.0185561751443522,0.2888974400746097,0.2680434061848394
2011-10-11,4974.35009765625,5045.10009765625,4964.0,5019.89990234375,0,-0.0010548576964528,0.2824114810733029,0.26901549526538066
2011-10-12,5099.39990234375,5109.7998046875,4997.64990234375,5011.2001953125,0,0.0248281381596563,0.2841721025290546,0.25651298132783384
2011-10-13,5077.85009765625,5136.9501953125,5067.64990234375,5130.7998046875,0,-0.0042349037106111,0.2847240597177071,0.2692453968117954
2011-10-14,5132.2998046875,5141.39990234375,5056.60009765625,5057.35009765625,0,0.0106659008419714,0.2828548589697523,0.2574018570146518
2011-10-17,5118.25,5160.2001953125,5084.5,5156.2001953125,0,-0.0027412799807702,0.280034279275324,0.25018451422047105
2011-10-18,5037.5,5057.5,5011.0498046875,5049.4501953125,0,-0.0159026564777495,0.2855881500811758,0.23896886099841316
2011-10-19,5139.14990234375,5148.0498046875,5075.2998046875,5080.4501953125,0,0.0199777498669856,0.2915936397221488,0.23914212302487958
2011-10-20,5091.89990234375,5099.0,5033.9501953125,5086.5498046875,0,-0.0092366544650735,0.283913445948138,0.2454863427170621
2011-10-21,5049.9501953125,5120.75,5037.9501953125,5106.60009765625,0,-0.0082726417504344,0.2851998541446469,0.2379086751687076
2011-10-24,5098.35009765625,5145.64990234375,5084.75,5114.7001953125,0,0.0095385962017864,0.2449861553681949,0.23010484976010506
2011-10-25,5191.60009765625,5211.0,5085.5498046875,5137.89990234375,0,0.0181249765158351,0.2464852298090058,0.22386272796636367
2011-10-28,5360.7001953125,5399.7001953125,5322.7998046875,5341.89990234375,0,0.0320526463628278,0.2631487467863056,0.22897651168412367
2011-10-31,5326.60009765625,5360.25,5314.60009765625,5358.89990234375,0,-0.0063814457238937,0.2522078526178748,0.26240864395575314
2011-11-01,5257.9501953125,5310.85009765625,5238.2998046875,5278.60009765625,0,-0.0129719001913616,0.2569314784481197,0.2518783947065484
2011-11-02,5258.4501953125,5300.10009765625,5204.9501953125,5216.75,0,9.508957091864604e-05,0.2538892237819388,0.247329312290109
2011-11-03,5265.75,5281.60009765625,5201.85009765625,5241.5498046875,0,0.0013872419229389,0.2465386465025201,0.23594506665264206
2011-11-04,5284.2001953125,5326.4501953125,5256.7998046875,5325.39990234375,0,0.0034976874356026,0.2330040788216958,0.22526401332514692
2011-11-08,5289.35009765625,5304.25,5252.0,5292.25,0,0.0009741104185977,0.2216174208382066,0.21566018308940543
2011-11-09,5221.0498046875,5317.5,5211.75,5309.7001953125,0,-0.0129968897541936,0.2280804207487475,0.20604840264360408
2011-11-11,5168.85009765625,5198.60009765625,5142.25,5159.75,0,-0.0100482481499145,0.2158917099015536,0.20553290350936212
2011-11-14,5148.35009765625,5228.89990234375,5140.5498046875,5217.35009765625,0,-0.0039739515741497,0.2089861827135828,0.20163867870426974
2011-11-15,5068.5,5158.75,5052.85009765625,5131.2001953125,0,-0.0156313781189563,0.2172449031880498,0.19359647708250552
2011-11-16,5030.4501953125,5065.2001953125,4989.5,5059.10009765625,0,-0.0075354336835401,0.2006077234848916,0.19824178100305606
2011-11-17,4934.75,5036.7998046875,4919.4501953125,5027.10009765625,0,-0.0192074691158173,0.210444444799928,0.19259961000132284
2011-11-18,4905.7998046875,4915.89990234375,4837.9501953125,4899.14990234375,0,-0.0058838742566838,0.2062950208118572,0.20373613596375423
2011-11-21,4778.35009765625,4873.7998046875,4764.7998046875,4873.7998046875,0,-0.0263228197193875,0.2226712346261161,0.19655345113348535
2011-11-22,4812.35009765625,4854.0,4782.5498046875,4794.85009765625,0,0.0070902315249274,0.2204727510962926,0.22258407652587467
2011-11-23,4706.4501953125,4779.5,4640.9501953125,4779.5,0,-0.0222516007478609,0.2154786373709385,0.2149569262649083
2011-11-25,4710.0498046875,4767.2998046875,4693.10009765625,4731.2998046875,0,0.0007645323740951,0.2153113671759166,0.22873896615664893
2011-11-28,4851.2998046875,4859.10009765625,4766.39990234375,4769.2998046875,0,0.0295481877939927,0.2432638738607914,0.2183899927922071
2011-11-29,4805.10009765625,4866.10009765625,4787.10009765625,4864.2001953125,0,-0.0095687958263616,0.2409260316410001,0.24782783303443137
2011-11-30,4832.0498046875,4851.5498046875,4754.7998046875,4766.14990234375,0,0.0055928936571991,0.2309006307625666,0.24035639219559826
2011-12-01,4936.85009765625,5011.89990234375,4916.7001953125,4970.85009765625,0,0.021456727931786,0.2125822172114163,0.23074334806328017
2011-12-02,5050.14990234375,5062.5498046875,4918.39990234375,4940.85009765625,0,0.0226904307064776,0.2313690719121706,0.24074670945254031
2011-12-05,5039.14990234375,5055.39990234375,5002.5498046875,5036.5,0,-0.0021805287921703,0.2282359182458326,0.25166086502146945
2011-12-07,5062.60009765625,5099.25,5032.25,5050.10009765625,0,0.0046428069267562,0.2293091086421176,0.24024608631461353
2011-12-08,4943.64990234375,5049.0498046875,4921.4501953125,5037.39990234375,0,-0.0237762995984096,0.2411541012190895,0.23020670800464774
2011-12-09,4866.7001953125,4918.35009765625,4841.75,4870.75,0,-0.0156877755450972,0.2437787281274045,0.24472091916761993
2011-12-12,4764.60009765625,4910.25,4755.5498046875,4906.85009765625,0,-0.0212025208269282,0.250189968424709,0.2440506763463457
2011-12-13,4800.60009765625,4824.7001953125,4728.5,4733.60009765625,0,0.0075273218012105,0.2519942531578311,0.25187086437957995
2011-12-14,4763.25,4839.5498046875,4750.39990234375,4788.7001953125,0,-0.0078107220754484,0.2514359431538251,0.2426490025438303
2011-12-15,4746.35009765625,4768.64990234375,4673.85009765625,4712.7998046875,0,-0.0035542861869057,0.2514384104094074,0.23420460923834893
2011-12-16,4651.60009765625,4818.85009765625,4628.2001953125,4752.5,0,-0.02016465475128,0.254580673272724,0.22410946542204527
2011-12-19,4613.10009765625,4623.14990234375,4555.89990234375,4623.14990234375,0,-0.0083111640539186,0.2547271981666812,0.23266349413893997
2011-12-20,4544.2001953125,4637.25,4531.14990234375,4635.7998046875,0,-0.0150483658615749,0.2520171832063508,0.22524137356010768
2011-12-21,4693.14990234375,4707.35009765625,4601.9501953125,4636.4501953125,0,0.0322522404751971,0.2812181345151103,0.22559946860844968
2011-12-22,4733.85009765625,4740.60009765625,4632.9501953125,4636.89990234375,0,0.0086348675504924,0.2691066762189125,0.2602616339628729
2011-12-23,4714.0,4763.4501953125,4693.2001953125,4763.2001953125,0,-0.0042020410271277,0.2679629966301265,0.2512452083121097
2011-12-27,4750.5,4800.5,4723.64990234375,4780.2001953125,0,0.0077130711507276,0.257912437688818,0.24040430685707853
2011-12-28,4705.7998046875,4756.2001953125,4685.64990234375,4756.2001953125,0,-0.0094541267047618,0.2601715550703669,0.2320389430270361
2011-12-29,4646.25,4701.7998046875,4639.0498046875,4681.14990234375,0,-0.0127353063305805,0.2400276316661381,0.22558439561919447
2011-12-30,4624.2998046875,4690.4501953125,4608.89990234375,4659.9501953125,0,-0.0047354767071823,0.238701904319573,0.22297129756053563
2012-01-03,4765.2998046875,4773.10009765625,4675.7998046875,4675.7998046875,0,0.0300354872923812,0.2621407614791671,0.21398803857791368
2012-01-04,4749.64990234375,4782.85009765625,4728.85009765625,4774.9501953125,0,-0.0032895426540406,0.2495449758078275,0.24555350881803237
2012-01-05,4749.9501953125,4779.7998046875,4730.14990234375,4749.0,0,6.322223372845206e-05,0.233299680895081,0.2347380288768441
2012-01-06,4754.10009765625,4794.89990234375,4686.85009765625,4724.14990234375,0,0.0008732913820035,0.2336609192425346,0.22403507590617022
2012-01-09,4742.7998046875,4758.7001953125,4695.4501953125,4747.5498046875,0,-0.00237978675528,0.2321139417151775,0.21395238396453406
2012-01-10,4849.5498046875,4855.89990234375,4768.25,4771.85009765625,0,0.0222582394442902,0.2352222195653552,0.20467165199261023
2012-01-11,4860.9501953125,4877.2001953125,4841.60009765625,4863.14990234375,0,0.0023480553757015,0.2291697680194532,0.22007325045020376
2012-01-12,4831.25,4869.2001953125,4803.89990234375,4840.9501953125,0,-0.0061286988873317,0.2172850937133344,0.21044024424810343
2012-01-13,4866.0,4898.85009765625,4834.2001953125,4861.9501953125,0,0.0071670110077358,0.2171451804251758,0.20297697972750442
2012-01-16,4873.89990234375,4880.7998046875,4827.0498046875,4844.0,0,0.0016221735654996,0.2149649682082783,0.1967184844175187
2012-01-17,4967.2998046875,4975.5498046875,4904.0,4904.5,0,0.018981975685772,0.2228563969172569,0.18825678462978784
2012-01-18,4955.7998046875,4980.64990234375,4931.0498046875,4977.75,0,-0.0023178251959906,0.2084317265152352,0.1995969653481636
2012-01-19,5018.39990234375,5023.7998046875,4991.39990234375,4995.0,0,0.0125525699241455,0.2066678678486767,0.1911189436989917
2012-01-20,5048.60009765625,5064.14990234375,5004.2998046875,5044.85009765625,0,0.0059998581322633,0.1947281861176744,0.19146615237489284
2012-01-23,5046.25,5059.5498046875,5021.35009765625,5025.35009765625,0,-0.0004656032880075,0.1682425106413157,0.18516216223754475
2012-01-24,5127.35009765625,5141.0498046875,5049.7998046875,5064.7998046875,0,0.0159435823751942,0.1729181751129155,0.17722319932276043
2012-01-25,5158.2998046875,5174.14990234375,5130.25,5151.5,0,0.0060180544221871,0.1705654941487868,0.18445127437443076
2012-01-27,5204.7001953125,5217.0,5162.39990234375,5216.75,0,0.0089550710620374,0.1709335095117082,0.17863233662527944
2012-01-30,5087.2998046875,5166.14990234375,5076.7001953125,5163.5498046875,0,-0.0228149014799429,0.1897564626820615,0.17579790662179232
2012-01-31,5199.25,5215.39990234375,5120.14990234375,5125.25,0,0.0217671848514038,0.1897163145332847,0.19756547872242755
2012-02-01,5235.7001953125,5244.60009765625,5159.0,5198.14990234375,0,0.0069862036487603,0.1861732508600668,0.213093676100944
2012-02-02,5269.89990234375,5289.9501953125,5225.75,5272.10009765625,0,0.0065107804455657,0.1643202343203141,0.20602104310270244
2012-02-03,5325.85009765625,5334.85009765625,5255.5498046875,5276.10009765625,0,0.0105609730960688,0.1627333444920029,0.19909214757772914
2012-02-06,5361.64990234375,5390.0498046875,5327.25,5379.4501953125,0,0.0066994037117504,0.1615839048297291,0.19627241062790451
2012-02-07,5335.14990234375,5413.35009765625,5322.9501953125,5412.9501953125,0,-0.0049547630502039,0.1650330002769532,0.19012950530762313
2012-02-08,5368.14990234375,5396.89990234375,5325.2001953125,5343.7998046875,0,0.0061663421874561,0.1625339038249617,0.18327519071385528
2012-02-09,5412.35009765625,5423.39990234375,5338.89990234375,5343.0498046875,0,0.0082000729066469,0.1516342381139109,0.1776408017526845
2012-02-10,5381.60009765625,5427.75,5341.0498046875,5399.7998046875,0,-0.0056976514863561,0.1560568770287163,0.17412738487886828
2012-02-13,5390.2001953125,5421.0498046875,5351.39990234375,5382.10009765625,0,0.0015967803430544,0.1514381047368265,0.16879388617802304
2012-02-14,5416.0498046875,5428.0498046875,5377.9501953125,5380.7998046875,0,0.0047842051923908,0.1512756195764266,0.16194735814990338
2012-02-15,5531.9501953125,5542.10009765625,5460.60009765625,5460.60009765625,0,0.0211736793344172,0.1604931805944926,0.1568454612923472
2012-02-16,5521.9501953125,5531.39990234375,5483.75,5513.75,0,-0.0018093165986013,0.1554340007309329,0.17849645209331713
2012-02-17,5564.2998046875,5606.7001953125,5545.2001953125,5574.2001953125,0,0.0076400614043985,0.1533072196124834,0.17112273786154056
2012-02-21,5607.14990234375,5621.5,5561.75,5561.89990234375,0,0.0076713960900223,0.1514045553260742,0.1675907225574375
2012-02-22,5505.35009765625,5629.9501953125,5491.35009765625,5609.75,0,-0.0183221871842838,0.1719952626345139,0.16436773574789298
2012-02-23,5483.2998046875,5537.39990234375,5460.7998046875,5490.0498046875,0,-0.0040132905790598,0.173619539999557,0.1781323655490817
2012-02-24,5429.2998046875,5521.39990234375,5405.89990234375,5479.14990234375,0,-0.0098968976597498,0.1742124866280485,0.17154908046454104
2012-02-27,5281.2001953125,5449.7998046875,5268.14990234375,5448.10009765625,0,-0.0276567946126633,0.2028873482286921,0.17038340728653567
2012-02-28,5375.5,5391.10009765625,5306.4501953125,5310.5,0,0.0176982113376386,0.2093002350163091,0.20580129264059172
2012-02-29,5385.2001953125,5458.7998046875,5352.25,5424.9501953125,0,0.00180289344818,0.1896615362529598,0.2123972487376041
2012-03-01,5339.75,5372.4501953125,5297.5,5366.0,0,-0.0084756509945485,0.1800641491739288,0.2030826683069895
2012-03-02,5359.35009765625,5392.5498046875,5315.0498046875,5369.4501953125,0,0.0036638818972382,0.1791004038251237,0.19788097010208733
2012-03-05,5280.35009765625,5344.5,5265.7001953125,5342.5498046875,0,-0.0148503153997259,0.1861346211249953,0.18993696263595977
2012-03-06,5222.39990234375,5382.0498046875,5206.39990234375,5266.0,0,-0.0110353542461898,0.1858673764937383,0.1937642795865085
2012-03-07,5220.4501953125,5243.85009765625,5171.4501953125,5207.0498046875,0,-0.0003734051596396,0.1838108487221425,0.1919478068735089
2012-03-09,5333.5498046875,5342.2998046875,5291.60009765625,5294.10009765625,0,0.0214333786384319,0.199230297803847,0.18361918722532036
2012-03-12,5359.5498046875,5421.89990234375,5327.2998046875,5420.10009765625,0,0.0048629587655416,0.1987714591678822,0.2007861356303818
2012-03-13,5429.5,5438.64990234375,5390.7998046875,5391.0498046875,0,0.0129670687823846,0.2019331981772601,0.1932126500465123
2012-03-14,5463.89990234375,5499.39990234375,5437.7998046875,5490.5498046875,0,0.0063157539426588,0.2018375024695847,0.19391378895191444
2012-03-15,5380.5,5462.5,5362.2998046875,5462.5,0,-0.0153814959591669,0.2093407498573714,0.18765974423605813
2012-03-16,5317.89990234375,5445.64990234375,5305.0,5380.35009765625,0,-0.0117028364396446,0.2122782930054164,0.19260839974837382
2012-03-19,5257.0498046875,5340.7001953125,5238.5498046875,5337.35009765625,0,-0.011508474451056,0.1993084937531181,0.1917088202586161
2012-03-20,5274.85009765625,5297.35009765625,5233.25,5257.14990234375,0,0.003380265684812,0.2003193879655848,0.1906506907739161
2012-03-21,5364.9501953125,5372.35009765625,5256.0,5267.2001953125,0,0.0169368313275983,0.2084841862459092,0.1830291336799821
2012-03-22,5228.4501953125,5385.9501953125,5205.64990234375,5361.10009765625,0,-0.0257721883856936,0.2212642317389844,0.19125912181758753
2012-03-23,5278.2001953125,5312.0,5220.0,5255.64990234375,0,0.0094702631138389,0.2184645301884942,0.2170300937447216
2012-03-26,5184.25,5274.9501953125,5174.89990234375,5274.35009765625,0,-0.017959984312352,0.2253135502139479,0.21168722834428375
2012-03-27,5243.14990234375,5277.9501953125,5184.64990234375,5242.9501953125,0,0.0112972609345154,0.2286853135778113,0.21799520649737505
2012-03-28,5194.75,5236.5498046875,5169.60009765625,5231.7001953125,0,-0.0092739439324757,0.2104988738987231,0.21440347125839218
2012-03-29,5178.85009765625,5194.2998046875,5135.9501953125,5145.9501953125,0,-0.0030654574390867,0.1995284491571481,0.2090770664071894
2012-03-30,5295.5498046875,5307.10009765625,5203.64990234375,5206.60009765625,0,0.0222837655949015,0.2160825123063978,0.200264057967863
2012-04-02,5317.89990234375,5331.5498046875,5278.7998046875,5296.35009765625,0,0.0042116618649978,0.2148697700942603,0.21643641783779283
2012-04-03,5358.5,5378.75,5344.4501953125,5353.2001953125,0,0.0076056149522496,0.2161915812110013,0.20761290014707548
2012-04-04,5322.89990234375,5338.39990234375,5305.2998046875,5328.64990234375,0,-0.0066658359018455,0.2109059630722201,0.20136791660720393
2012-04-09,5234.39990234375,5287.89990234375,5228.0,5282.5,0,-0.0167660433523046,0.2156948303511809,0.19485564839760405
2012-04-10,5243.60009765625,5255.7998046875,5211.85009765625,5254.10009765625,0,0.0017560980486462,0.215760918542457,0.20123480419460282
2012-04-11,5226.85009765625,5263.64990234375,5190.7998046875,5209.4501953125,0,-0.0031994831122376,0.2016436698340316,0.19254093919585005
2012-04-12,5276.85009765625,5290.60009765625,5246.75,5246.75,0,0.0095205264312807,0.2039710739164671,0.18474033416538527
2012-04-13,5207.4501953125,5306.75,5185.39990234375,5255.7001953125,0,-0.0132390172074444,0.2019725591226147,0.18199560873946408
2012-04-16,5226.2001953125,5233.5,5183.5,5190.60009765625,0,0.0035941438484491,0.2007791390368631,0.18425592000912275
2012-04-17,5289.7001953125,5298.2001953125,5208.35009765625,5266.60009765625,0,0.0120770964847559,0.2004549886054504,0.17710587140069545
2012-04-18,5300.0,5342.0,5293.4501953125,5320.7001953125,0,0.0019452501478614,0.1966499745141677,0.17821889345764613
2012-04-19,5332.39990234375,5342.4501953125,5291.2998046875,5320.60009765625,0,0.0060945793855567,0.1932762786349192,0.17089207943596932
2012-04-20,5290.85009765625,5336.14990234375,5245.4501953125,5313.9501953125,0,-0.007822467994285,0.1951890685811625,0.16607214223696176
2012-04-23,5200.60009765625,5310.5498046875,5187.14990234375,5277.39990234375,0,-0.017204909624993,0.1940071798206148,0.1631179496679531
2012-04-24,5222.64990234375,5232.35009765625,5180.35009765625,5215.89990234375,0,0.0042308948896583,0.1734226475000171,0.1747780687702736
2012-04-25,5202.0,5236.10009765625,5160.64990234375,5222.2001953125,0,-0.0039617501875532,0.1703437488255273,0.16851558066925562
2012-04-26,5189.0,5215.60009765625,5179.0498046875,5214.75,0,-0.0025021666408571,0.1586127009280425,0.16251745951894528
2012-04-27,5190.60009765625,5223.0498046875,5154.2998046875,5189.0,0,0.0003083158607018,0.1532667446191137,0.1562891737944272
2012-04-30,5248.14990234375,5262.14990234375,5201.4501953125,5201.4501953125,0,0.0110262986963423,0.1547160046098188,0.15002570984521288
2012-05-02,5239.14990234375,5279.60009765625,5226.4501953125,5254.2998046875,0,-0.0017163621479385,0.1543959487263871,0.15254026430978715
2012-05-03,5188.39990234375,5217.2998046875,5180.64990234375,5211.2001953125,0,-0.0097339071323631,0.1363997970646645,0.14670129537788307
2012-05-04,5086.85009765625,5177.2001953125,5070.60009765625,5166.64990234375,0,-0.019766547986143,0.1495703151358764,0.14774224201142025
2012-05-07,5114.14990234375,5124.75,4988.0,5017.7998046875,0,0.0053523909148913,0.1479197151575552,0.16785881482018897
2012-05-08,4999.9501953125,5119.9501953125,4983.60009765625,5114.7001953125,0,-0.0225832371441036,0.1634102285266393,0.1627214742180571
2012-05-09,4974.7998046875,5016.25,4956.4501953125,4967.89990234375,0,-0.005042821909914,0.1558188382825113,0.18660427421937803
2012-05-10,4965.7001953125,5039.2998046875,4950.2998046875,4984.14990234375,0,-0.0018308157369825,0.1551006791952461,0.18002561829541516
2012-05-11,4928.89990234375,4976.25,4906.14990234375,4938.85009765625,0,-0.0074384941865402,0.1560020276219252,0.17256709788541136
2012-05-14,4907.7998046875,4957.2001953125,4874.5,4934.35009765625,0,-0.0042900831877799,0.149463443099716,0.16873743977925135
2012-05-15,4942.7998046875,4955.2001953125,4868.5498046875,4869.85009765625,0,0.0071061963075779,0.1492948063041526,0.1628957975657486
2012-05-16,4858.25,4882.25,4837.0498046875,4875.2998046875,0,-0.0172536419706753,0.1559211410912816,0.1595149212973915
2012-05-17,4870.2001953125,4922.25,4850.2001953125,4878.60009765625,0,0.0024567533539605,0.1471438695828173,0.1718507125790051
2012-05-18,4891.4501953125,4908.5,4788.9501953125,4796.39990234375,0,0.0043537788624831,0.1485860266820534,0.1650402030110977
2012-05-22,4860.5,4956.35009765625,4849.89990234375,4954.7001953125,0,-0.0063475097001328,0.144315212562874,0.15947588381885697
2012-05-23,4835.64990234375,4853.75,4803.9501953125,4843.0,0,-0.0051257772033131,0.1438137983785276,0.1556938189710257
2012-05-24,4921.39990234375,4931.89990234375,4830.14990234375,4863.39990234375,0,0.017577486953404,0.154514645327067,0.15125199189337385
2012-05-25,4920.39990234375,4935.7998046875,4889.35009765625,4905.9501953125,0,-0.0002032148638026,0.152788543044756,0.16566990385628433
2012-05-28,4985.64990234375,4994.9501953125,4931.2998046875,4931.7001953125,0,0.0131739583343908,0.1624285169924494,0.15884728611821233
2012-05-29,4990.10009765625,5020.14990234375,4982.14990234375,5005.35009765625,0,0.0008922027131203,0.1627276325115979,0.16368882584585956
2012-05-30,4950.75,4982.25,4944.89990234375,4964.25,0,-0.0079168889579334,0.1638366419048144,0.15703201280235637
2012-05-31,4924.25,4924.25,4894.4501953125,4896.10009765625,0,-0.0053671014911858,0.1567850835568434,0.15492493220494788
2012-06-01,4841.60009765625,4925.0,4831.75,4910.85009765625,0,-0.0169267139815241,0.1638687203084815,0.15071019571713096
2012-06-04,4848.14990234375,4858.2998046875,4770.35009765625,4797.2998046875,0,0.0013519039572866,0.1632733983840722,0.16382361579484228
2012-06-05,4863.2998046875,4898.9501953125,4847.7001953125,4869.4501953125,0,0.0031200109335819,0.1529914297274765,0.1572261458554798
2012-06-06,4997.10009765625,5010.4501953125,4886.14990234375,4886.64990234375,0,0.0271405840386076,0.1822550817579472,0.15156056245844493
2012-06-07,5049.64990234375,5059.64990234375,5007.75,5035.35009765625,0,0.010461150903908,0.1686200509200242,0.19053751675210023
2012-06-08,5068.35009765625,5084.4501953125,4994.7998046875,5044.25,0,0.0036964255001187,0.167734646466205,0.18833886657502708
2012-06-11,5054.10009765625,5124.4501953125,5040.7001953125,5096.7001953125,0,-0.0028155257153311,0.167970214689301,0.18098288010100583
2012-06-12,5115.89990234375,5128.89990234375,5015.14990234375,5015.5,0,0.0121535035157539,0.1695074504681992,0.17373879821489904
2012-06-13,5121.4501953125,5144.89990234375,5095.4501953125,5117.5498046875,0,0.0010843223020839,0.1681017661509213,0.1753105076909831
2012-06-14,5054.75,5130.0,5047.60009765625,5105.10009765625,0,-0.0131092449528796,0.174859290182753,0.1679958438309761
2012-06-15,5139.0498046875,5146.2001953125,5069.14990234375,5069.5498046875,0,0.0165398042112836,0.1693469766521365,0.17163288779584102
2012-06-18,5064.25,5190.2001953125,5041.7001953125,5174.0,0,-0.0146621477647781,0.1796928959912226,0.18071934328834277
2012-06-19,5103.85009765625,5113.60009765625,5048.10009765625,5050.7998046875,0,0.0077891243179598,0.1806848053048592,0.18532966807615836
2012-06-20,5120.5498046875,5141.7001953125,5100.7001953125,5114.5498046875,0,0.0032666409844854,0.1781233661190472,0.18084348067892675
2012-06-21,5165.0,5170.39990234375,5093.4501953125,5097.35009765625,0,0.0086432855573779,0.1770967360370308,0.1737697889656268
2012-06-22,5146.0498046875,5159.7998046875,5094.0,5101.75,0,-0.0036757104286276,0.170440344122542,0.17101395143493917
2012-06-25,5114.64990234375,5194.60009765625,5105.64990234375,5158.5,0,-0.0061204403714595,0.1726769351980915,0.16472006281433008
2012-06-26,5120.7998046875,5134.5498046875,5095.5,5107.4501953125,0,0.0012016869331281,0.1676872538333126,0.160364961008416
2012-06-27,5141.89990234375,5160.10009765625,5129.25,5149.4501953125,0,0.0041120032719708,0.1679656791899824,0.15394874673634118
2012-06-28,5149.14990234375,5159.0498046875,5125.2998046875,5148.9501953125,0,0.001408991567823,0.1644998778684494,0.14898773255030395
2012-06-29,5278.89990234375,5286.25,5189.0,5191.25,0,0.0248860906366406,0.180346982298295,0.14329960046564294
2012-07-02,5278.60009765625,5302.14990234375,5263.35009765625,5283.85009765625,0,-5.679463652956444e-05,0.1653371370212224,0.17804403011094772
2012-07-03,5287.9501953125,5317.0,5265.9501953125,5298.85009765625,0,0.0017697545248749,0.1652554652370602,0.17050017425086236
2012-07-04,5302.5498046875,5317.64990234375,5273.2998046875,5310.39990234375,0,0.0027571160235064,0.1652883253070044,0.1635891264846434
2012-07-05,5327.2998046875,5333.64990234375,5288.85009765625,5297.0498046875,0,0.0046567064699189,0.1426249521298749,0.1573824369926266
2012-07-06,5316.9501953125,5327.2001953125,5287.75,5324.7001953125,0,-0.0019446391500623,0.1409640414991713,0.15251282672128938
2012-07-09,5275.14990234375,5300.60009765625,5257.75,5283.7001953125,0,-0.007892770948501,0.1453285246929384,0.1467339835100876
2012-07-10,5345.35009765625,5348.5498046875,5284.5498046875,5286.60009765625,0,0.0132199458969235,0.1493276114969741,0.14550122432458018
2012-07-11,5306.2998046875,5336.4501953125,5300.25,5315.25,0,-0.0073322852853336,0.1489875485640134,0.15216098166726447
2012-07-12,5235.25,5261.75,5217.7001953125,5240.0,0,-0.01348015840175,0.1580615513287068,0.14986506335654234
2012-07-13,5227.25,5267.14990234375,5216.85009765625,5242.75,0,-0.001529271504729,0.1498723912566929,0.15639313545962
2012-07-16,5197.25,5246.85009765625,5190.4501953125,5232.35009765625,0,-0.0057556876243089,0.1415336487872077,0.1502766887001598
2012-07-17,5192.85009765625,5236.7001953125,5181.7001953125,5228.0498046875,0,-0.0008469413317297,0.1305023787854315,0.14670328581823291
2012-07-18,5216.2998046875,5222.85009765625,5169.0498046875,5199.10009765625,0,0.0045056026517466,0.1288974304802381,0.14106419572710807
2012-07-19,5242.7001953125,5257.75,5233.14990234375,5249.85009765625,0,0.0050483691930537,0.1294322898352758,0.13724538324935903
2012-07-20,5205.10009765625,5238.7001953125,5197.5,5233.5498046875,0,-0.0071977371182622,0.1294672453701494,0.13410241693400826
2012-07-23,5117.9501953125,5164.2001953125,5108.10009765625,5163.25,0,-0.0168849265289552,0.1421326834071673,0.13324324342376453
2012-07-24,5128.2001953125,5144.0,5103.25,5128.7998046875,0,0.0020007520929255,0.1406909093731038,0.14944159299623083
2012-07-25,5109.60009765625,5121.60009765625,5076.60009765625,5118.39990234375,0,-0.0036336161263147,0.1412211764025104,0.14386944332228116
2012-07-26,5043.0,5126.2998046875,5032.39990234375,5126.2998046875,0,-0.0131199992829621,0.1472271219551429,0.13932727686157229
2012-07-27,5099.85009765625,5149.9501953125,5077.5,5124.2998046875,0,0.0112100035872987,0.1529868111380449,0.14666911309848296
2012-07-30,5199.7998046875,5206.60009765625,5129.75,5129.75,0,0.0194089790658275,0.142361723320391,0.14984497964229201
2012-07-31,5229.0,5234.5498046875,5154.0498046875,5214.85009765625,0,0.0055999294582788,0.1440320453618794,0.16868298418873526
2012-08-01,5240.5,5246.35009765625,5212.64990234375,5220.7001953125,0,0.0021968584221014,0.1441225370483094,0.16365889750945178
2012-08-02,5227.75,5236.89990234375,5209.9501953125,5233.10009765625,0,-0.0024359384433229,0.1437982571097112,0.15726695548047903
2012-08-03,5215.7001953125,5220.2001953125,5164.64990234375,5195.60009765625,0,-0.0023076301048797,0.1425621803587148,0.15134137398101177
2012-08-06,5282.5498046875,5293.2001953125,5260.85009765625,5260.85009765625,0,0.0127355536255731,0.1502119389078104,0.14574385476756485
2012-08-07,5336.7001953125,5350.10009765625,5281.64990234375,5295.39990234375,0,0.0101986223097219,0.1517688594177195,0.15152160480334964
2012-08-08,5338.0,5377.60009765625,5331.0498046875,5345.25,0,0.000243529967145,0.1446100827666298,0.15269326144083917
2012-08-09,5322.9501953125,5368.2001953125,5312.10009765625,5348.2998046875,0,-0.0028233533426232,0.1425845545921679,0.14664309024700706
2012-08-10,5320.39990234375,5330.10009765625,5294.10009765625,5308.2001953125,0,-0.000479227497763,0.133766035179502,0.1415344353559161
2012-08-13,5347.89990234375,5352.4501953125,5309.0498046875,5316.35009765625,0,0.0051554720833495,0.1343225465898065,0.13617801626521783
2012-08-14,5380.35009765625,5387.0498046875,5328.7998046875,5343.25,0,0.0060495037449832,0.1329638261148246,0.13320090405318763
2012-08-16,5362.9501953125,5390.64990234375,5356.64990234375,5385.9501953125,0,-0.0032392127341304,0.133785306053695,0.13124099153466073
2012-08-17,5366.2998046875,5399.9501953125,5341.7001953125,5368.60009765625,0,0.0006243883745507,0.1333743353288161,0.12736117522297008
2012-08-21,5421.0,5425.14990234375,5368.7001953125,5368.7001953125,0,0.010141678667502,0.136289045193994,0.12291484328490317
2012-08-22,5412.85009765625,5433.35009765625,5394.7998046875,5395.75,0,-0.0015045258717129,0.1330508253039581,0.12730237355610094
2012-08-23,5415.35009765625,5448.60009765625,5393.85009765625,5426.14990234375,0,0.0004617572633175,0.1145326222120365,0.12301620166072232
2012-08-24,5386.7001953125,5399.64990234375,5371.0,5392.60009765625,0,-0.0053045428870169,0.1178344551545189,0.11883846550419214
2012-08-27,5350.25,5399.14990234375,5346.64990234375,5387.85009765625,0,-0.0067896999946754,0.1203317725280035,0.1174034632543685
2012-08-29,5287.7998046875,5345.5,5282.7001953125,5343.85009765625,0,-0.0117410453730199,0.1181967999197612,0.11766953233620651
2012-08-30,5315.0498046875,5342.7998046875,5255.0498046875,5268.60009765625,0,0.0051401389252244,0.1142067237738806,0.1256383337807833
2012-08-31,5258.5,5303.25,5238.89990234375,5298.2001953125,0,-0.0106965673623718,0.1033810939731013,0.123485742606617
2012-09-03,5253.75,5295.7998046875,5243.14990234375,5276.5,0,-0.0009037076407566,0.1018088689740639,0.12872483492186432
2012-09-04,5274.0,5278.35009765625,5233.2001953125,5249.14990234375,0,0.0038469805939055,0.1023705153898459,0.12422557726316093
2012-09-05,5225.7001953125,5259.5,5215.7001953125,5243.89990234375,0,-0.0092002903863314,0.1072182745420968,0.12120932083744788
2012-09-06,5238.39990234375,5260.60009765625,5217.64990234375,5217.64990234375,0,0.0024272920075337,0.1071992259830904,0.12432435962826748
2012-09-07,5342.10009765625,5347.14990234375,5309.2001953125,5309.4501953125,0,0.0196027628214421,0.1192716398470946,0.1205450489201743
2012-09-10,5363.4501953125,5375.4501953125,5349.10009765625,5361.89990234375,0,0.0039886087827091,0.1147868710505565,0.1464881887189832
2012-09-11,5390.0,5393.35009765625,5332.10009765625,5336.10009765625,0,0.0049379237644572,0.1159358314835358,0.14196431897435446
2012-09-12,5431.0,5435.5498046875,5393.9501953125,5404.4501953125,0,0.0075778941318024,0.1178062621867862,0.13838347723216893
2012-09-13,5435.35009765625,5447.4501953125,5421.85009765625,5435.2001953125,0,0.0008006548380166,0.1176930417617704,0.1375566714519165
2012-09-14,5577.64990234375,5586.64990234375,5526.9501953125,5528.35009765625,0,0.025843589333311,0.1454122600698306,0.13247993870763206
2012-09-17,5610.0,5652.2001953125,5585.14990234375,5631.75,0,0.0057831963105691,0.1453217833860695,0.17321433856187737
2012-09-18,5600.0498046875,5620.5498046875,5586.4501953125,5602.39990234375,0,-0.0017752281388536,0.1447453235500353,0.16800385780696936
2012-09-20,5554.25,5581.35009765625,5534.89990234375,5536.9501953125,0,-0.0082120909206513,0.1490231639291256,0.16124250519442043
2012-09-21,5691.14990234375,5720.0,5575.4501953125,5577.0,0,0.0243489190456501,0.1663553513640585,0.159087715663149
2012-09-24,5669.60009765625,5709.85009765625,5662.75,5691.9501953125,0,-0.0037937337823013,0.1672045941750087,0.1883238894417331
2012-09-25,5673.89990234375,5702.7001953125,5652.4501953125,5674.89990234375,0,0.0007581090304466,0.1671687713356475,0.181010123616148
2012-09-26,5663.4501953125,5672.7998046875,5638.64990234375,5653.39990234375,0,-0.0018434131257124,0.1656284316848137,0.1733298154568998
2012-09-27,5649.5,5693.7001953125,5639.7001953125,5673.75,0,-0.0024662359760189,0.1632709732447105,0.16626771768060872
2012-09-28,5703.2998046875,5735.14990234375,5683.4501953125,5684.7998046875,0,0.0094778747708645,0.1561935065312844,0.1597983002965654
2012-10-01,5718.7998046875,5722.9501953125,5694.0,5704.75,0,0.0027140385821359,0.1561185661215088,0.15921632417501494
2012-10-03,5731.25,5743.25,5715.7998046875,5727.7001953125,0,0.0021746980024732,0.1475150086300621,0.15326580905201875
2012-10-04,5787.60009765625,5807.25,5751.35009765625,5751.5498046875,0,0.00978405773151,0.1475937553643801,0.14750630612042823
2012-10-05,5746.9501953125,5815.35009765625,4888.2001953125,5815.0,0,-0.0070484014723766,0.1530276986007109,0.14853150910695556
2012-10-08,5676.0,5751.85009765625,5666.2001953125,5751.85009765625,0,-0.0124225539839749,0.1569115036323941,0.14625591528079332
2012-10-09,5704.60009765625,5728.64990234375,5677.89990234375,5708.14990234375,0,0.0050261247418614,0.1568548847322002,0.1514337790660239
2012-10-10,5652.14990234375,5686.5,5647.0498046875,5671.14990234375,0,-0.0092368975691228,0.1526047392245622,0.14722619656984665
2012-10-11,5708.0498046875,5721.10009765625,5636.9501953125,5663.5,0,0.0098414385242615,0.1545681697554306,0.14755871255233838
2012-10-12,5676.0498046875,5725.0,5659.35009765625,5681.7001953125,0,-0.0056218911252959,0.1571766165901128,0.1486562122509958
2012-10-15,5687.25,5693.7001953125,5651.0498046875,5674.25,0,0.0019712933975172,0.1560735254284486,0.14509797203496322
2012-10-16,5648.0,5714.0,5635.60009765625,5705.60009765625,0,-0.0069253270760766,0.1592067392568989,0.1397903431323332
2012-10-17,5660.25,5684.35009765625,5633.89990234375,5681.10009765625,0,0.0021665606600093,0.1332086375909361,0.13813353879164647
2012-10-18,5718.7001953125,5722.5,5650.5498046875,5675.2998046875,0,0.0102734801364267,0.13624125612757,0.13333274970780248
2012-10-19,5684.25,5711.7001953125,5660.0,5703.2998046875,0,-0.0060423486092661,0.1380917809420407,0.13663995092210263
2012-10-22,5717.14990234375,5721.5498046875,5658.0498046875,5667.60009765625,0,0.0057712200154127,0.135172277170851,0.13438739571362485
2012-10-23,5691.39990234375,5720.7998046875,5681.4501953125,5715.64990234375,0,-0.0045141659839257,0.1075151677309326,0.1320729201459203
2012-10-25,5705.2998046875,5718.75,5685.7001953125,5688.7998046875,0,0.0024392867397124,0.1069088372231106,0.1289239527168197
2012-10-29,5665.60009765625,5698.2998046875,5645.10009765625,5665.2001953125,0,-0.0069827135371081,0.1098133261643911,0.12483435373145808
2012-10-30,5597.89990234375,5689.89990234375,5589.89990234375,5656.35009765625,0,-0.0120213096463401,0.1172900961080255,0.1246004026300251
2012-10-31,5619.7001953125,5624.39990234375,5583.0498046875,5596.75,0,0.003886806486983,0.1180475203631205,0.13204965195014778
2012-11-01,5645.0498046875,5649.75,5601.9501953125,5609.85009765625,0,0.0045007039065821,0.1140707529401311,0.12848232839191034
2012-11-02,5697.7001953125,5711.2998046875,5682.5498046875,5696.35009765625,0,0.0092835985567585,0.118576110662222,0.12559669701519607
2012-11-05,5704.2001953125,5709.2001953125,5679.5,5693.0498046875,0,0.0011401609348372,0.1183716744774187,0.12831770219072192
2012-11-06,5724.39990234375,5730.7998046875,5693.64990234375,5694.10009765625,0,0.0035349435439119,0.1135967570743427,0.1238848594590371
2012-11-07,5760.10009765625,5777.2998046875,5711.39990234375,5718.60009765625,0,0.0062171292271889,0.1132893709028289,0.12069857015558723
2012-11-08,5738.75,5744.5,5693.9501953125,5709.0,0,-0.0037134360408294,0.104854209515484,0.120005961356492
2012-11-09,5686.25,5751.7001953125,5677.75,5731.10009765625,0,-0.0091904366792179,0.1086584282128673,0.11722143337462973
2012-11-12,5683.7001953125,5718.89990234375,5665.75,5688.4501953125,0,-0.0004485164290861,0.1035460778557532,0.12080838354163309
2012-11-15,5631.0,5651.64990234375,5603.5498046875,5650.35009765625,0,-0.0093154172005091,0.1024821617585215,0.11677534009512548
2012-11-16,5574.0498046875,5650.14990234375,5559.7998046875,5624.7998046875,0,-0.0101651820736875,0.1063947972920289,0.12061470318294441
2012-11-19,5571.39990234375,5592.75,5549.25,5577.2998046875,0,-0.0004755128708731,0.1059098802246224,0.12534005306315688
2012-11-20,5571.5498046875,5613.7001953125,5548.35009765625,5604.7998046875,0,2.6905325376147813e-05,0.1037078110687482,0.12101131281163459
2012-11-21,5614.7998046875,5620.2001953125,5561.39990234375,5582.5,0,0.0077326772394368,0.1073406385710318,0.11694724111274928
2012-11-22,5627.75,5643.35009765625,5608.0,5628.60009765625,0,0.0023037836194019,0.1007165027106027,0.11845075064090559
2012-11-23,5626.60009765625,5637.75,5593.5498046875,5635.4501953125,0,-0.0002043480676846,0.0988745546987214,0.11503101599438892
2012-11-26,5635.89990234375,5649.2001953125,5623.4501953125,5648.64990234375,0,0.0016514640268392,0.0965934537373078,0.11137089481292772
2012-11-27,5727.4501953125,5733.2001953125,5658.0,5658.5,0,0.0161136061249355,0.111553174168203,0.10821589697724958
2012-11-29,5825.0,5833.5,5736.10009765625,5736.7001953125,0,0.0168885598555384,0.125412133302518,0.12789252551863384
2012-11-30,5879.85009765625,5885.25,5827.85009765625,5836.0,0,0.0093722685379281,0.12511047438662,0.14516964628682144
2012-12-03,5870.9501953125,5899.14990234375,5854.60009765625,5878.25,0,-0.0015147741130177,0.1154403583012326,0.14588535982790563
2012-12-04,5889.25,5894.9501953125,5859.0,5866.7998046875,0,0.003112161213904,0.1153346158125964,0.1404118057622784
2012-12-05,5900.5,5917.7998046875,5891.35009765625,5906.60009765625,0,0.0019084379930875,0.1150410405948202,0.13584101370849375
2012-12-06,5930.89990234375,5942.5498046875,5838.89990234375,5926.2998046875,0,0.005138862601968,0.112654629083689,0.1311074554957869
2012-12-07,5907.39990234375,5949.85009765625,5888.64990234375,5934.0,0,-0.0039701699155185,0.1144710086779942,0.12851372376761605
2012-12-10,5908.89990234375,5919.9501953125,5888.10009765625,5916.0498046875,0,0.0002538865859619,0.1143605422523311,0.1252581732571498
2012-12-11,5898.7998046875,5965.14990234375,5865.4501953125,5923.7998046875,0,-0.0017107650719774,0.1135440940685973,0.12092105768065295
2012-12-12,5888.0,5924.60009765625,5874.25,5917.7998046875,0,-0.0018325258575251,0.1127164445858386,0.11711951405623341
2012-12-13,5851.5,5907.4501953125,5841.35009765625,5900.35009765625,0,-0.0062183427938912,0.1096863387711861,0.11361825377681027
2012-12-14,5879.60009765625,5886.10009765625,5839.14990234375,5846.89990234375,0,0.0047907103623472,0.1100961570547569,0.11359753226625666
2012-12-17,5857.89990234375,5886.0498046875,5850.14990234375,5860.5,0,-0.0036975880786428,0.1046549854406388,0.11215032896823993
2012-12-18,5896.7998046875,5905.7998046875,5823.14990234375,5873.60009765625,0,0.0066186368547752,0.0961145281701768,0.10996576085596453
2012-12-19,5929.60009765625,5939.39990234375,5910.7998046875,5917.2998046875,0,0.0055469758070211,0.0958868489758018,0.11078257063305737
2012-12-20,5916.39990234375,5937.60009765625,5881.4501953125,5934.4501953125,0,-0.0022286342691326,0.0970693585763688,0.11030880759895113
2012-12-21,5847.7001953125,5888.0,5841.64990234375,5888.0,0,-0.0116796843671638,0.1075209105982206,0.10744361487381679
2012-12-24,5855.75,5871.89990234375,5844.7001953125,5869.0,0,0.0013756295489937,0.1075289104120501,0.11695246328637429
2012-12-26,5905.60009765625,5917.2998046875,5859.5498046875,5864.9501953125,0,0.008476985338926,0.1095829349518804,0.11333024265604782
2012-12-27,5870.10009765625,5930.7998046875,5864.7001953125,5930.2001953125,0,-0.006029383723567,0.1133259709145765,0.11630294877597552
2012-12-28,5908.35009765625,5915.75,5879.5,5887.14990234375,0,0.0064949350428471,0.1025532241722971,0.11581893111120439
2012-12-31,5905.10009765625,5919.0,5897.14990234375,5901.2001953125,0,-0.0005502203045275,0.085996695043814,0.11589758011129322
2013-01-02,5993.25,6006.0498046875,5982.0,5982.60009765625,0,0.0148174350959837,0.0945940549254381,0.11220267898942235
2013-01-03,6009.5,6017.0,5986.5498046875,6015.7998046875,0,0.0027077144701615,0.0943610807585522,0.1277774235577085
2013-01-04,6016.14990234375,6020.75,5981.5498046875,6011.9501953125,0,0.001105953204286,0.0940804236264563,0.12388030836648463
2013-01-07,5988.39990234375,6042.14990234375,5977.14990234375,6042.14990234375,0,-0.0046232553290176,0.096000280101235,0.11973241897318498
2013-01-08,6001.7001953125,6007.0498046875,5964.39990234375,5983.4501953125,0,0.0022185466869673,0.0948263335849266,0.11763201858253129
2013-01-09,5971.5,6020.10009765625,5958.4501953125,6006.2001953125,0,-0.0050446428465974,0.0955441643110487,0.11423561754008725
2013-01-10,5968.64990234375,6005.14990234375,5947.2998046875,5998.7998046875,0,-0.0004773973080222,0.0956028068417369,0.11296080855358882
2013-01-11,5951.2998046875,6018.85009765625,5940.60009765625,6012.39990234375,0,-0.0029111045491811,0.096038672849918,0.10945915667091863
2013-01-14,6024.0498046875,6036.89990234375,5962.14990234375,5967.2001953125,0,0.0121501079046823,0.1038036909813952,0.10699331334931506
2013-01-15,6056.60009765625,6068.5,6018.60009765625,6037.85009765625,0,0.0053888444748558,0.1012663753086095,0.1175615554645062
2013-01-16,6001.85009765625,6055.9501953125,5992.0498046875,6049.0,0,-0.0090808313412199,0.1070640899146837,0.11631692535264106
2013-01-17,6039.2001953125,6053.2001953125,5988.10009765625,6001.25,0,0.0062038138766081,0.1071076755622264,0.1198454401059615
2013-01-18,6064.39990234375,6083.39990234375,6048.2998046875,6059.85009765625,0,0.0041640079380211,0.1059468341382615,0.11921754623045783
2013-01-21,6082.2998046875,6094.35009765625,6065.10009765625,6085.75,130900,0.0029472886846284,0.105023178303632,0.11680521980664288
2013-01-22,6048.5,6101.2998046875,6040.5,6080.14990234375,129000,-0.0055725743889511,0.1070228024296879,0.11380716480578199
2013-01-23,6054.2998046875,6069.7998046875,6021.14990234375,6052.85009765625,137000,0.0009584237077469,0.0965189085126268,0.11307943760986791
2013-01-24,6019.35009765625,6065.2998046875,6007.85009765625,6046.2001953125,185200,-0.0057894348325395,0.0999104696048349,0.10963429410016132
2013-01-25,6074.64990234375,6080.5498046875,6014.4501953125,6024.5,147600,0.0091450620291831,0.1005389557513093,0.10952622170904656
2013-01-28,6074.7998046875,6088.39990234375,6061.39990234375,6082.10009765625,113100,2.467640055672133e-05,0.0970721691795337,0.11402976493166203
2013-01-29,6049.89990234375,6111.7998046875,6042.4501953125,6064.7001953125,157600,-0.0041073078839829,0.097327810356022,0.11043386124749423
2013-01-30,6055.75,6071.9501953125,6044.14990234375,6065.0,124200,0.0009665070704739,0.0971400408326994,0.10868879715854121
2013-01-31,6034.75,6058.0498046875,6025.14990234375,6045.64990234375,168500,-0.0034738052384617,0.0846996549048183,0.10555185511541983
2013-02-01,5998.89990234375,6052.9501953125,5983.2001953125,6040.9501953125,159300,-0.0059583258626568,0.0869233770440035,0.10374511095061183
2013-02-04,5987.25,6038.5,5981.25,6025.2001953125,141700,-0.0019438945962046,0.0870392543554037,0.10441525420879547
2013-02-05,5956.89990234375,5970.35009765625,5946.89990234375,5948.2001953125,136200,-0.005082013073346,0.0873450312461083,0.1018705393608056
2013-02-06,5959.2001953125,5990.89990234375,5953.14990234375,5988.0498046875,157800,0.0003860815163471,0.0869218262804173,0.1017653127426134
2013-02-07,5938.7998046875,5978.5,5927.60009765625,5936.4501953125,157600,-0.003429216778715,0.0859949657129635,0.09904556363154104
2013-02-08,5903.5,5953.7001953125,5883.64990234375,5929.10009765625,192600,-0.0059616645111395,0.0882377516901503,0.09775123422034772
2013-02-11,5897.85009765625,5924.14990234375,5879.10009765625,5920.0498046875,122000,-0.0009575010873592,0.0878300255864828,0.09906224800271939
2013-02-12,5922.5,5927.64990234375,5886.4501953125,5894.35009765625,142800,0.0041707627731352,0.077127361835912,0.09662211692833099
2013-02-13,5932.9501953125,5969.5,5922.9501953125,5943.14990234375,142600,0.0017629356704111,0.0744313699428159,0.09614028781385206
2013-02-14,5896.9501953125,5940.2001953125,5884.5498046875,5933.2001953125,143800,-0.0060862915054287,0.070968280090009,0.0941594629619011
2013-02-15,5887.39990234375,5899.9501953125,5853.89990234375,5869.9501953125,125100,-0.0016208437428339,0.0661994093602435,0.09603133244129876
2013-02-18,5898.2001953125,5911.0,5878.4501953125,5888.64990234375,114300,0.0018327952590558,0.0642786132045561,0.09400660937774859
2013-02-19,5939.7001953125,5947.5498046875,5883.14990234375,5900.2001953125,101000,0.0070114071991698,0.0690457518344152,0.09222249221096193
2013-02-20,5943.0498046875,5971.0,5937.5498046875,5966.2998046875,135400,0.0005637768132327,0.0673212359863343,0.09562834963628061
2013-02-21,5852.25,5921.14990234375,5844.39990234375,5909.64990234375,159400,-0.0153962340615675,0.0836759955126765,0.09338177781637398
2013-02-22,5850.2998046875,5873.7998046875,5835.7998046875,5837.9501953125,157000,-0.0003332940877161,0.0823718596708156,0.1148637627319263
2013-02-25,5854.75,5878.39990234375,5825.0,5870.5498046875,125100,0.0007603889946953,0.0735516333358165,0.11122138034277533
2013-02-26,5761.35009765625,5838.85009765625,5748.60009765625,5838.2998046875,157400,-0.0160814583933148,0.0883181626237918,0.10787284471850858
2013-02-27,5796.89990234375,5818.2001953125,5749.7001953125,5784.89990234375,175200,0.0061514358641312,0.0930233973582328,0.12754747702000424
2013-02-28,5693.0498046875,5849.89990234375,5671.89990234375,5834.35009765625,334900,-0.0180771767218281,0.1075418411247299,0.12617157019396621
2013-03-01,5719.7001953125,5739.4501953125,5679.89990234375,5702.4501953125,174500,0.0046702922723598,0.1106879681471754,0.146738838068859
2013-03-04,5698.5,5712.0,5663.60009765625,5704.7001953125,144900,-0.0037134082975174,0.1100893722927155,0.1426229377362561
2013-03-05,5784.25,5790.10009765625,5722.39990234375,5722.4501953125,154400,0.0149357242920014,0.1255087697853495,0.13820929383029926
2013-03-06,5818.60009765625,5828.7001953125,5795.0498046875,5816.39990234375,156900,0.0059209931562243,0.1274816248713142,0.14925456126358622
2013-03-07,5863.2998046875,5878.0,5801.2998046875,5801.2998046875,134700,0.0076528519439755,0.1309991466023924,0.14589426157860869
2013-03-08,5945.7001953125,5952.85009765625,5883.0,5883.64990234375,150800,0.0139557503597899,0.1400847465648579,0.14447252189615561
2013-03-11,5942.35009765625,5971.2001953125,5930.35009765625,5946.10009765625,125400,-0.0005636075996267,0.1384012677349517,0.1526236761439046
2013-03-12,5914.10009765625,5952.0,5893.64990234375,5944.60009765625,115900,-0.0047653476368216,0.1394659781231381,0.14659577539797083
2013-03-13,5851.2001953125,5893.85009765625,5842.25,5884.7998046875,116700,-0.0106925450363117,0.1434875164156381,0.1425546510942037
2013-03-14,5908.9501953125,5920.14990234375,5791.75,5845.9501953125,149000,0.0098213819198845,0.1477939703881356,0.1454199915715421
2013-03-15,5872.60009765625,5945.64990234375,5861.0,5914.89990234375,152200,-0.0061707011549123,0.1478366629034155,0.14671417634044273
2013-03-18,5835.25,5850.2001953125,5814.35009765625,5816.75,102700,-0.0063803728356968,0.1493261117052962,0.14376539462479593
2013-03-19,5745.9501953125,5863.60009765625,5724.2998046875,5859.5,182300,-0.0154218169171235,0.1577649957129613,0.14124235419320438
2013-03-20,5694.39990234375,5745.2998046875,5682.2998046875,5740.5498046875,187600,-0.0090120741807689,0.1569611880659223,0.15278959291500135
2013-03-21,5658.75,5757.75,5647.9501953125,5705.89990234375,179200,-0.0062801988562355,0.1573381193381785,0.15230176696705705
2013-03-22,5651.35009765625,5691.4501953125,5631.7998046875,5659.7998046875,165300,-0.0013085478175716,0.1499990350233511,0.1490114013138097
2013-03-25,5633.85009765625,5718.39990234375,5624.39990234375,5707.2998046875,150400,-0.0031014095850241,0.1499962513635861,0.14330227204962903
2013-03-26,5641.60009765625,5655.2998046875,5612.0498046875,5613.75,126500,0.0013746681660056,0.1501431452399844,0.13853356832927285
2013-03-28,5682.5498046875,5692.9501953125,5604.85009765625,5647.75,209700,0.0072323107479625,0.1437181344419277,0.13349148584203518
2013-04-01,5704.39990234375,5720.9501953125,5675.89990234375,5697.35009765625,97800,0.0038377484816104,0.1425561103865303,0.13272697399951514
2013-04-02,5748.10009765625,5754.60009765625,5687.14990234375,5701.7001953125,106400,0.0076315926493432,0.1305307724010621,0.12908057160085806
2013-04-03,5672.89990234375,5744.9501953125,5650.10009765625,5740.2001953125,140700,-0.0131689487934703,0.1377084843800504,0.12920104590514747
2013-04-04,5574.75,5644.4501953125,5565.64990234375,5640.64990234375,134600,-0.0174529603255117,0.1495967517796927,0.1381451116131756
2013-04-05,5553.25,5577.2998046875,5534.7001953125,5568.10009765625,137500,-0.0038641313357806,0.138018825241304,0.15470493316221612
2013-04-08,5542.9501953125,5569.2001953125,5537.0498046875,5550.5,97000,-0.0018564567084833,0.1350341724912475,0.14955746052013716
2013-04-09,5495.10009765625,5603.0498046875,5487.0,5568.75,138200,-0.0086700814234531,0.1316546235450088,0.14393840861965473
2013-04-10,5558.7001953125,5569.25,5477.2001953125,5536.25,128600,0.0115074992870453,0.1278800780398502,0.14387962494712733
2013-04-11,5594.0,5610.64990234375,5542.85009765625,5601.64990234375,146800,0.0063302916690643,0.1318426921400456,0.1478535949821273
2013-04-12,5528.5498046875,5544.5,5494.89990234375,5520.7001953125,127300,-0.0117690551038289,0.1352939667223459,0.14495634974748003
2013-04-15,5568.39990234375,5592.85009765625,5500.2998046875,5508.5,142900,0.0071822023187578,0.1369969103191628,0.14921889176250822
2013-04-16,5688.9501953125,5699.25,5555.85009765625,5562.4501953125,142700,0.0214179891762549,0.1547302740980413,0.14701897160977875
2013-04-17,5688.7001953125,5732.14990234375,5669.0,5708.64990234375,154600,-4.394580453027964e-05,0.154006946472235,0.17140468698602507
2013-04-18,5783.10009765625,5794.35009765625,5681.85009765625,5682.7001953125,149900,0.0164581026095847,0.1648549186600535,0.16424463412130558
2013-04-22,5834.39990234375,5844.85009765625,5789.7998046875,5789.85009765625,135100,0.0088315279738689,0.15833995708952,0.17425407372607948
2013-04-23,5836.89990234375,5844.2998046875,5791.5498046875,5843.10009765625,132200,0.0004284013057793,0.1543501992646026,0.17165481673555497
2013-04-25,5916.2998046875,5924.60009765625,5853.2998046875,5856.10009765625,199600,0.0135114032337315,0.1574967234920908,0.1644915548389169
2013-04-26,5871.4501953125,5907.0498046875,5860.5,5899.75,141300,-0.0076095651493532,0.1607045944432088,0.16919195351133132
2013-04-29,5904.10009765625,5918.64990234375,5868.7998046875,5877.60009765625,118900,0.0055453860244868,0.1601590868470246,0.16578321909534707
2013-04-30,5930.2001953125,5962.2998046875,5867.7998046875,5932.60009765625,153200,0.0044109308244235,0.1602998057324829,0.1609236370024596
2013-05-02,5999.35009765625,6019.4501953125,5910.9501953125,5911.39990234375,162400,0.0115931741151038,0.1626589734250841,0.15566555495846734
2013-05-03,5944.0,6000.2998046875,5930.14990234375,5993.5,145800,-0.0092688388885892,0.1676455631429118,0.15839072173513885
2013-05-06,5971.0498046875,5976.5,5928.4501953125,5944.89990234375,110200,0.0045404512111605,0.1666668550161268,0.1576870801885877
2013-05-07,6043.5498046875,6050.5,5982.9501953125,5983.4501953125,136400,0.0120687966905542,0.1609141791568617,0.152724767651019
2013-05-08,6069.2998046875,6083.5498046875,6024.9501953125,6064.14990234375,122300,0.0042516896717678,0.1426604328373999,0.15652474655235626
2013-05-09,6050.14990234375,6084.7001953125,6040.4501953125,6078.35009765625,110000,-0.0031601960062404,0.1421886109398956,0.1514699431050168
2013-05-10,6094.75,6105.2998046875,6045.60009765625,6046.25,111400,0.0073446958820698,0.1409142911374248,0.1461918253468571
2013-05-13,5980.4501953125,6104.9501953125,5972.89990234375,6098.2001953125,107900,-0.0189318962388162,0.1566243436606169,0.14441583906010813
2013-05-14,5995.39990234375,6026.2001953125,5970.0498046875,5989.7001953125,119300,0.0024966436077198,0.1542973968133072,0.1632078163074905
2013-05-15,6146.75,6157.10009765625,6018.85009765625,6018.85009765625,153900,0.0249309946184938,0.1709932219045959,0.1569353041725735
2013-05-16,6169.89990234375,6187.2998046875,6128.25,6128.25,158600,0.0037591276505075,0.160533423108025,0.18825641283819328
2013-05-17,6187.2998046875,6199.9501953125,6146.14990234375,6172.9501953125,147300,0.0028161580707262,0.1605757025420981,0.18093194468031457
2013-05-20,6156.89990234375,6229.4501953125,6146.0498046875,6198.0,122300,-0.004925384313636,0.1523990350414942,0.17369112084845154
2013-05-21,6114.10009765625,6180.25,6102.35009765625,6152.35009765625,130600,-0.0069757930480954,0.1564202162828657,0.1678871994244383
2013-05-22,6094.5,6147.60009765625,6074.4501953125,6127.0498046875,133800,-0.0032108700979154,0.1505132768722137,0.1640045310324065
2013-05-23,5967.0498046875,6081.4501953125,5955.7001953125,6050.39990234375,198900,-0.0211340899206084,0.1692526058480236,0.1579481258211706
2013-05-24,5983.5498046875,6015.2998046875,5936.7998046875,6010.7001953125,161600,0.0027613694749929,0.1693340071101562,0.17927604569085753
2013-05-27,6083.14990234375,6099.89990234375,5975.5498046875,5989.39990234375,115100,0.0165086331982565,0.1723748152852839,0.17211624561333969
2013-05-28,6111.25,6127.64990234375,6055.39990234375,6086.35009765625,139700,0.0046086970443231,0.1695693156288816,0.18107541480171838
2013-05-29,6104.2998046875,6125.0498046875,6069.7998046875,6120.4501953125,120200,-0.0011379260325724,0.1693423715157888,0.1746096800352582
2013-05-30,6124.0498046875,6133.75,6072.14990234375,6072.14990234375,194100,0.0032302015895608,0.1691436412895106,0.1673431061033321
2013-05-31,5985.9501953125,6106.25,5975.5498046875,6098.7001953125,175300,-0.0228085212668509,0.1846314383819269,0.16108561902369825
2013-06-03,5939.2998046875,6011.0,5916.35009765625,5997.35009765625,112100,-0.0078238407731969,0.1837938696814689,0.18588405496234797
2013-06-04,5919.4501953125,5981.60009765625,5910.25,5941.10009765625,114500,-0.0033476762580832,0.1833488877619968,0.18138694352034482
2013-06-05,5923.85009765625,5935.2001953125,5883.7001953125,5908.2998046875,110200,0.0007430196714316,0.177745843559787,0.17431181358438663
2013-06-06,5921.39990234375,5956.5498046875,5869.5,5895.0,114200,-0.000413700909216,0.1767566581205937,0.1670169849074535
2013-06-07,5881.0,5972.7001953125,5871.2998046875,5900.0498046875,118300,-0.0068460754539723,0.1777367674243885,0.16012370707388077
2013-06-10,5878.0,5931.64990234375,5857.39990234375,5907.89990234375,100100,-0.0005102474810933,0.1749560902031062,0.15672391056692028
2013-06-11,5788.7998046875,5868.0498046875,5780.35009765625,5848.75,180900,-0.0152915855176087,0.1708511239328939,0.15044573914412288
2013-06-12,5760.2001953125,5792.89990234375,5738.60009765625,5771.75,140400,-0.0049527522446549,0.1705760438660313,0.16026687593662506
2013-06-13,5699.10009765625,5729.85009765625,5683.10009765625,5709.35009765625,142000,-0.0106639454621049,0.142224633301839,0.15538812019276274
2013-06-14,5808.39990234375,5819.39990234375,5739.39990234375,5748.9501953125,124400,0.0189968440891534,0.1607489194004921,0.1567973706509092
2013-06-17,5850.0498046875,5854.89990234375,5770.25,5820.39990234375,107200,0.0071450459678088,0.1633583060483417,0.17335894087699025
2013-06-18,5813.60009765625,5863.39990234375,5804.2998046875,5841.89990234375,117500,-0.006250157711134,0.1636530625333097,0.16920917615399952
2013-06-19,5822.25,5828.39990234375,5777.89990234375,5805.75,115500,0.0014867678535771,0.1635136124157061,0.16462923898390705
2013-06-20,5655.89990234375,5755.0,5645.64990234375,5754.14990234375,198400,-0.0289875541395142,0.1878369858211865,0.15800865391974037
2013-06-21,5667.64990234375,5686.14990234375,5616.85009765625,5639.89990234375,182400,0.0020753216826701,0.1773870099179803,0.20058164877061332
2013-06-24,5590.25,5640.0,5566.25,5638.0498046875,193500,-0.0137505436288001,0.1804684521107814,0.19199020055816146
2013-06-25,5609.10009765625,5666.25,5570.25,5606.9501953125,196600,0.0033662873814071,0.1676359538149468,0.19392530087637427
2013-06-26,5588.7001953125,5635.25,5579.35009765625,5627.9501953125,160100,-0.0036435593381386,0.1647943257695439,0.1861029972500511
2013-06-27,5682.35009765625,5699.35009765625,5630.9501953125,5647.9501953125,239000,0.0166181598202831,0.1798218248927035,0.1788609397148963
2013-06-28,5842.2001953125,5852.9501953125,5749.5,5749.5,214400,0.0277425749122853,0.2089220943742797,0.18708088821059796
2013-07-01,5898.85009765625,5904.35009765625,5822.2001953125,5834.10009765625,144800,0.0096499615521678,0.1986704431166844,0.21872056359294095
2013-07-02,5857.5498046875,5898.7998046875,5852.2998046875,5885.5,145700,-0.0070260391295866,0.1983288186317482,0.21341697113376557
2013-07-03,5770.89990234375,5815.0,5760.39990234375,5811.9501953125,160500,-0.0149033634474336,0.2042532482936756,0.20635060390048246
2013-07-04,5836.9501953125,5848.2001953125,5786.0498046875,5794.75,151900,0.0113804029650577,0.2088081361676798,0.20844074605038765
2013-07-05,5867.89990234375,5900.4501953125,5858.4501953125,5889.9501953125,123600,0.0052883683094532,0.209839640146967,0.2057432124770919
2013-07-08,5811.5498046875,5833.85009765625,5775.5498046875,5833.14990234375,127600,-0.0096495188239112,0.2111400153685951,0.19808714210819356
2013-07-09,5859.0,5864.9501953125,5834.60009765625,5834.60009765625,110400,0.0081316574749487,0.2132800291516954,0.19438277965392772
2013-07-10,5816.7001953125,5879.35009765625,5802.85009765625,5869.89990234375,117500,-0.0072458163618322,0.2078365271150586,0.18952252600110273
2013-07-11,5935.10009765625,5948.85009765625,5887.9501953125,5894.5,120200,0.020150769372548,0.2178996733502083,0.1842696178867946
2013-07-12,6009.0,6019.0,5951.14990234375,6000.5,127700,0.0123744517784235,0.2164056356509693,0.1985869332592683
2013-07-15,6030.7998046875,6038.2001953125,5980.9501953125,5991.2001953125,116300,0.003621294184999,0.2080496638441984,0.19797692809893544
2013-07-16,5955.25,5966.0498046875,5910.9501953125,5930.7998046875,151200,-0.0126064560825985,0.2128387850560218,0.19001044148976395
2013-07-17,5973.2998046875,5989.7998046875,5926.75,5972.25,191500,0.0030263223541821,0.2113610683023294,0.19054079903458762
2013-07-18,6038.0498046875,6051.10009765625,5974.5498046875,5984.7001953125,171700,0.0107815739827481,0.2139070012203953,0.18279861702903397
2013-07-19,6029.2001953125,6066.85009765625,6020.25,6057.2001953125,163300,-0.0014667154424545,0.1831377751824603,0.18166881829804823
2013-07-22,6031.7998046875,6064.14990234375,6004.25,6009.75,115200,0.0004310769281579,0.1833357762386591,0.17404361698831772
2013-07-23,6077.7998046875,6093.35009765625,6061.2998046875,6064.2998046875,126500,0.0075973149799416,0.1734596034785669,0.166741827955379
2013-07-24,5990.5,6047.25,5962.60009765625,6032.2001953125,151900,-0.01446787515895,0.1848825756753851,0.16351573141347128
2013-07-25,5907.5,5990.64990234375,5896.39990234375,5970.39990234375,237100,-0.0139521510188908,0.1929172319324197,0.16995906309324024
2013-07-26,5886.2001953125,5944.5,5869.5,5937.9501953125,174500,-0.0036120687304303,0.1870908534695409,0.1747130382797041
2013-07-29,5831.64990234375,5886.0,5825.7998046875,5869.9501953125,173400,-0.0093106989063587,0.1647454781129267,0.16815889384671828
2013-07-30,5755.0498046875,5861.2998046875,5747.60009765625,5836.0498046875,181500,-0.0132222661463112,0.166754555773655,0.16661354968562822
2013-07-31,5742.0,5752.10009765625,5675.75,5738.35009765625,235500,-0.0022701145969533,0.1654608466971835,0.17059149030372545
2013-08-01,5727.85009765625,5808.5,5676.85009765625,5776.89990234375,216800,-0.0024673224848824,0.1576703601140735,0.16380166463719129
2013-08-02,5677.89990234375,5761.85009765625,5649.0,5750.0498046875,222500,-0.0087588303528144,0.1541765099779674,0.15748323937730174
2013-08-05,5685.39990234375,5721.0,5661.5,5682.39990234375,197200,0.0013200392875264,0.1526399730245788,0.15626218384053903
2013-08-06,5542.25,5664.89990234375,5521.7998046875,5664.89990234375,216200,-0.0255009126567762,0.1719526540992979,0.15011295638594258
2013-08-07,5519.10009765625,5561.4501953125,5486.85009765625,5549.2998046875,245000,-0.0041857342799807,0.1678182844014276,0.18476887324066574
2013-08-08,5565.64990234375,5577.60009765625,5510.0498046875,5510.0498046875,204900,0.0083989405861191,0.1713634268470709,0.17785319700879124
2013-08-12,5612.39990234375,5644.10009765625,5557.10009765625,5606.7001953125,195700,0.0083646563395525,0.156279869618421,0.1745170969447519
2013-08-13,5699.2998046875,5704.75,5578.89990234375,5600.25,223000,0.015364907874385,0.1601994489487893,0.1714160324261597
2013-08-14,5742.2998046875,5754.5498046875,5690.2001953125,5715.39990234375,223700,0.0075164669130956,0.1626306488051334,0.17839082995998243
2013-08-16,5507.85009765625,5716.60009765625,5496.0498046875,5705.4501953125,248100,-0.0416854278146094,0.2100550334356174,0.1741864727996441
2013-08-19,5414.75,5499.64990234375,5360.64990234375,5497.5498046875,219700,-0.0170476537750192,0.2134162097243774,0.25198162645125094
2013-08-20,5401.4501953125,5417.7998046875,5306.35009765625,5353.4501953125,261100,-0.0024592391320948,0.2061382339377128,0.2524459570809117
2013-08-21,5302.5498046875,5504.10009765625,5268.4501953125,5494.4501953125,255000,-0.0184796721104445,0.2105243685709245,0.24104337731073364
2013-08-22,5408.4501953125,5418.9501953125,5254.0498046875,5282.7998046875,284500,0.0197747813576122,0.2280392170586291,0.2447560510131805
2013-08-23,5471.75,5478.7998046875,5377.7998046875,5428.75,251500,0.0116359106915163,0.2312994942787995,0.25009959979815605
2013-08-26,5476.5,5528.7001953125,5454.4501953125,5499.39990234375,242000,0.0008677186396066,0.2294853145463077,0.2443182505977444
2013-08-27,5287.4501953125,5427.39990234375,5274.25,5426.5,306000,-0.0351300857798711,0.2514195588066055,0.23312923247428088
2013-08-28,5285.0,5317.7001953125,5118.85009765625,5233.4501953125,336000,-0.0004635056795921,0.251918877586124,0.27355445475828977
2013-08-29,5409.0498046875,5428.89990234375,5303.0,5316.5,326500,0.0232008212687357,0.2696705691528641,0.2607741678583068
2013-08-30,5471.7998046875,5493.2998046875,5360.2001953125,5407.4501953125,336400,0.0115341536593745,0.2721446682761265,0.26996106814198634
2013-09-02,5550.75,5564.89990234375,5478.85009765625,5480.25,214200,0.0143254595132372,0.27825059329224,0.2626128013022041
2013-09-03,5341.4501953125,5580.9501953125,5323.75,5574.7001953125,250300,-0.038435865504589,0.3061413462522588,0.25867804091914165
2013-09-04,5448.10009765625,5460.25,5318.89990234375,5358.64990234375,237200,0.0197697537043862,0.3155680794770704,0.3019303335290834
2013-09-05,5592.9501953125,5625.75,5552.7001953125,5553.75,274900,0.026239969011229,0.3303023973578353,0.3012569708658565
2013-09-06,5680.39990234375,5688.60009765625,5566.14990234375,5617.4501953125,253000,0.0155147246223548,0.3220813433553511,0.3106392877012278
2013-09-10,5896.75,5904.85009765625,5738.2001953125,5738.5,275200,0.037379716084918,0.3447553096312185,0.3041223277834464
2013-09-11,5913.14990234375,5924.35009765625,5832.7001953125,5887.25,265000,0.0027773161535761,0.3442268308196159,0.33556287813780916
2013-09-12,5850.7001953125,5932.0,5815.7998046875,5931.14990234375,273000,-0.0106173222477054,0.3466904506255201,0.31975954572471116
2013-09-13,5850.60009765625,5884.2998046875,5822.89990234375,5828.0,190800,-1.7108809063270718e-05,0.3432859603261209,0.30830790004202996
2013-09-16,5840.5498046875,5957.25,5798.14990234375,5930.2998046875,219500,-0.0017192997315773,0.3426511832075639,0.29368282048825073
2013-09-17,5850.2001953125,5857.7998046875,5804.89990234375,5824.2001953125,157900,0.0016509450320878,0.3058437483728377,0.27993600149410486
2013-09-18,5899.4501953125,5916.89990234375,5840.2001953125,5872.75,153600,0.0083832772551382,0.2975496710915396,0.2669129996837784
2013-09-19,6115.5498046875,6142.5,6040.14990234375,6044.14990234375,287200,0.0359755165868896,0.3161115860959755,0.25729553555277546
2013-09-20,6012.10009765625,6130.9501953125,5932.85009765625,6104.5498046875,318600,-0.017060554525648,0.3147671941438389,0.2945539263628633
2013-09-23,5889.75,5989.39990234375,5871.39990234375,5945.7998046875,188300,-0.0205605694545891,0.3233887160558416,0.29109714095044703
2013-09-24,5892.4501953125,5938.39990234375,5854.5498046875,5855.0,187600,0.0004583516346713,0.3224057284067653,0.2925950674884075
2013-09-25,5873.85009765625,5910.5498046875,5811.10009765625,5901.5498046875,200200,-0.0031615907611521,0.3231258708598481,0.2788050547197071
2013-09-26,5882.25,5917.64990234375,5864.10009765625,5872.7998046875,220600,0.0014290289642726,0.2915669194902803,0.2661228775692415
2013-09-27,5833.2001953125,5909.2001953125,5819.2998046875,5905.5498046875,163100,-0.0083735734385677,0.2947310253632619,0.2538127184694424
2013-09-30,5735.2998046875,5810.2001953125,5718.5,5801.0498046875,155700,-0.0169257428065483,0.2957700230377343,0.24503238150283035
2013-10-01,5780.0498046875,5786.4501953125,5700.9501953125,5756.10009765625,159200,0.0077722738414712,0.2946534938413677,0.24602183558570972
2013-10-03,5909.7001953125,5917.60009765625,5802.7001953125,5819.10009765625,199800,0.0221828023826563,0.2998021104563432,0.23733324990237417
2013-10-04,5907.2998046875,5950.4501953125,5885.0,5891.2998046875,191500,-0.0004062605835685,0.2598881306842188,0.24777609855912566
2013-10-07,5906.14990234375,5912.0,5825.85009765625,5889.0498046875,156400,-0.000194676809213,0.2545404660981454,0.23637453717739582
2013-10-08,5928.39990234375,5981.7001953125,5913.0,5975.0,158500,0.0037601812630294,0.2411802625090751,0.2255842364703916
2013-10-09,6007.4501953125,6015.5,5877.10009765625,5893.25,192000,0.0132460525478861,0.2397942233811509,0.2160525451593535
2013-10-10,6020.9501953125,6033.9501953125,5979.7998046875,6001.0498046875,159600,0.0022446884423595,0.2039092656099073,0.2149165371563113
2013-10-11,6096.2001953125,6107.60009765625,6046.39990234375,6104.85009765625,180800,0.0124205716652584,0.2076742908408885,0.20555014428020144
2013-10-14,6112.7001953125,6124.10009765625,6082.89990234375,6093.0,142200,0.0027029477705162,0.2029939091763654,0.20434809738684312
2013-10-15,6089.0498046875,6156.2998046875,6056.5498046875,6147.5498046875,218300,-0.0038765620083412,0.203935828556112,0.19569942619596875
2013-10-17,6045.85009765625,6110.75,6032.5498046875,6098.5,230600,-0.0071199416351777,0.2059920096644385,0.1879734629962579
2013-10-18,6189.35009765625,6201.4501953125,6070.89990234375,6070.89990234375,250300,0.0234579864728275,0.2194139536946263,0.18273045990528647
2013-10-21,6204.9501953125,6218.9501953125,6163.2998046875,6202.0,197000,0.002517303199925,0.218432708823657,0.20466045467017588
2013-10-22,6202.7998046875,6220.10009765625,6181.7998046875,6192.2998046875,161900,-0.0003466205632012,0.1811518588083668,0.19594307304746655
2013-10-23,6178.35009765625,6217.9501953125,6116.60009765625,6209.5498046875,188300,-0.0039495101837741,0.1703500292810046,0.18738808693341158
2013-10-24,6164.35009765625,6252.4501953125,6142.9501953125,6162.7998046875,148900,-0.0022685483374774,0.1515189293476055,0.18020013139193863
2013-10-25,6144.89990234375,6174.75,6125.9501953125,6154.0,144500,-0.0031602593984703,0.1525490018217466,0.17283794587489107
2013-10-28,6101.10009765625,6168.75,6094.10009765625,6155.10009765625,146300,-0.0071533548030015,0.1548592532853575,0.16621210410232817
2013-10-29,6220.89990234375,6228.0498046875,6079.2001953125,6107.5498046875,197300,0.0194454763221783,0.1664471018140585,0.16261566636023272
2013-10-30,6251.7001953125,6269.2001953125,6222.60009765625,6230.7998046875,177600,0.004938882885003,0.1616415134514623,0.17912137326537533
2013-10-31,6299.14990234375,6309.0498046875,6235.89990234375,6237.14990234375,239600,0.0075612301523564,0.1443708726361045,0.17296813933835223
2013-11-01,6307.2001953125,6332.60009765625,6286.9501953125,6289.75,191600,0.0012771807859823,0.144249563218014,0.16921927305547127
2013-11-05,6253.14990234375,6304.75,6244.2998046875,6282.14990234375,181100,-0.0086065477770176,0.1348963765140441,0.1622894776315932
2013-11-06,6215.14990234375,6269.7001953125,6208.7001953125,6260.5498046875,157100,-0.0060954770501485,0.1379468940546867,0.16047033026681734
2013-11-07,6187.25,6288.9501953125,6180.7998046875,6228.89990234375,168800,-0.0044991210775516,0.1397683996830315,0.15640775051282552
2013-11-08,6140.75,6185.14990234375,6120.9501953125,6170.14990234375,150100,-0.0075438385016386,0.1436250793223404,0.1515075006268407
2013-11-11,6078.7998046875,6141.64990234375,6067.75,6110.39990234375,146100,-0.0101396085892961,0.1427315248047148,0.14948245205563712
2013-11-12,6018.0498046875,6108.7001953125,6011.75,6087.25,153800,-0.0100440218202068,0.1471849908092004,0.1507867269576161
2013-11-13,5989.60009765625,6042.25,5972.4501953125,5998.85009765625,162500,-0.004738605888357,0.1407691492133005,0.15182397185127808
2013-11-14,6056.14990234375,6101.64990234375,6036.64990234375,6037.0,154900,0.0110496202889337,0.1462777384878725,0.14739317646307337
2013-11-18,6189.0,6196.7998046875,6110.39990234375,6111.0498046875,164000,0.0216992542296499,0.1644184065968039,0.1502412748941716
2013-11-19,6203.35009765625,6212.39990234375,6180.2001953125,6197.25,161500,0.0023159616952837,0.1619397341477243,0.17462211291525773
2013-11-20,6122.89990234375,6204.35009765625,6106.9501953125,6186.85009765625,155800,-0.0130536599028687,0.1475293919471429,0.16760403063217416
2013-11-21,5999.0498046875,6097.35009765625,5985.39990234375,6096.5,137200,-0.0204347337482019,0.1622750341733605,0.17119969386835227
2013-11-22,5995.4501953125,6049.60009765625,5972.7998046875,6027.35009765625,134800,-0.0006002100100985,0.1622525938867851,0.18836155181665276
2013-11-25,6115.35009765625,6123.5,6035.9501953125,6035.9501953125,127200,0.0198011389830689,0.1780455030878195,0.1802486606134594
2013-11-26,6059.10009765625,6112.7001953125,6047.75,6099.25,150700,-0.0092407294568061,0.1805446398968014,0.19449249464990087
2013-11-27,6057.10009765625,6074.0,6030.2998046875,6062.7001953125,124900,-0.0003301365091241,0.1803485009289595,0.19066354906573577
2013-11-28,6091.85009765625,6112.9501953125,6068.2998046875,6092.0,195300,0.0057206744962599,0.1800446255443382,0.1824058681463506
2013-11-29,6176.10009765625,6182.5,6103.7998046875,6103.89990234375,190700,0.0137351918084584,0.1732015318195083,0.17652380593518185
2013-12-02,6217.85009765625,6228.7001953125,6171.14990234375,6171.14990234375,145900,0.0067371834257967,0.1740028454800788,0.18015073056319728
2013-12-03,6201.85009765625,6225.39990234375,6191.39990234375,6204.25,156900,-0.0025765531534391,0.171792181633156,0.17516431367039415
2013-12-04,6160.9501953125,6209.14990234375,6149.89990234375,6187.9501953125,186200,-0.0066166322500209,0.1727969302814947,0.16819167164867946
2013-12-05,6241.10009765625,6300.5498046875,6232.0,6262.4501953125,186100,0.0129254464085124,0.1770833827244585,0.16398073499065668
2013-12-06,6259.89990234375,6275.35009765625,6230.75,6234.39990234375,158500,0.0030077303991856,0.1759991708083146,0.16779947575678153
2013-12-09,6363.89990234375,6415.25,6345.0,6415.0,198300,0.0164771866757003,0.1835672508958039,0.16142535964705043
2013-12-10,6332.85009765625,6362.25,6307.5498046875,6354.7001953125,242400,-0.0048909944016872,0.1821742385768151,0.17189738575109556
2013-12-11,6307.89990234375,6326.60009765625,6280.25,6307.2001953125,148200,-0.0039475866089139,0.1784278278728296,0.1661917831287065
2013-12-12,6237.0498046875,6286.85009765625,6230.5498046875,6276.75,148500,-0.0112955177366791,0.1795204993286147,0.1603360246484243
2013-12-13,6168.39990234375,6208.60009765625,6161.39990234375,6201.2998046875,169700,-0.011067813701985,0.183672487489656,0.16211068594452616
2013-12-16,6154.7001953125,6183.25,6146.0498046875,6168.35009765625,146500,-0.0022234198483338,0.1806164194154224,0.1633764428780771
2013-12-17,6139.0498046875,6190.5498046875,6133.0,6178.2001953125,154200,-0.0025460740749504,0.1639759066134926,0.15700934508082534
2013-12-18,6217.14990234375,6236.0,6129.9501953125,6129.9501953125,243300,0.0126416114348326,0.169913400666,0.15113701954478836
2013-12-19,6166.64990234375,6263.75,6150.7001953125,6253.89990234375,437000,-0.0081558618075907,0.1659343941051866,0.15606076158168472
2013-12-20,6274.25,6284.5,6170.35009765625,6179.9501953125,172000,0.0172982310885611,0.1576907320232008,0.15429220100986513
2013-12-23,6284.5,6317.5,6266.9501953125,6267.2001953125,131200,0.0016323284205711,0.1573920169820447,0.16758605274822846
2013-12-24,6268.39990234375,6301.5,6262.0,6296.4501953125,107600,-0.0025651612949664,0.1444938893002042,0.16081856116282517
2013-12-26,6278.89990234375,6302.75,6259.4501953125,6270.10009765625,182300,0.0016736672613967,0.139436809038325,0.15471612170570798
2013-12-27,6313.7998046875,6324.89990234375,6289.39990234375,6292.7998046875,96900,0.0055428927092751,0.1398447037345665,0.14873361278715494
2013-12-30,6291.10009765625,6344.0498046875,6273.14990234375,6336.39990234375,101300,-0.0036017313499322,0.140427311092922,0.1451072042407955
2013-12-31,6304.0,6317.2998046875,6287.2998046875,6307.35009765625,103400,0.0020484008470497,0.1332855794652523,0.14046415816790886
2014-01-02,6221.14990234375,6358.2998046875,6211.2998046875,6301.25,158100,-0.0132295911317224,0.1401796345313226,0.13547481525887808
2014-01-03,6211.14990234375,6221.7001953125,6171.25,6194.5498046875,139000,-0.0016087131606754,0.139993261610391,0.1435813043741321
2014-01-06,6191.4501953125,6224.7001953125,6170.25,6220.85009765625,118300,-0.0031767086647526,0.1384209343393629,0.13827346485340464
2014-01-07,6162.25,6221.5,6144.75,6203.89990234375,138600,-0.0047273690038389,0.1313565034805789,0.13387780321949566
2014-01-08,6174.60009765625,6192.10009765625,6160.35009765625,6178.0498046875,146900,0.0020021483091771,0.1310538244018552,0.13074798595474316
2014-01-09,6168.35009765625,6188.0498046875,6148.25,6181.7001953125,150100,-0.0010127239331396,0.115306821688723,0.12637748733745693
2014-01-10,6171.4501953125,6239.10009765625,6139.60009765625,6178.85009765625,159900,0.0005024550880677,0.1148127646773532,0.12204847100367805
2014-01-13,6272.75,6288.2001953125,6189.5498046875,6189.5498046875,135000,0.016281004922037,0.1292543105244482,0.11793788017032361
2014-01-14,6241.85009765625,6280.35009765625,6234.14990234375,6260.25,110200,-0.004938226534857,0.1241962297175171,0.1358386091379891
2014-01-15,6320.89990234375,6325.2001953125,6265.2998046875,6265.9501953125,145900,0.0125849591878064,0.1245766506189046,0.1327183716825841
2014-01-16,6318.89990234375,6346.5,6299.85009765625,6341.35009765625,153400,-0.0003164607110232,0.1240977282420454,0.14002489703801996
2014-01-17,6261.64990234375,6327.10009765625,6246.35009765625,6306.25,167700,-0.0091014138624697,0.1286220384103416,0.13475234672500505
2014-01-20,6303.9501953125,6307.4501953125,6243.35009765625,6261.75,122100,0.0067327389744132,0.1233711204785983,0.13619125210619448
2014-01-21,6313.7998046875,6330.2998046875,6297.89990234375,6320.14990234375,141700,0.0015612310238598,0.1191414820871464,0.13464930350028007
2014-01-22,6338.9501953125,6349.9501953125,6287.4501953125,6309.0498046875,137500,0.0039754873445066,0.1043746183080549,0.129898113746024
2014-01-23,6345.64990234375,6355.60009765625,6316.39990234375,6325.9501953125,120100,0.0010563529953923,0.1043141420091425,0.12654387601330322
2014-01-24,6266.75,6331.4501953125,6263.89990234375,6301.64990234375,160300,-0.012511644446641,0.113257091448492,0.12221155011519073
2014-01-27,6135.85009765625,6188.5498046875,6130.25,6186.2998046875,190400,-0.0211092451629749,0.1344909045811868,0.13096479200629604
2014-01-28,6126.25,6163.60009765625,6085.9501953125,6131.85009765625,184100,-0.001565816547123,0.1323051903385808,0.1583740716294944
2014-01-29,6120.25,6170.4501953125,6109.7998046875,6161.0,146700,-0.000979871878508,0.132075954879078,0.15214521190928562
2014-01-30,6073.7001953125,6082.85009765625,6027.25,6067.0,208100,-0.0076349386484663,0.133227166120609,0.14619129358246494
2014-01-31,6089.5,6097.85009765625,6067.35009765625,6082.75,146700,0.0025979698303823,0.1272233798017658,0.14472385423811804
2014-02-03,6001.7998046875,6074.85009765625,5994.4501953125,6058.7998046875,134900,-0.0145065848502963,0.1355502856049071,0.13965037753454793
2014-02-04,6000.89990234375,6017.7998046875,5933.2998046875,5947.60009765625,183300,-0.0001499499891527,0.1355213886363781,0.14959644067875372
2014-02-05,6022.39990234375,6028.0498046875,5962.0498046875,6004.25,166600,0.0035763930477856,0.1360725592474999,0.14373080040462477
2014-02-06,6036.2998046875,6048.35009765625,5965.39990234375,6028.35009765625,185500,0.0023053743500808,0.1361634929733298,0.13916766132759004
2014-02-07,6063.2001953125,6079.9501953125,6030.89990234375,6077.64990234375,181900,0.0044465366250114,0.1375035165107522,0.13434720824677113
2014-02-10,6053.4501953125,6083.0498046875,6046.39990234375,6072.7998046875,133100,-0.0016093560167322,0.1374424346602459,0.130980203499366
2014-02-11,6062.7001953125,6081.85009765625,6053.25,6072.4501953125,150500,0.0015268879138819,0.1229125289932449,0.12647932470277098
2014-02-12,6084.0,6106.60009765625,6077.39990234375,6085.35009765625,138500,0.0035070967714394,0.1235215795248881,0.12225326030216
2014-02-13,6001.10009765625,6094.39990234375,5991.10009765625,6087.5498046875,153700,-0.0137195723661018,0.1200414567315044,0.11917073564937347
2014-02-14,6048.35009765625,6056.39990234375,5984.60009765625,6023.75,140200,0.0078427216881646,0.1251083062973623,0.1309174809015568
2014-02-18,6127.10009765625,6141.7001953125,6066.7998046875,6071.2998046875,126600,0.0129360470308722,0.1325997339256308,0.1311143915987345
2014-02-19,6152.75,6160.35009765625,6125.75,6132.0498046875,95200,0.0041775655962216,0.1309996496695325,0.1393156973269564
2014-02-20,6091.4501953125,6129.10009765625,6086.4501953125,6127.14990234375,132100,-0.0100129556630914,0.1340742260209385,0.13540824784034455
2014-02-21,6155.4501953125,6159.64990234375,6108.0,6108.2998046875,112600,0.0104517193024489,0.1393076448457111,0.13807770861096982
2014-02-24,6186.10009765625,6191.85009765625,6130.7998046875,6140.9501953125,144900,0.0049669554681356,0.1408264331375286,0.14109776406483093
2014-02-25,6200.0498046875,6216.85009765625,6176.60009765625,6205.7001953125,146300,0.002252469579198,0.1350702063323973,0.13760270468222413
2014-02-26,6238.7998046875,6245.9501953125,6202.10009765625,6202.4501953125,181700,0.006230499856538,0.1141100444592628,0.13286574604025148
2014-02-28,6276.9501953125,6282.7001953125,6228.10009765625,6228.4501953125,180600,0.006096399941408,0.115196723582764,0.13110802864200394
2014-03-03,6221.4501953125,6277.75,6212.25,6264.35009765625,144600,-0.0088811948832916,0.1201872600325957,0.12937013539448478
2014-03-04,6297.9501953125,6302.14990234375,6215.7001953125,6216.75,166800,0.012221184683582,0.12233179232838,0.13108698630484206
2014-03-05,6328.64990234375,6336.25,6287.7998046875,6328.4501953125,160300,0.0048627132066446,0.1227858016142147,0.13796163328158942
2014-03-06,6401.14990234375,6406.60009765625,6339.7001953125,6344.75,180700,0.0113907186299378,0.1116249006500319,0.134623966105538
2014-03-07,6526.64990234375,6537.7998046875,6413.5498046875,6413.9501953125,284900,0.0194161333744402,0.1243690765234309,0.1395683526261388
2014-03-10,6537.25,6562.2001953125,6487.35009765625,6491.7001953125,242100,0.0016228078999031,0.1246366027097198,0.1605469757715847
2014-03-11,6511.89990234375,6562.85009765625,6494.25,6537.35009765625,239000,-0.0038853304216658,0.1274516487632839,0.1541990197781684
2014-03-12,6516.89990234375,6546.14990234375,6487.2998046875,6497.5,175000,0.0007675304433891,0.1277846640146476,0.14909646990900433
2014-03-13,6493.10009765625,6561.4501953125,6476.64990234375,6491.75,167900,-0.0036586981147299,0.1289956969723678,0.14330172800858174
2014-03-14,6504.2001953125,6518.4501953125,6432.7001953125,6447.25,177300,0.0017080624598547,0.128965157847981,0.1388117460850078
2014-03-18,6516.64990234375,6574.9501953125,6497.64990234375,6532.4501953125,179300,0.0019122731206803,0.1290585545899059,0.1338308434148913
2014-03-19,6524.0498046875,6541.2001953125,6506.0,6530.0,172500,0.0011348935723144,0.1137704820730831,0.12922930392816764
2014-03-20,6483.10009765625,6523.64990234375,6473.25,6508.35009765625,142000,-0.0062965127072204,0.1181776218372771,0.12473616253587173
2014-03-21,6493.2001953125,6522.89990234375,6485.7001953125,6515.2001953125,189900,0.0015566994394178,0.112951950925256,0.1237586091372395
2014-03-24,6583.5,6591.5,6510.5,6510.5,158400,0.0138110132801641,0.1192269290134098,0.11972165792950208
2014-03-25,6589.75,6595.5498046875,6544.85009765625,6550.10009765625,168100,0.0009488927134847,0.1095487557715508,0.13156678542614267
2014-03-26,6601.39990234375,6627.4501953125,6580.60009765625,6615.64990234375,186600,0.0017663214289679,0.1069489875023373,0.12689109441987828
2014-03-27,6641.75,6673.9501953125,6599.5,6613.10009765625,312400,0.0060937500241843,0.1072370501756992,0.12270370311598906
2014-03-28,6695.89990234375,6702.60009765625,6643.7998046875,6673.0498046875,184800,0.0081199012211458,0.1083768981150284,0.12169944361145382
2014-03-31,6704.2001953125,6730.0498046875,6662.39990234375,6723.14990234375,220600,0.001238840601162,0.1082666932502783,0.12320748356475072
2014-04-01,6721.0498046875,6732.25,6675.4501953125,6729.5,177800,0.0025101384662722,0.1078641723812281,0.11913102530743559
2014-04-02,6752.5498046875,6763.5,6723.60009765625,6757.60009765625,173300,0.0046758191284211,0.0984577951273194,0.11575138790278831
2014-04-03,6736.10009765625,6776.75,6696.89990234375,6772.0498046875,197500,-0.0024390454649215,0.0959121847697685,0.11402289703324744
2014-04-04,6694.35009765625,6741.85009765625,6685.14990234375,6741.85009765625,155100,-0.0062172352939061,0.1010387705544546,0.11097865768546056
2014-04-07,6695.0498046875,6725.14990234375,6650.39990234375,6694.25,133900,0.0001045165633993,0.0962213212319602,0.1112162426659379
2014-04-09,6796.2001953125,6808.7001953125,6705.10009765625,6722.0,169800,0.0149952429886004,0.0869950589693078,0.10781410349267266
2014-04-10,6796.39990234375,6819.0498046875,6777.2998046875,6803.0498046875,191100,2.9384669574600685e-05,0.0872400617602709,0.12475725589530806
2014-04-11,6776.2998046875,6789.35009765625,6743.14990234375,6758.35009765625,140700,-0.0029618444059262,0.0865306953459794,0.12044735976021843
2014-04-15,6733.10009765625,6813.39990234375,6711.75,6792.7001953125,123200,-0.0063955252775563,0.0911418375348014,0.11719096928066329
2014-04-16,6675.2998046875,6748.64990234375,6665.14990234375,6727.25,119800,-0.0086215583395539,0.0961994428890927,0.11702349347101698
2014-04-17,6779.39990234375,6783.0498046875,6684.39990234375,6695.4501953125,131500,0.0154744702186573,0.1079994636091359,0.11977031555725634
2014-04-21,6817.64990234375,6825.4501953125,6786.89990234375,6789.25,111800,0.0056262353154806,0.1087367906509303,0.13535063814780665
2014-04-22,6815.35009765625,6838.0,6806.25,6822.89990234375,114700,-0.0003373879130515,0.1090292196117754,0.13283016803817652
2014-04-23,6840.7998046875,6861.60009765625,6820.75,6823.25,183000,0.0037272198497921,0.1047719283893236,0.12801050951489187
2014-04-25,6782.75,6869.85009765625,6772.85009765625,6855.7998046875,154300,-0.0085220308717785,0.1115808854718272,0.12463842618981753
2014-04-28,6761.25,6786.25,6750.2998046875,6778.5498046875,118200,-0.0031748402332101,0.1043554630950683,0.1263756489068134
2014-04-29,6715.25,6779.7001953125,6708.64990234375,6769.0,115500,-0.0068267248394148,0.1080658912439378,0.1228053961002903
2014-04-30,6696.39990234375,6780.14990234375,6656.7998046875,6724.9501953125,161100,-0.0028110053879877,0.1087636989787336,0.12258705422433262
2014-05-02,6694.7998046875,6737.64990234375,6689.5,6709.9501953125,114300,-0.0002389774925132,0.1069901623908822,0.11910161412312244
2014-05-05,6699.35009765625,6741.0498046875,6680.4501953125,6681.64990234375,105000,0.0006794448586849,0.1032461815896075,0.11516927593248107
2014-05-06,6715.2998046875,6743.4501953125,6701.89990234375,6719.25,88300,0.0023779546485698,0.1034901085953398,0.11153840697109876
2014-05-07,6652.5498046875,6718.75,6642.89990234375,6708.60009765625,114100,-0.00938826553698,0.108074265956351,0.10864823707844215
2014-05-08,6659.85009765625,6688.39990234375,6638.5498046875,6669.89990234375,101600,0.0010967659857117,0.1066210253575813,0.11367663795687698
2014-05-09,6858.7998046875,6871.35009765625,6652.14990234375,6654.14990234375,166400,0.0294354944067975,0.148759784752727,0.11021675018024535
2014-05-12,7014.25,7020.0498046875,6862.89990234375,6863.39990234375,157700,0.022411323236137,0.163887477583938,0.17088095133824774
2014-05-13,7108.75,7172.35009765625,7067.14990234375,7080.0,232200,0.0133826255563677,0.168124925947572,0.19266338407262146
2014-05-14,7108.75,7142.25,7080.89990234375,7112.0,177200,0.0,0.1624092853363549,0.19399978492944597
2014-05-15,7123.14990234375,7152.5498046875,7082.5498046875,7111.2998046875,186800,0.0020236099686651,0.1622293957478385,0.18554760622322228
2014-05-16,7203.0,7563.5,7130.64990234375,7270.2001953125,393200,0.0111475762996884,0.163887574783847,0.177810547254638
2014-05-19,7263.5498046875,7291.10009765625,7193.5498046875,7276.85009765625,316200,0.0083710572442195,0.1612878819233735,0.17760854544103932
2014-05-20,7275.5,7353.64990234375,7247.7001953125,7309.9501953125,255300,0.0016438760667509,0.155286440054803,0.17426455517645217
2014-05-21,7252.89990234375,7287.14990234375,7206.7001953125,7274.85009765625,203100,-0.0031111637947278,0.1514319282544399,0.16710452117501637
2014-05-22,7276.39990234375,7319.5498046875,7258.14990234375,7289.9501953125,240900,0.0032348455614986,0.1511785009795367,0.16081378204226196
2014-05-23,7367.10009765625,7381.0,7293.89990234375,7306.5,259600,0.0123879339257308,0.1539335023279709,0.15496896536969826
2014-05-26,7359.0498046875,7504.0,7269.0498046875,7428.75,273200,-0.0010933331283551,0.1548286731282722,0.15900739631361244
2014-05-27,7318.0,7372.9501953125,7274.75,7363.10009765625,168600,-0.0055937551853276,0.1522804791859877,0.15265583306717742
2014-05-28,7329.64990234375,7344.75,7302.60009765625,7324.9501953125,175600,0.0015906858612653,0.1504866811417136,0.14877709562429547
2014-05-29,7235.64990234375,7325.39990234375,7224.39990234375,7316.60009765625,241100,-0.0129075688563909,0.1572421205782023,0.14314101479672325
2014-05-30,7229.9501953125,7272.5,7118.4501953125,7254.85009765625,312200,-0.0007880360700878,0.156363999678721,0.14956824107445688
2014-06-02,7362.5,7368.60009765625,7239.5,7264.0498046875,169900,0.0181674014459035,0.1634353219802959,0.1437470287740942
2014-06-03,7415.85009765625,7424.9501953125,7342.14990234375,7375.35009765625,234700,0.0072200657126577,0.1630652676160867,0.16087559938506998
2014-06-04,7402.25,7433.2998046875,7391.35009765625,7417.5498046875,204600,-0.0018356066412509,0.1645132173583568,0.15775977305458733
2014-06-05,7474.10009765625,7484.7001953125,7360.5,7399.75,250700,0.0096597157069769,0.1571172386788149,0.15163020727903317
2014-06-06,7583.39990234375,7592.7001953125,7497.64990234375,7521.5,248400,0.0145179112652755,0.159194617901145,0.15207032657460703
2014-06-09,7654.60009765625,7673.7001953125,7580.25,7621.64990234375,231900,0.0093451520517447,0.1357008340000605,0.16017449581996276
2014-06-10,7656.39990234375,7683.2001953125,7579.2998046875,7679.0498046875,188700,0.000235099561856,0.1212972721363575,0.15939643448631505
2014-06-11,7626.85009765625,7700.0498046875,7589.0498046875,7672.39990234375,186200,-0.0038669578145882,0.1194970946996291,0.15294512346445185
2014-06-12,7649.89990234375,7658.0,7593.7998046875,7641.2998046875,148200,0.0030176342715146,0.1188868611500206,0.1479163420588327
2014-06-13,7542.10009765625,7678.5,7525.35009765625,7668.2001953125,174500,-0.0141918923130048,0.1337538391707797,0.14280676771096593
2014-06-16,7533.5498046875,7548.60009765625,7487.5498046875,7534.7998046875,155400,-0.0011343184460937,0.1307375764865045,0.15165242838262152
2014-06-17,7631.7001953125,7637.60009765625,7509.25,7525.0498046875,158000,0.012944298456771,0.1343941285168209,0.14575142546710493
2014-06-18,7558.2001953125,7663.0,7515.5,7636.0498046875,165100,-0.00967755834425,0.1407216660139725,0.15189064263260912
2014-06-19,7540.7001953125,7606.4501953125,7502.5498046875,7580.0498046875,148900,-0.0023180506372521,0.1403982685370745,0.15232795617106126
2014-06-20,7511.4501953125,7560.5498046875,7497.2998046875,7543.2998046875,124100,-0.0038864927679996,0.1416765970656081,0.1466719305835125
2014-06-23,7493.35009765625,7534.7998046875,7441.60009765625,7514.0,127400,-0.0024125754534784,0.1365474548181237,0.14207739064509212
2014-06-24,7580.2001953125,7593.35009765625,7515.2001953125,7515.2001953125,137000,0.0115236367100271,0.1412465134006679,0.13710629683019795
2014-06-25,7569.25,7589.25,7557.0498046875,7588.5498046875,115000,-0.0014456230527611,0.1393733996567872,0.1419527918141719
2014-06-26,7493.2001953125,7570.2001953125,7481.2998046875,7554.10009765625,171700,-0.0100980185737845,0.1451530186961817,0.13671011538767577
2014-06-27,7508.7998046875,7538.75,7482.2998046875,7514.2001953125,126700,0.0020796713768032,0.1359889945394727,0.1393566836411023
2014-06-30,7611.35009765625,7623.64990234375,7531.60009765625,7534.0498046875,152300,0.0135649270841934,0.141569213047328,0.13444844004221876
2014-07-01,7634.7001953125,7649.5,7618.14990234375,7629.0,139400,0.0030631036189189,0.1296004564442415,0.14335233946116696
2014-07-02,7725.14990234375,7732.39990234375,7677.2998046875,7683.0498046875,136300,0.0117775566796989,0.1329518553184005,0.13856283090924365
2014-07-03,7714.7998046875,7754.64990234375,7706.7998046875,7734.35009765625,133800,-0.0013406907927755,0.1327854434667494,0.14364668741939138
2014-07-04,7751.60009765625,7758.0,7661.2998046875,7718.10009765625,113100,0.0047587496312579,0.1302705457437967,0.13827610868278659
2014-07-07,7787.14990234375,7792.0,7755.10009765625,7780.39990234375,173900,0.0045756404744881,0.1222871539875811,0.13483876805387135
2014-07-08,7623.2001953125,7808.85009765625,7595.89990234375,7804.0498046875,180600,-0.0212786720700075,0.141316853759132,0.1315261785487996
2014-07-09,7585.0,7650.10009765625,7551.64990234375,7637.9501953125,168300,-0.0050236418721478,0.1422856653384964,0.1592566636203504
2014-07-10,7567.75,7731.0498046875,7479.0498046875,7589.5,258400,-0.0022768154231857,0.1419100991076426,0.15449482508465193
2014-07-11,7459.60009765625,7625.85009765625,7447.2001953125,7584.10009765625,187600,-0.0143939908108035,0.1492978881399558,0.14869033046603058
2014-07-14,7454.14990234375,7478.4501953125,7422.14990234375,7469.0,135200,-0.0007308953891714,0.141622805450241,0.15705054112311143
2014-07-15,7526.64990234375,7534.89990234375,7459.14990234375,7491.2998046875,122100,0.0096791315499086,0.1459564793423726,0.1507714773055205
2014-07-16,7624.39990234375,7640.10009765625,7532.4501953125,7564.14990234375,168000,0.0129035753371523,0.1459108812004901,0.15132321660646395
2014-07-17,7640.4501953125,7655.64990234375,7612.7001953125,7612.7001953125,141600,0.0021029094659831,0.1417600512121802,0.156662323485643
2014-07-18,7663.89990234375,7685.0,7595.5,7630.25,134600,0.0030644522939827,0.1416306510838573,0.15067145601598703
2014-07-21,7684.2001953125,7722.10009765625,7674.0,7701.64990234375,105400,0.0026453182709969,0.1407283481237189,0.14540316490814234
2014-07-22,7767.85009765625,7773.85009765625,7704.7998046875,7708.2001953125,120100,0.0108271352893742,0.1440200138827822,0.14030395202102153
2014-07-23,7795.75,7809.2001953125,7752.89990234375,7794.89990234375,122100,0.0035852800193615,0.139769211775899,0.14363779157807344
2014-07-24,7830.60009765625,7835.64990234375,7771.64990234375,7796.25,117600,0.0044604344864124,0.1397860299563011,0.13908566036119202
2014-07-25,7790.4501953125,7840.9501953125,7748.60009765625,7828.2001953125,153900,-0.0051404982383654,0.1355417911172174,0.13537992100184035
2014-07-28,7748.7001953125,7799.89990234375,7722.64990234375,7792.89990234375,116500,-0.0053735370867808,0.1378242178752601,0.13245267826145468
2014-07-30,7791.39990234375,7798.7001953125,7707.60009765625,7746.2001953125,178100,0.0054954362228235,0.1316169020825706,0.12994761454442538
2014-07-31,7721.2998046875,7791.85009765625,7711.14990234375,7784.64990234375,208900,-0.0090378304410446,0.1359618698722425,0.12775093539915525
2014-08-01,7602.60009765625,7716.7001953125,7593.89990234375,7662.5,181100,-0.0154924114512466,0.1403031165789924,0.1298677374660121
2014-08-04,7683.64990234375,7694.7998046875,7622.0498046875,7639.5498046875,137000,0.0106043750702756,0.1456805611560019,0.14354865830799338
2014-08-05,7746.5498046875,7752.4501953125,7638.0498046875,7706.64990234375,128200,0.0081528757822249,0.1475959716577275,0.146168123900863
2014-08-06,7672.0498046875,7740.9501953125,7658.9501953125,7726.14990234375,116400,-0.0096637284407389,0.1502153902448256,0.14528126101823396
2014-08-07,7649.25,7708.9501953125,7630.39990234375,7651.14990234375,116800,-0.0029762254910542,0.1307565905470994,0.14637495284771004
2014-08-08,7568.5498046875,7592.4501953125,7540.10009765625,7588.7001953125,118400,-0.0106061260948779,0.1349104407137994,0.14134806208380402
2014-08-11,7625.9501953125,7635.5498046875,7598.60009765625,7619.85009765625,107000,0.0075554527865405,0.1371947224227788,0.14422220370030397
2014-08-12,7727.0498046875,7735.75,7654.7998046875,7688.7998046875,120600,0.0131702039624014,0.1329965465475218,0.14284294355615793
2014-08-13,7739.5498046875,7757.10009765625,7695.7001953125,7717.2998046875,154100,0.001616386670279,0.1327092464363656,0.14978063565633626
2014-08-14,7791.7001953125,7796.7001953125,7739.10009765625,7756.14990234375,127300,0.0067155684981506,0.1308736041394033,0.14408835552661248
2014-08-18,7874.25,7880.5,7779.2001953125,7785.25,126700,0.0105388524419296,0.1285467814566852,0.14185685814500057
2014-08-19,7897.5,7918.5498046875,7881.14990234375,7901.0,140600,0.0029483116130798,0.1286271388188667,0.14457146712703206
2014-08-20,7875.2998046875,7922.7001953125,7864.0498046875,7915.7998046875,117300,-0.0028149992705591,0.129379981640194,0.13965065352153938
2014-08-21,7891.10009765625,7919.64990234375,7855.9501953125,7875.35009765625,115200,0.0020043000756105,0.1293147697304754,0.13499722650778923
2014-08-22,7913.2001953125,7929.0498046875,7900.0498046875,7904.5498046875,104100,0.0027967213545059,0.124744322797007,0.1303480103585672
2014-08-25,7906.2998046875,7968.25,7897.9501953125,7931.75,118500,-0.0008723905385931,0.1244830017527718,0.12631407563767538
2014-08-26,7904.75,7915.4501953125,7862.4501953125,7874.5,142800,-0.0001960407071773,0.1237396123696446,0.12196696231576479
2014-08-27,7936.0498046875,7946.85009765625,7916.5498046875,7933.89990234375,120000,0.0039518011472649,0.1225678524558509,0.11784312280033879
2014-08-28,7954.35009765625,7967.7998046875,7939.2001953125,7942.25,189700,0.0023033153566769,0.1204987878264279,0.11538656571126106
2014-09-01,8027.7001953125,8035.0,7984.0,7990.35009765625,139300,0.0091791242460611,0.1227890064586101,0.11218468921023732
2014-09-02,8083.0498046875,8101.9501953125,8036.5498046875,8038.60009765625,134900,0.0068711670335596,0.1179855136207821,0.11639397662815076
2014-09-03,8114.60009765625,8141.89990234375,8092.25,8110.85009765625,150700,0.0038956679592612,0.0989788924260964,0.11685862968081656
2014-09-04,8095.9501953125,8114.7998046875,8060.89990234375,8114.2001953125,141300,-0.0023009595892866,0.0967265088032629,0.11443985306273918
2014-09-05,8086.85009765625,8122.7001953125,8049.85009765625,8099.89990234375,126000,-0.0011246630312066,0.0952087878073399,0.11130502473778539
2014-09-08,8173.89990234375,8180.2001953125,8126.14990234375,8132.9501953125,120700,0.0107068414772985,0.0896245093653753,0.10801591416885924
2014-09-09,8152.9501953125,8174.5498046875,8126.5,8161.89990234375,104700,-0.0025662903013833,0.0892897217585942,0.11550909180387994
2014-09-10,8094.10009765625,8135.75,8082.10009765625,8135.5498046875,107100,-0.0072444356329281,0.0833817317002605,0.11241534983246204
2014-09-11,8085.7001953125,8127.9501953125,8057.2998046875,8115.14990234375,122800,-0.0010383197500981,0.0830351539362203,0.11376474584194615
2014-09-12,8105.5,8114.2998046875,8071.60009765625,8087.0498046875,111400,0.0024457500763813,0.0739530086062255,0.11028716194673496
2014-09-15,8042.0,8077.2998046875,8030.0,8070.35009765625,96500,-0.0078650351244085,0.081887988478325,0.10752042851836754
2014-09-16,7932.89990234375,8044.89990234375,7925.14990234375,8036.60009765625,128000,-0.0136591521166137,0.0957934895882787,0.11028670069141498
2014-09-17,7975.5,7990.64990234375,7936.9501953125,7971.5,123700,0.0053556862718972,0.0907410578379089,0.12355412169357237
2014-09-18,8114.75,8120.85009765625,7939.7001953125,7950.64990234375,116900,0.0173090507143806,0.1074965188991309,0.12176367975477656
2014-09-19,8121.4501953125,8160.89990234375,8105.35009765625,8129.39990234375,161300,0.0008253403644006,0.1064788336485591,0.14137988885832042
2014-09-22,8146.2998046875,8159.89990234375,8064.7998046875,8084.4501953125,105500,0.0030550787543243,0.1066079564202536,0.13606709326318098
2014-09-23,8017.5498046875,8159.75,8008.10009765625,8144.39990234375,140800,-0.0159309479003991,0.1223493743296496,0.13176271381004298
2014-09-24,8002.39990234375,8042.0498046875,7950.0498046875,8015.5498046875,182200,-0.0018913800776086,0.1225571312597909,0.1460698518414258
2014-09-25,7911.85009765625,8019.2998046875,7877.35009765625,8003.2998046875,231900,-0.0113798365457159,0.1293776261110613,0.14067838085656909
2014-09-26,7968.85009765625,7993.2998046875,7841.7998046875,7885.85009765625,147800,0.0071785556145695,0.1310777428867834,0.1448398550179945
2014-09-29,7958.89990234375,7991.75,7934.7001953125,7978.4501953125,97300,-0.001249416472118,0.1309358946284314,0.14300808781542296
2014-09-30,7964.7998046875,8030.89990234375,7923.85009765625,7948.7998046875,141100,0.0007410215869771,0.1266987248365167,0.13765978289576436
2014-10-01,7945.5498046875,7977.5,7936.7001953125,7960.5,113000,-0.0024198097296141,0.1240643667266559,0.13256945395269898
2014-10-07,7852.39990234375,7943.0498046875,7842.7001953125,7897.39990234375,148200,-0.0117927938243055,0.1283835917697498,0.1282265139921899
2014-10-08,7842.7001953125,7869.89990234375,7815.75,7828.75,135900,-0.0012360173819577,0.1283595754213359,0.1347326545662621
2014-10-09,7960.5498046875,7972.35009765625,7886.5,7886.5,123800,0.0149148806783457,0.1404296913278832,0.1299042763567189
2014-10-10,7859.9501953125,7924.0498046875,7848.4501953125,7911.0,142900,-0.0127177984648417,0.1397938685502457,0.14231827930356572
2014-10-13,7884.25,7901.14990234375,7796.0,7831.0,118800,0.0030868286329098,0.1408045446453406,0.14852246116919432
2014-10-14,7864.0,7928.0,7825.4501953125,7923.25,225500,-0.0025717157348472,0.1393656903798965,0.1434036404614024
2014-10-16,7748.2001953125,7893.89990234375,7729.64990234375,7837.2998046875,213500,-0.01483479931274,0.1469368392480268,0.13840566366833365
2014-10-17,7779.7001953125,7819.2001953125,7723.85009765625,7733.75,177600,0.0040572186087942,0.1476596256706752,0.14921228312769005
2014-10-20,7879.39990234375,7905.9501953125,7856.9501953125,7896.9501953125,176200,0.0127339443040601,0.1543585906892227,0.14454134587176343
2014-10-21,7927.75,7936.60009765625,7874.35009765625,7906.14990234375,163400,0.006117516281268,0.1489878708706494,0.15047560272636296
2014-10-22,7995.89990234375,8005.0,7974.5498046875,7997.7998046875,151100,0.0085596353672847,0.1508492009163314,0.14718691182268856
2014-10-27,7991.7001953125,8064.39990234375,7985.64990234375,8064.35009765625,132800,-0.0005253705499506,0.1372872510011528,0.14668282983711914
2014-10-28,8027.60009765625,8037.7998046875,7995.0498046875,8002.39990234375,124100,0.0044820887038708,0.1383884232865015,0.14101289641679352
2014-10-29,8090.4501953125,8097.9501953125,8052.25,8077.0498046875,148300,0.0077987616445356,0.1408998093452959,0.1371819935205198
2014-10-30,8169.2001953125,8181.5498046875,8085.2001953125,8085.2001953125,205700,0.0096866308772769,0.1328718610075003,0.13672123954746077
2014-10-31,8322.2001953125,8330.75,8198.0498046875,8200.7998046875,176200,0.0185556576560087,0.1457311826728781,0.13876614968631912
2014-11-03,8324.150390625,8350.599609375,8297.650390625,8348.150390625,141100,0.0002343090530689,0.1377661238115599,0.1578083139317664
2014-11-05,8338.2998046875,8365.5498046875,8323.5,8351.25,161600,0.0016983597607461,0.1366843023180564,0.15145145143038613
2014-11-07,8337.0,8360.349609375,8290.25,8331.849609375,153400,-0.0001558958106129,0.1363929955696641,0.14567524958410133
2014-11-10,8344.25,8383.0498046875,8304.4501953125,8337.7998046875,130700,0.0008692394702429,0.1363763165210589,0.14004859470723602
2014-11-11,8362.650390625,8378.7001953125,8321.849609375,8354.099609375,122000,0.0022027303251594,0.1353324460869675,0.13482444962208967
2014-11-12,8383.2998046875,8415.0498046875,8370.5,8378.900390625,125200,0.0024661992049072,0.1250671271808616,0.13025227692853208
2014-11-13,8357.849609375,8408.0,8320.349609375,8405.25,127400,-0.0030404381788521,0.1260107948320069,0.12608346673903573
2014-11-14,8389.900390625,8400.650390625,8346.7998046875,8360.7001953125,146800,0.0038274777659741,0.1184612196239216,0.12246408576132164
2014-11-17,8430.75,8438.099609375,8349.099609375,8378.400390625,113900,0.004857088011971,0.1048769184516718,0.1195677175225821
2014-11-18,8425.900390625,8454.5,8407.25,8441.25,134700,-0.000575394208982,0.1057512338255877,0.11767413094049223
2014-11-19,8382.2998046875,8455.650390625,8360.5,8440.650390625,125400,-0.0051880252764123,0.1079056229480998,0.11386189753979516
2014-11-20,8401.900390625,8410.849609375,8353.150390625,8406.5,122800,0.0023356006982236,0.0862985774962284,0.11275331158084648
2014-11-21,8477.349609375,8489.7998046875,8398.599609375,8408.2001953125,137000,0.0089399376461338,0.088080472679929,0.10975553922026132
2014-11-24,8530.150390625,8534.650390625,8490.7998046875,8490.9501953125,140700,0.0062091372497189,0.0827507542860721,0.11389496179697618
2014-11-25,8463.099609375,8535.349609375,8429.4501953125,8530.7998046875,271900,-0.0078915015338096,0.0915264727510368,0.11383703767156855
2014-11-26,8475.75,8500.2998046875,8438.650390625,8450.2998046875,151900,0.0014936543234813,0.089477162142679,0.11590368367256977
2014-11-27,8494.2001953125,8506.75,8456.349609375,8477.7998046875,194300,0.0021744557137674,0.0887077872907853,0.11238451426120265
2014-11-28,8588.25,8617.0,8516.25,8516.7998046875,197200,0.0110113893394212,0.0929534273061771,0.1093454610507343
2014-12-01,8555.900390625,8623.0,8545.150390625,8605.099609375,152000,-0.0037738408764703,0.0943959880779105,0.11721295355873791
2014-12-02,8524.7001953125,8560.2001953125,8504.650390625,8535.4501953125,137400,-0.0036532942570473,0.0931942034180269,0.1146828852715564
2014-12-03,8537.650390625,8546.9501953125,8508.349609375,8528.7001953125,153200,0.0015179851960037,0.0712221089230865,0.1122687243607602
2014-12-04,8564.400390625,8626.9501953125,8526.400390625,8582.400390625,143500,0.0031282823512937,0.0714242005072724,0.10901018883850008
2014-12-05,8538.2998046875,8588.349609375,8523.900390625,8584.25,143300,-0.0030522205151575,0.0730144973647437,0.10670498081565892
2014-12-08,8438.25,8546.349609375,8432.25,8538.650390625,163800,-0.0117869607408896,0.0856213390255795,0.10453470968276463
2014-12-09,8340.7001953125,8444.5,8330.5,8439.2998046875,146300,-0.0116277720181471,0.0954588996091688,0.11477369372675039
2014-12-10,8355.650390625,8376.7998046875,8317.0,8318.0498046875,136700,0.0017908343779797,0.0953486404909068,0.12297629583514115
2014-12-11,8292.900390625,8348.2998046875,8272.400390625,8338.849609375,133900,-0.0075382293595515,0.0982884305923987,0.11905941572617454
2014-12-12,8224.099609375,8321.900390625,8216.2998046875,8302.0,138100,-0.0083309534630779,0.1016514326376445,0.12008147991025236
2014-12-15,8219.599609375,8242.400390625,8152.5,8160.75,137100,-0.0005473221143822,0.1002797544988073,0.12205839221683246
2014-12-16,8067.60009765625,8189.35009765625,8052.60009765625,8172.60009765625,197300,-0.0186654461743745,0.1150554766796919,0.11795124290813468
2014-12-17,8029.7998046875,8082.0,7961.35009765625,8041.2001953125,216200,-0.0046964556608114,0.1152544001971715,0.14200196308839436
2014-12-18,8159.2998046875,8174.2998046875,8084.89990234375,8138.89990234375,162100,0.0159987603204074,0.1308602452664066,0.1382458149043375
2014-12-19,8225.2001953125,8263.4501953125,8208.599609375,8230.4501953125,174800,0.0080442791656528,0.1342988558154423,0.1515279087494179
2014-12-22,8324.0,8330.9501953125,8228.2001953125,8255.0,139200,0.0119402723205388,0.1374651555955659,0.15003543577769
2014-12-23,8267.0,8364.75,8252.849609375,8324.599609375,132200,-0.0068712222608494,0.1364426396409721,0.15395396212534476
2014-12-24,8174.10009765625,8286.400390625,8155.25,8272.0498046875,221900,-0.0113010553438477,0.1389457846876112,0.15106470649751902
2014-12-26,8200.7001953125,8234.5498046875,8147.9501953125,8204.7998046875,75500,0.0032489093702821,0.1395784846968134,0.15387246011256528
2014-12-29,8246.2998046875,8279.150390625,8214.7001953125,8214.7001953125,82100,0.0055450509168578,0.1411970748642745,0.14847830356649835
2014-12-30,8248.25,8268.25,8220.5498046875,8260.2998046875,77700,0.0002364654197514,0.1340034673138068,0.14487272479574576
2014-12-31,8282.7001953125,8291.0,8243.75,8243.900390625,84500,0.004167969146088,0.135438126593307,0.13929756402260743
2015-01-02,8395.4501953125,8410.599609375,8288.7001953125,8288.7001953125,101900,0.0135208899126345,0.1448123498511863,0.1353853415347417
2015-01-05,8378.400390625,8445.599609375,8363.900390625,8407.9501953125,118200,-0.0020329035926431,0.1446408971681286,0.144061062359183
2015-01-06,8127.35009765625,8327.849609375,8111.35009765625,8325.2998046875,172800,-0.0304220829180295,0.1761408243199096,0.1388372874371881
2015-01-07,8102.10009765625,8151.2001953125,8065.4501953125,8118.64990234375,164100,-0.0031116297926513,0.1761433157830494,0.19195109482626901
2015-01-08,8234.599609375,8243.5,8167.2998046875,8191.39990234375,143800,0.0162214424605465,0.1840739139759609,0.1841546337336154
2015-01-09,8284.5,8303.2998046875,8190.7998046875,8285.4501953125,148000,0.0060415571776879,0.1815769868156448,0.19096169262143292
2015-01-12,8323.0,8332.599609375,8245.599609375,8291.349609375,103200,0.0046364677367432,0.1822604759768807,0.1847192765922395
2015-01-13,8299.400390625,8356.650390625,8267.900390625,8346.150390625,129600,-0.002839496664365,0.1805915474428013,0.17803595989257134
2015-01-14,8277.5498046875,8326.4501953125,8236.650390625,8307.25,146100,-0.0026362628028638,0.1783299284901701,0.1709768055208663
2015-01-15,8494.150390625,8527.099609375,8380.5498046875,8424.5,232100,0.0258307299503242,0.1989530218223851,0.16427606745435944
2015-01-16,8513.7998046875,8530.75,8452.25,8504.0498046875,176000,0.002310616221134,0.1848478271384396,0.1962285070317331
2015-01-19,8550.7001953125,8570.9501953125,8531.5,8550.0498046875,125400,0.0043248203159316,0.1830160725649705,0.18794253157290697
2015-01-20,8695.599609375,8707.900390625,8574.5,8575.099609375,158700,0.016803931894622,0.1837567766401928,0.18089670419197545
2015-01-21,8729.5,8741.849609375,8689.599609375,8719.650390625,185900,0.0038909887639506,0.1828903633521258,0.18917622427936615
2015-01-22,8761.400390625,8774.150390625,8727.0,8745.849609375,175500,0.0036476596725423,0.1799195276166549,0.1818526744469504
2015-01-23,8835.599609375,8866.400390625,8795.400390625,8827.9501953125,191200,0.0084332168549455,0.1777390473021124,0.1748723690598538
2015-01-27,8910.5,8925.0498046875,8825.4501953125,8871.349609375,192000,0.0084413856608369,0.1704995537556523,0.17181127613627928
2015-01-28,8914.2998046875,8985.0498046875,8874.0498046875,8902.75,185100,0.000426350341849,0.1709584092579547,0.16900930009327703
2015-01-29,8952.349609375,8966.650390625,8861.25,8901.5,256300,0.0042593170470792,0.1708674522492754,0.16200012555389975
2015-01-30,8808.900390625,8996.599609375,8775.099609375,8996.599609375,267300,-0.0161534056387028,0.1842207814445136,0.15658396656572193
2015-02-02,8797.400390625,8840.7998046875,8751.099609375,8802.5,210100,-0.0013063506955069,0.1848078217267409,0.1671598042645754
2015-02-03,8756.5498046875,8837.2998046875,8726.650390625,8823.150390625,208700,-0.0046542982322204,0.1823186551152575,0.16035640858242212
2015-02-04,8723.7001953125,8792.849609375,8704.400390625,8789.150390625,195300,-0.0037584872121479,0.1828973081558918,0.15528216395342123
2015-02-05,8711.7001953125,8838.4501953125,8683.650390625,8733.099609375,173600,-0.0013765100457609,0.1410677679529768,0.15004135078273623
2015-02-06,8661.0498046875,8726.2001953125,8645.5498046875,8696.849609375,171300,-0.0058310324086079,0.1429288987131758,0.14428192716708077
2015-02-09,8526.349609375,8605.5498046875,8516.349609375,8584.400390625,146800,-0.0156746171972853,0.1488352631154976,0.14123051638011028
2015-02-10,8565.5498046875,8646.25,8470.5,8478.099609375,196200,0.0045869991503771,0.148380063530656,0.15330663696585897
2015-02-11,8627.400390625,8651.9501953125,8593.650390625,8603.2998046875,161600,0.0071949086167784,0.1493040207614568,0.14867432564823396
2015-02-12,8711.5498046875,8732.5498046875,8599.25,8676.9501953125,158800,0.0097064786272237,0.1508044715633936,0.14653298001353118
2015-02-13,8805.5,8822.099609375,8729.650390625,8741.5,221900,0.0107268172689105,0.1523807664238952,0.14755434553727126
2015-02-16,8809.349609375,8870.099609375,8793.400390625,8831.400390625,136400,0.0004370868354434,0.1277201615965832,0.14990371593729734
2015-02-18,8869.099609375,8894.2998046875,8808.900390625,8811.5498046875,147600,0.0067596684272623,0.1288972445145411,0.14403145736882023
2015-02-19,8895.2998046875,8913.4501953125,8794.4501953125,8883.0498046875,213300,0.0029497438893496,0.1286654195701679,0.14184768062145495
2015-02-20,8833.599609375,8899.9501953125,8816.2998046875,8895.5,197600,-0.0069604370777794,0.1199800279404184,0.1371071466176058
2015-02-23,8754.9501953125,8869.0,8736.099609375,8856.849609375,139600,-0.0089433113192368,0.1239189103740898,0.13572147683297808
2015-02-24,8762.099609375,8800.5,8726.75,8772.900390625,149800,0.0008162806567537,0.1232952747253364,0.13684334935905607
2015-02-25,8767.25,8840.650390625,8751.400390625,8801.900390625,135200,0.000587630561085,0.11947298363027,0.13181348215991404
2015-02-26,8683.849609375,8786.0498046875,8669.4501953125,8779.0,217500,-0.0095582544879628,0.1190166577515549,0.12707715679071488
2015-02-27,8844.599609375,8856.9501953125,8717.4501953125,8729.5,249500,0.0183421253958649,0.1369783975540894,0.13003545820592693
2015-03-02,8956.75,8972.349609375,8885.4501953125,8953.849609375,218100,0.0126003788387932,0.1434287855619924,0.15041185020552508
2015-03-03,8996.25,9008.400390625,8925.5498046875,8962.849609375,177800,0.0044003858673006,0.1313866436536743,0.1553584462291882
2015-03-04,8922.650390625,9119.2001953125,8893.9501953125,9109.150390625,248400,-0.0082147923882021,0.1350446688307066,0.15047006877277755
2015-03-05,8937.75,8957.5498046875,8849.349609375,8929.400390625,160100,0.0016908482052135,0.1336725171413587,0.14926212571859593
2015-03-09,8756.75,8891.2998046875,8740.4501953125,8891.150390625,155500,-0.0204590481140191,0.1523400564598473,0.1436195055680015
2015-03-10,8712.0498046875,8778.0,8677.349609375,8769.75,163800,-0.0051177291370559,0.1533695057036827,0.16632485589507667
2015-03-11,8699.9501953125,8755.599609375,8682.349609375,8728.75,172800,-0.0013898014383852,0.1520068497198139,0.161137236520043
2015-03-12,8776.0,8787.2001953125,8732.900390625,8740.650390625,173900,0.0087034220055012,0.1430982796834402,0.15470716669738271
2015-03-13,8647.75,8849.75,8631.75,8844.0498046875,179200,-0.0147215514720097,0.1529304342252617,0.15367441060945292
2015-03-16,8633.150390625,8663.5498046875,8612.0,8656.75,163300,-0.0016896819631506,0.1510824125466466,0.161927979423527
2015-03-17,8723.2998046875,8742.5498046875,8630.7998046875,8689.099609375,177000,0.010388094769848,0.1516497647858486,0.15551146935318086
2015-03-18,8685.900390625,8747.25,8664.0,8742.900390625,156400,-0.0042965180681336,0.147205003573693,0.1565275815690902
2015-03-19,8634.650390625,8788.2001953125,8614.650390625,8749.4501953125,163500,-0.0059178429387673,0.1482553534476677,0.15149853663952048
2015-03-20,8570.900390625,8627.900390625,8553.0,8627.900390625,174600,-0.007410433126336,0.1470876107418073,0.14796444262218
2015-03-23,8550.900390625,8608.349609375,8540.5498046875,8591.5498046875,150700,-0.0023362039252688,0.1461512863620072,0.14610421252060998
2015-03-24,8542.9501953125,8627.75,8535.849609375,8537.0498046875,156700,-0.0009301819792756,0.1449985422806675,0.14084761042645563
2015-03-25,8530.7998046875,8573.75,8516.5498046875,8568.900390625,161000,-0.0014232834235154,0.1425142002324105,0.13558188563600548
2015-03-26,8342.150390625,8499.4501953125,8325.349609375,8474.9501953125,280100,-0.0223620971083219,0.1598717249531098,0.13073837943717298
2015-03-27,8341.400390625,8413.2001953125,8269.150390625,8396.0,193000,-8.990891811211022e-05,0.1597326250718967,0.16169803981927425
2015-03-30,8492.2998046875,8492.2998046875,8380.75,8390.9501953125,134700,0.017928732765285,0.1720539160560042,0.155107209427726
2015-03-31,8491.0,8550.4501953125,8454.150390625,8527.599609375,167200,-0.0001530685679444,0.1570461548321937,0.16961236387726616
2015-04-01,8586.25,8603.400390625,8464.75,8483.7001953125,125500,0.0111553075287278,0.1554314945739635,0.162557987615756
2015-04-06,8659.900390625,8667.5498046875,8573.75,8615.7998046875,146900,0.0085411337249402,0.1582206630751227,0.16389882407469736
2015-04-07,8660.2998046875,8693.599609375,8586.849609375,8684.4501953125,148700,4.6121183134830896e-05,0.1565896246828388,0.16186877399960026
2015-04-08,8714.400390625,8730.5,8679.7998046875,8698.9501953125,148200,0.0062275331572998,0.1585025668407353,0.15526745905106404
2015-04-09,8778.2998046875,8785.5,8682.4501953125,8756.2001953125,152700,0.0073058701712128,0.1445760164048297,0.15170410800692594
2015-04-10,8780.349609375,8787.400390625,8733.599609375,8774.349609375,139000,0.0002334809071557,0.1433176131428415,0.14941990137530461
2015-04-13,8834.0,8841.650390625,8762.099609375,8801.75,121600,0.0060916874846368,0.1444973271494433,0.1435672556349766
2015-04-16,8706.7001953125,8760.0,8645.650390625,8757.0498046875,142900,-0.0145150465251854,0.1506062919259321,0.14079826107993954
2015-04-17,8606.0,8699.849609375,8596.7001953125,8698.0498046875,150400,-0.0116332322327412,0.1472425686464854,0.15058114052275992
2015-04-20,8448.099609375,8619.9501953125,8422.75,8618.7998046875,148900,-0.0185181166395568,0.1603045629079554,0.1539525373027939
2015-04-21,8377.75,8469.349609375,8352.7001953125,8416.099609375,407800,-0.0083621357545242,0.1565900256774992,0.1699617278056186
2015-04-22,8429.7001953125,8449.9501953125,8284.7001953125,8400.400390625,171800,0.0061818253391529,0.1587818925440181,0.1672312950201751
2015-04-23,8398.2998046875,8504.9501953125,8361.849609375,8478.2001953125,156000,-0.0037319262025762,0.1581821053389957,0.16274143462361648
2015-04-24,8305.25,8413.2998046875,8273.349609375,8405.7001953125,173600,-0.0111414361987288,0.1605026522937067,0.15700109263752812
2015-04-27,8213.7998046875,8334.4501953125,8202.349609375,8330.5498046875,171500,-0.0110722021738192,0.1638937433713295,0.15891442651013843
2015-04-28,8285.599609375,8308.0,8185.14990234375,8215.5498046875,174600,0.0087033783611285,0.1679701571671044,0.16052346128933936
2015-04-29,8239.75,8308.2001953125,8219.2001953125,8274.7998046875,160400,-0.0055490174921902,0.1685668295608298,0.1589672468815405
2015-04-30,8181.5,8229.400390625,8144.75,8224.5,267700,-0.0070944957684806,0.1524607568085283,0.15459459470462794
2015-05-04,8331.9501953125,8346.0,8220.4501953125,8230.0498046875,131700,0.0182220379751438,0.1662949908877948,0.15186480889537496
2015-05-05,8324.7998046875,8355.650390625,8280.599609375,8338.400390625,155500,-0.0008585577695799,0.1528915993375157,0.1675934834267145
2015-05-06,8097.0,8331.9501953125,8083.0,8316.599609375,209600,-0.0277453653883998,0.1787699557782446,0.160702565972266
2015-05-07,8057.2998046875,8122.60009765625,7997.14990234375,8077.0,161600,-0.0049151341398104,0.1721159935288737,0.19890210101404712
2015-05-08,8191.5,8224.9501953125,8123.4501953125,8131.5,183100,0.0165185427140141,0.1808681643218125,0.19147313521197276
2015-05-11,8325.25,8332.75,8224.650390625,8243.2001953125,192000,0.0161960341674642,0.1921966221666865,0.19785609213720726
2015-05-12,8126.9501953125,8326.650390625,8115.2998046875,8326.150390625,173400,-0.0241073419925435,0.204414157092981,0.2029123881057113
2015-05-13,8235.4501953125,8254.9501953125,8089.7998046875,8181.5498046875,169800,0.0132623072083406,0.2092997193651965,0.22258490708836273
2015-05-14,8224.2001953125,8236.25,8137.2998046875,8232.4501953125,134800,-0.0013669794296785,0.2090576371087207,0.22087107035197684
2015-05-15,8262.349609375,8279.2001953125,8212.2001953125,8240.2998046875,129800,0.0046279521918878,0.2083054761253162,0.21101617615685164
2015-05-18,8373.650390625,8384.599609375,8271.9501953125,8284.9501953125,148700,0.0133809139137836,0.2115775899609568,0.20270059398211926
2015-05-19,8365.650390625,8427.7998046875,8335.0,8356.2001953125,140300,-0.0009558345015271,0.2085731040395655,0.203018612551445
2015-05-20,8423.25,8440.349609375,8391.4501953125,8392.650390625,123600,0.0068616566932103,0.2006274471851316,0.1941090305311921
2015-05-21,8421.0,8446.349609375,8382.5,8434.5,143800,-0.000267153481263,0.198394835773728,0.18823427026800246
2015-05-22,8458.9501953125,8489.5498046875,8420.599609375,8432.5,187300,0.0044964894818342,0.1978445448397546,0.1801121621676958
2015-05-25,8370.25,8441.9501953125,8364.150390625,8438.150390625,121300,-0.0105413228961067,0.2009168219128171,0.17364784367757474
2015-05-26,8339.349609375,8378.900390625,8320.0498046875,8377.099609375,116800,-0.0036985237912854,0.1974145636724387,0.17307397333738908
2015-05-27,8334.599609375,8342.849609375,8277.9501953125,8302.75,165500,-0.0005697510609127,0.1931685792523062,0.16666101541567088
2015-05-28,8319.0,8364.5,8270.150390625,8345.7001953125,232300,-0.0018734224796336,0.1911074822973106,0.15979845952058028
2015-05-29,8433.650390625,8443.900390625,8305.7001953125,8327.099609375,363900,0.0136876467831972,0.195396595490486,0.15355422749917239
2015-06-01,8433.400390625,8467.150390625,8405.400390625,8417.25,122200,-2.9643593685729908e-05,0.1931800200792067,0.15995227365773376
2015-06-02,8236.4501953125,8445.349609375,8226.0498046875,8442.7998046875,146800,-0.0236306089312696,0.2016003544368129,0.153464331001209
2015-06-03,8135.10009765625,8236.7001953125,8094.14990234375,8232.4501953125,171400,-0.0123814043972364,0.2057326308648756,0.18213321747525624
2015-06-04,8130.64990234375,8160.0498046875,8056.75,8155.14990234375,154700,-0.0005471860103022,0.1814900246668651,0.18315204976039204
2015-06-05,8114.7001953125,8191.0,8100.14990234375,8119.14990234375,162100,-0.0019636033769903,0.1807287966822287,0.17533271870484649
2015-06-08,8044.14990234375,8131.0,8030.5498046875,8124.35009765625,135900,-0.0087321487398675,0.1732574066385364,0.16818030862652153
2015-06-09,8022.39990234375,8057.14990234375,8005.14990234375,8026.5,136000,-0.0027074902267056,0.1617998756438536,0.16598919024265754
2015-06-10,8124.4501953125,8152.25,8023.7998046875,8024.14990234375,136800,0.0126404408480797,0.1472874010036742,0.15961698499418686
2015-06-11,7965.35009765625,8163.0498046875,7958.25,8157.2998046875,166200,-0.0197771607529252,0.1540731398003592,0.16350138278334694
2015-06-12,7982.89990234375,7995.60009765625,7940.2998046875,7959.85009765625,136600,0.0022008448289133,0.1546323152346341,0.1805881230395243
2015-06-15,8013.89990234375,8057.7001953125,7944.85009765625,7986.60009765625,133000,0.0038757800540692,0.1542833155236491,0.17318512339575848
2015-06-16,8047.2998046875,8061.85009765625,7952.35009765625,8004.2001953125,124000,0.0041590853857635,0.146206661816352,0.16684775956474507
2015-06-17,8091.5498046875,8136.85009765625,8048.9501953125,8084.2001953125,152500,0.005483675969067,0.1484118494287852,0.16105896666284694
2015-06-18,8174.60009765625,8186.89990234375,8101.7998046875,8113.7001953125,144800,0.0102115147270589,0.1512411582428172,0.15648917191907197
2015-06-19,8224.9501953125,8250.7998046875,8195.650390625,8201.150390625,147100,0.0061404434830307,0.153472584224673,0.15716732772832334
2015-06-22,8353.099609375,8369.4501953125,8257.400390625,8259.2998046875,122700,0.0154604393327622,0.1629374086867165,0.15338764510653186
2015-06-23,8381.5498046875,8398.4501953125,8334.9501953125,8377.4501953125,131700,0.0034001576033196,0.1593367883602684,0.16309118951416224
2015-06-24,8360.849609375,8421.349609375,8338.900390625,8399.400390625,130100,-0.0024727884395158,0.1590283463353005,0.15717395329511658
2015-06-25,8398.0,8423.150390625,8329.5,8336.25,201200,0.0044335324134881,0.1596969449810224,0.15126641772011162
2015-06-26,8381.099609375,8408.5498046875,8339.7001953125,8393.9501953125,110600,-0.0020144580738723,0.1597225525493115,0.14667931362987577
2015-06-29,8318.400390625,8329.4501953125,8195.650390625,8247.0498046875,132000,-0.0075091485816652,0.1542100216707003,0.14128446311009366
2015-06-30,8368.5,8378.0,8298.9501953125,8316.349609375,158500,0.0060046813650915,0.1559256770276365,0.140117086736041
2015-07-01,8453.0498046875,8481.599609375,8370.150390625,8376.25,131800,0.0100526429119175,0.134839642690552,0.13754705530651617
2015-07-02,8444.900390625,8479.25,8433.2001953125,8471.9501953125,112000,-0.0009645447643201,0.1258095649562342,0.14003103710143958
2015-07-03,8484.900390625,8497.75,8424.150390625,8440.099609375,88400,0.0047254040314225,0.1259065966103281,0.13482128765762033
2015-07-06,8522.150390625,8533.150390625,8386.150390625,8386.150390625,101500,0.0043805431106717,0.1252870718770034,0.13161861479835524
2015-07-07,8510.7998046875,8561.349609375,8483.849609375,8525.5,122200,-0.0013327799926047,0.1195433776938095,0.12840903573176735
2015-07-08,8363.0498046875,8457.5,8341.400390625,8439.2001953125,188100,-0.0175127525255737,0.1375971301273268,0.12400965100246437
2015-07-09,8328.5498046875,8400.2998046875,8323.0,8364.849609375,131300,-0.0041338217950059,0.1334290169629687,0.14363843826707237
2015-07-10,8360.5498046875,8377.099609375,8315.400390625,8365.7001953125,154100,0.0038348430969963,0.1096483222125469,0.13939820699649805
2015-07-13,8459.650390625,8471.650390625,8355.400390625,8397.25,117800,0.0117836567339471,0.1144524158579435,0.1352767909050034
2015-07-14,8454.099609375,8480.25,8424.099609375,8470.599609375,101700,-0.0006563631896272,0.1149724178422726,0.14080189713644223
2015-07-15,8523.7998046875,8531.400390625,8462.9501953125,8463.400390625,105500,0.0082107432951097,0.1165345795001789,0.13550614227987784
2015-07-16,8608.0498046875,8616.099609375,8542.900390625,8546.150390625,116000,0.009835561378738,0.1187793850349389,0.13570398101325254
2015-07-17,8609.849609375,8642.9501953125,8593.150390625,8623.650390625,105000,0.000209062052318,0.1160944027802624,0.138078157783004
2015-07-20,8603.4501953125,8624.099609375,8559.0,8623.900390625,90600,-0.000743543008016,0.1158010699516146,0.132922568557017
2015-07-21,8529.4501953125,8646.75,8517.900390625,8601.5,164100,-0.0086384042959938,0.1108649390374461,0.12813219800256084
2015-07-22,8633.5,8643.900390625,8498.650390625,8512.25,136800,0.0121250808588124,0.1171894729052888,0.12964885865992823
2015-07-23,8589.7998046875,8654.75,8573.7998046875,8643.9501953125,132900,-0.0050745547700366,0.1186136512218365,0.13655395776150223
2015-07-24,8521.5498046875,8589.150390625,8513.5,8588.150390625,127400,-0.0079772038426155,0.1222017264331148,0.13348421564047097
2015-07-27,8361.0,8492.2001953125,8351.5498046875,8492.099609375,136600,-0.019020189089775,0.1398746601025781,0.13359317913823565
2015-07-28,8337.0,8397.400390625,8321.75,8371.099609375,174600,-0.0028745977394444,0.1376917726318562,0.15488702851820596
2015-07-29,8375.0498046875,8381.5,8338.4501953125,8365.599609375,141000,0.0045535850933296,0.1369985570643488,0.1492699143546022
2015-07-30,8421.7998046875,8458.900390625,8408.2998046875,8417.0,215200,0.0055665344162307,0.1337081440868712,0.14489794822188842
2015-07-31,8532.849609375,8548.9501953125,8448.0,8456.099609375,203300,0.0130998158712683,0.1413230193485549,0.141580323303676
2015-08-03,8543.0498046875,8563.9501953125,8508.099609375,8510.650390625,156700,0.0011946892258352,0.1405177763631935,0.14856710450932747
2015-08-04,8516.900390625,8565.150390625,8448.25,8564.099609375,187400,-0.0030655933038692,0.1401771588549864,0.14286485405616003
2015-08-05,8567.9501953125,8591.849609375,8545.849609375,8547.4501953125,132800,0.0059760495252578,0.1416001189725005,0.13810880952579963
2015-08-06,8588.650390625,8606.2998046875,8551.5,8585.7998046875,134900,0.0024130893825477,0.1259418012416298,0.13567556284807097
2015-08-07,8564.599609375,8595.9501953125,8552.7001953125,8580.7998046875,143700,-0.002804226255741,0.12530592181997,0.1311234687064498
2015-08-10,8525.599609375,8621.5498046875,8497.7998046875,8577.0,123400,-0.0045640272766171,0.1265626098659543,0.12703978330982063
2015-08-11,8462.349609375,8556.25,8441.2998046875,8548.4501953125,154400,-0.0074464894442594,0.1232738419806463,0.12431263062012494
2015-08-12,8349.4501953125,8446.9501953125,8337.9501953125,8445.7001953125,190000,-0.0134311748403183,0.1317990145746494,0.124680541739157
2015-08-13,8355.849609375,8429.5,8339.75,8384.4501953125,189200,0.0007661537895581,0.1280015774274613,0.13487535944408108
2015-08-14,8518.5498046875,8530.099609375,8381.2001953125,8402.349609375,155900,0.0192842700246075,0.1415037136556174,0.12996362872834558
2015-08-17,8477.2998046875,8530.599609375,8428.0498046875,8530.5,174700,-0.0048541357972207,0.1422700081195116,0.1527552460845323
2015-08-18,8466.5498046875,8525.75,8433.599609375,8505.849609375,153300,-0.001268897173926,0.1422818678595003,0.14833572459607153
2015-08-19,8495.150390625,8520.4501953125,8425.9501953125,8468.0498046875,130500,0.003372375730519,0.139970791848205,0.14266084060832354
2015-08-20,8372.75,8501.349609375,8359.75,8471.0498046875,184100,-0.0145130734956471,0.1408501723264646,0.1380651678716584
2015-08-21,8299.9501953125,8322.2001953125,8225.0498046875,8305.400390625,201300,-0.008732870680242,0.1425922901194289,0.14827551429513353
2015-08-24,7809.0,8060.0498046875,7769.39990234375,8055.9501953125,312400,-0.0609725995392517,0.2500103879001361,0.1478769951575131
2015-08-25,7880.7001953125,7925.39990234375,7667.25,7895.39990234375,299100,0.0091398425148358,0.2479404317928988,0.31059518079370946
2015-08-26,7791.85009765625,7930.0498046875,7777.10009765625,7865.25,216600,-0.0113384290206531,0.2496924837983761,0.29873248870020574
2015-08-27,7948.9501953125,7963.60009765625,7862.2998046875,7921.60009765625,305000,0.0199615408679432,0.2611773795302132,0.2892076119109707
2015-08-28,8001.9501953125,8091.7998046875,7961.64990234375,8053.7001953125,195600,0.0066454173430795,0.2616228907743407,0.29004176831978007
2015-08-31,7971.2998046875,8043.60009765625,7947.9501953125,8009.25,198200,-0.0038377197180878,0.2554571785794337,0.2780131831474225
2015-09-01,7785.85009765625,7929.10009765625,7746.5,7907.9501953125,184900,-0.0235395704702459,0.2642622823433114,0.2655570081049141
2015-09-02,7717.0,7862.5498046875,7699.25,7856.64990234375,215300,-0.008882308721944,0.264654685841707,0.2747286412819177
2015-09-03,7823.0,7845.60009765625,7754.0498046875,7774.4501953125,155800,0.0136424252274776,0.2698318799819986,0.2649498983626905
2015-09-04,7655.0498046875,7804.89990234375,7626.85009765625,7803.39990234375,193600,-0.0217025774501897,0.2751168349887666,0.2600676823548025
2015-09-07,7558.7998046875,7705.0498046875,7545.89990234375,7685.85009765625,141400,-0.0126531136580957,0.2760239495942717,0.2667707048833087
2015-09-08,7688.25,7720.89990234375,7539.5,7587.7001953125,172200,0.0169807677548254,0.2872476219031006,0.26072068546568944
2015-09-09,7818.60009765625,7846.0498046875,7764.5498046875,7805.85009765625,208400,0.0168123335375422,0.2966990634486574,0.2602424077356369
2015-09-10,7788.10009765625,7819.85009765625,7678.5,7729.0498046875,160300,-0.0039085826532683,0.2946176332262993,0.25958515517313313
2015-09-11,7789.2998046875,7864.85009765625,7759.89990234375,7833.7998046875,136400,0.0001540317435698,0.2945184278204619,0.24817427744005624
2015-09-14,7872.25,7879.9501953125,7761.85009765625,7811.10009765625,122800,0.0105929453984274,0.287561533889033,0.23674512139779466
2015-09-15,7829.10009765625,7880.0,7799.75,7867.35009765625,136500,-0.0054963440346811,0.2876010024369035,0.23097157135858182
2015-09-16,7899.14990234375,7913.89990234375,7853.2998046875,7886.85009765625,140000,0.0089075730435619,0.2908660099768395,0.2218745429659452
2015-09-18,7981.89990234375,8055.0,7955.85009765625,7967.4501953125,241800,0.0104213197402917,0.2939134200211503,0.21568110870086063
2015-09-21,7977.10009765625,7987.89990234375,7908.35009765625,7911.5,121800,-0.0006015169913181,0.2909638369311143,0.2113593691713812
2015-09-22,7812.0,8021.60009765625,7787.75,8014.7998046875,168400,-0.0209139361191767,0.297344205522043,0.20195634074791194
2015-09-23,7845.9501953125,7882.89990234375,7723.25,7737.35009765625,146700,0.0043364869720647,0.209755193309185,0.2150465681503779
2015-09-24,7868.5,7894.5,7804.10009765625,7838.39990234375,202500,0.0028699470722847,0.2075099749010492,0.20635832920715233
2015-09-28,7795.7001953125,7893.9501953125,7787.9501953125,7892.7998046875,136300,-0.0092951223724626,0.2062291419866533,0.19764237113812785
2015-09-29,7843.2998046875,7926.5498046875,7691.2001953125,7725.7001953125,240700,0.0060873145802312,0.194600744822484,0.1936183495191757
2015-09-30,7948.89990234375,7957.7001953125,7874.5,7924.25,210700,0.0133739027610214,0.1991168929442899,0.18722904714805866
2015-10-01,7950.89990234375,8008.25,7930.64990234375,7992.0498046875,156900,0.0002515754959328,0.1987092556473549,0.18912396819523203
2015-10-05,8119.2998046875,8128.89990234375,8005.10009765625,8005.10009765625,183100,0.0209588019821642,0.192320438336322,0.1809509270374343
2015-10-06,8152.89990234375,8180.9501953125,8096.5,8180.4501953125,178500,0.0041297606980133,0.1882858591307228,0.19754583863372116
2015-10-07,8177.39990234375,8188.89990234375,8132.89990234375,8146.2001953125,193900,0.0030005595334899,0.183993743936643,0.18981817229990872
2015-10-08,8129.35009765625,8196.75,8105.85009765625,8196.75,171700,-0.0058932581603976,0.1654272591529782,0.18211007643953364
2015-10-09,8189.7001953125,8232.2001953125,8139.64990234375,8186.35009765625,199700,0.0073963094292302,0.156046999939637,0.1763645781981483
2015-10-12,8143.60009765625,8244.5,8128.2001953125,8231.5,199100,-0.0056449363258414,0.1516192399569882,0.17220743289113002
2015-10-13,8131.7001953125,8150.25,8088.60009765625,8121.9501953125,145900,-0.0014623268695636,0.1432317103174351,0.1669699695642252
2015-10-14,8107.89990234375,8139.2998046875,8096.35009765625,8102.39990234375,138900,-0.0029311448392646,0.1427741542821374,0.16020546302365937
2015-10-15,8179.5,8190.5498046875,8129.7998046875,8134.35009765625,167200,0.0087921410807536,0.1445553694925619,0.15427479298724117
2015-10-16,8238.150390625,8246.400390625,8147.64990234375,8193.650390625,156400,0.0071448275156084,0.1425508113409052,0.1533854455054006
2015-10-19,8275.0498046875,8283.0498046875,8239.2001953125,8262.5498046875,124500,0.0044690883706706,0.1399602174702932,0.15080293498496453
2015-10-20,8261.650390625,8294.0498046875,8229.2001953125,8280.2998046875,155100,-0.0016205672034621,0.1387644778776361,0.14627014981226402
2015-10-21,8251.7001953125,8294.400390625,8217.150390625,8258.349609375,144800,-0.0012051093404612,0.1358321327712534,0.14079681175916606
2015-10-23,8295.4501953125,8328.099609375,8280.75,8308.25,152000,0.0052879318689634,0.1361704221651908,0.1355786824324971
2015-10-26,8260.5498046875,8336.2998046875,8252.0498046875,8333.650390625,133900,-0.0042160476348582,0.1109224888400542,0.13275489840238144
2015-10-27,8232.900390625,8241.9501953125,8217.0498046875,8230.349609375,156700,-0.0033527781799373,0.1126417708050077,0.1293483399290847
2015-10-28,8171.2001953125,8209.099609375,8131.7998046875,8188.89990234375,188900,-0.0075225686348222,0.1176136572363791,0.12566261504959786
2015-10-29,8111.75,8179.60009765625,8098.0,8175.4501953125,217500,-0.0073021729802976,0.115427618929413,0.12598878725970408
2015-10-30,8065.7998046875,8146.10009765625,8044.39990234375,8123.5498046875,199500,-0.0056807513422626,0.1172236003673902,0.12601675614069688
2015-11-02,8050.7998046875,8060.7001953125,7995.60009765625,8054.5498046875,136100,-0.0018614353765358,0.109103287937877,0.12431692507457526
2015-11-03,8060.7001953125,8100.35009765625,8031.75,8086.35009765625,132500,0.0012289844981697,0.1091157536598401,0.12033142221159328
2015-11-04,8040.2001953125,8116.10009765625,8027.2998046875,8104.89990234375,122100,-0.0025464428174963,0.0806752221323939,0.11644542169289106
2015-11-05,7955.4501953125,8031.2001953125,7944.10009765625,8030.35009765625,132100,-0.0105967298586547,0.086054254040589,0.11327465355956526
2015-11-06,7954.2998046875,8002.64990234375,7926.14990234375,7956.5498046875,219500,-0.0001446145447922,0.0848156262276953,0.11976858240932245
2015-11-09,7915.2001953125,7937.75,7771.7001953125,7788.25,211800,-0.0049276522249893,0.0842230918366232,0.11578864582786672
2015-11-10,7783.35009765625,7885.10009765625,7772.85009765625,7877.60009765625,165200,-0.0167981368479892,0.093986062656842,0.11427434214467105
2015-11-13,7762.25,7775.10009765625,7730.89990234375,7762.4501953125,160900,-0.0027146086971354,0.093265891354378,0.13429550574450316
2015-11-16,7806.60009765625,7838.85009765625,7714.14990234375,7732.9501953125,149500,0.0056973016429889,0.0972721178102579,0.12995699903768418
2015-11-17,7837.5498046875,7860.4501953125,7793.0,7848.75,145000,0.0039567183391247,0.099295718072738,0.12794083839332962
2015-11-18,7731.7998046875,7843.39990234375,7725.0498046875,7823.14990234375,143600,-0.0135845913820275,0.0999990024274984,0.12471897432554417
2015-11-19,7842.75,7854.89990234375,7765.4501953125,7788.5,132600,0.0142478689427783,0.1111932090858493,0.135222213527764
2015-11-20,7856.5498046875,7906.9501953125,7817.7998046875,7841.89990234375,151900,0.0017580157603643,0.1094841894577611,0.14535446012089054
2015-11-23,7849.25,7877.5,7825.2001953125,7869.5,127000,-0.0009295680963622,0.1095779700985901,0.1399723490788099
2015-11-24,7831.60009765625,7870.35009765625,7812.64990234375,7837.0,130600,-0.0022511419581774,0.109489507211124,0.13476123019437833
2015-11-26,7883.7998046875,7897.10009765625,7832.0,7837.14990234375,219800,0.0066431524907187,0.1107951219731868,0.13021020468092778
2015-11-27,7942.7001953125,7959.2998046875,7879.4501953125,7910.60009765625,150300,0.0074432960618276,0.1156728842056264,0.12910377776642232
2015-11-30,7935.25,7966.0,7922.7998046875,7936.25,216300,-0.0009384329548349,0.1155848489912648,0.12899643784510728
2015-12-01,7954.89990234375,7972.14990234375,7934.14990234375,7958.14990234375,138600,0.0024732192560477,0.1144799275219892,0.12448486673724814
2015-12-02,7931.35009765625,7979.2998046875,7910.7998046875,7976.7001953125,126300,-0.0029648056574549,0.1125739813992013,0.12071358559832035
2015-12-03,7864.14990234375,7912.2998046875,7853.2998046875,7902.2998046875,125700,-0.0085088285592863,0.1144438962634793,0.11743947004496945
2015-12-04,7781.89990234375,7821.39990234375,7775.7001953125,7817.60009765625,152500,-0.01051393274392,0.1189066253464853,0.11997222399343878
2015-12-07,7765.39990234375,7825.39990234375,7746.0498046875,7816.5498046875,137600,-0.0021225558652615,0.1184616179143111,0.12537377414125453
2015-12-08,7701.7001953125,7771.25,7685.4501953125,7738.5,135100,-0.008236846826399,0.1205488392431022,0.12140494429078681
2015-12-09,7612.5,7702.85009765625,7606.89990234375,7695.5,140000,-0.0116494760359169,0.1215405560937838,0.12310447814657541
2015-12-10,7683.2998046875,7691.9501953125,7610.0,7643.2998046875,140800,0.0092574839139351,0.127655033023785,0.13008497558629262
2015-12-11,7610.4501953125,7703.0498046875,7575.2998046875,7699.60009765625,167800,-0.009526788440796,0.1301131491403439,0.13225438624612615
2015-12-14,7650.0498046875,7663.9501953125,7551.0498046875,7558.2001953125,148900,0.0051898297247641,0.1202466370027988,0.1345684276618003
2015-12-15,7700.89990234375,7705.0,7625.10009765625,7659.14990234375,134300,0.0066250342311558,0.12272204615846,0.13174390544121825
2015-12-16,7750.89990234375,7776.60009765625,7715.75,7725.25,154300,0.0064717605906419,0.1232333685218078,0.1304816292529321
2015-12-17,7844.35009765625,7852.89990234375,7737.5498046875,7783.0498046875,175900,0.0119845868239735,0.1297276280235985,0.12917248430654643
2015-12-18,7761.9501953125,7836.14990234375,7753.35009765625,7828.89990234375,191400,-0.0105599234296625,0.1260969994031454,0.13589043373245865
2015-12-21,7834.4501953125,7840.75,7733.4501953125,7745.64990234375,126300,0.0092970839936813,0.1201671225641437,0.13933551221834548
2015-12-22,7786.10009765625,7846.2998046875,7776.85009765625,7829.39990234375,125700,-0.0061905952301657,0.1218033803183565,0.14055487815278206
2015-12-23,7865.9501953125,7871.4501953125,7826.10009765625,7830.4501953125,117900,0.0102032371351069,0.1272119579172381,0.13811809609522727
2015-12-24,7861.0498046875,7888.75,7835.5,7888.75,93500,-0.0006231818889286,0.1269573987841132,0.14075989697872465
2015-12-28,7925.14990234375,7937.2001953125,7863.0,7863.2001953125,122900,0.0081210742469741,0.1280044948842361,0.1354635392448286
2015-12-29,7928.9501953125,7942.14990234375,7902.75,7929.2001953125,113000,0.000479408231073,0.1253179611877336,0.13555480834024528
2015-12-30,7896.25,7944.75,7889.85009765625,7938.60009765625,106800,-0.0041326797069952,0.1260790534139655,0.1305720195824898
2015-12-31,7946.35009765625,7955.5498046875,7891.14990234375,7897.7998046875,150900,0.0063247528004326,0.1278153280143084,0.12727107227142237
2016-01-04,7791.2998046875,7937.5498046875,7781.10009765625,7924.5498046875,134700,-0.0197050145234202,0.1446674945404922,0.12609544025375993
2016-01-05,7784.64990234375,7831.2001953125,7763.25,7828.39990234375,145200,-0.0008538680302466,0.1419652154682426,0.15091977550168137
2016-01-06,7741.0,7800.9501953125,7721.2001953125,7788.0498046875,147100,-0.0056229552549625,0.13858191377432,0.14502401101993392
2016-01-07,7568.2998046875,7674.9501953125,7556.60009765625,7673.35009765625,188900,-0.0225624324733549,0.1586898016845234,0.1417424657252138
2016-01-08,7601.35009765625,7634.10009765625,7581.0498046875,7611.64990234375,157400,0.0043574301946149,0.1576712353614422,0.1704026695771287
2016-01-11,7563.85009765625,7605.10009765625,7494.35009765625,7527.4501953125,189000,-0.0049455432107058,0.1534176891161995,0.16448918853458447
2016-01-12,7510.2998046875,7588.2998046875,7487.7998046875,7587.2001953125,163900,-0.0071049470232057,0.1510188174355909,0.15931597833027827
2016-01-13,7562.39990234375,7590.9501953125,7425.7998046875,7557.89990234375,215200,0.0069132015057189,0.15017460048933,0.1562165376534112
2016-01-14,7536.7998046875,7604.7998046875,7443.7998046875,7467.39990234375,200800,-0.0033909243778356,0.1491593843636723,0.1531855186764619
2016-01-15,7437.7998046875,7566.5,7427.2998046875,7561.64990234375,197500,-0.0132225829045312,0.1526658422182204,0.14790125075273505
2016-01-18,7351.0,7463.64990234375,7336.39990234375,7420.35009765625,233600,-0.0117387215413259,0.1534821152705142,0.1542398688008389
2016-01-19,7435.10009765625,7462.75,7364.14990234375,7381.7998046875,188300,0.0113756844633348,0.1527697847041403,0.1573484244416621
2016-01-20,7309.2998046875,7470.89990234375,7241.5,7357.0,225600,-0.0170645596338279,0.1586160333895208,0.15956363233610504
2016-01-21,7276.7998046875,7398.7001953125,7250.0,7376.64990234375,240700,-0.0044563049278707,0.1523647445993246,0.1715038339440905
2016-01-22,7422.4501953125,7433.39990234375,7327.60009765625,7355.7001953125,229200,0.0198180393784127,0.1719870269791663,0.1655728626353292
2016-01-25,7436.14990234375,7487.14990234375,7421.2001953125,7468.75,163200,0.001844010986664,0.1667001048108194,0.1823746428678459
2016-01-27,7437.75,7477.89990234375,7419.7001953125,7469.60009765625,187600,0.0002151550935434,0.1668553887449453,0.17478190836678956
2016-01-28,7424.64990234375,7468.85009765625,7409.60009765625,7426.5,274500,-0.0017628513745914,0.1622767919462538,0.16742881757023448
2016-01-29,7563.5498046875,7575.64990234375,7402.7998046875,7413.35009765625,298700,0.0185350984938957,0.1785425320468991,0.16069897114438297
2016-02-01,7555.9501953125,7600.4501953125,7541.25,7589.5,200400,-0.0010052726631166,0.1784549409936464,0.17554423983385767
2016-02-02,7455.5498046875,7576.2998046875,7428.0498046875,7566.64990234375,230200,-0.0133766629206659,0.1797841789386569,0.1682059095801535
2016-02-03,7361.7998046875,7419.39990234375,7350.2998046875,7392.4501953125,192000,-0.0126542537612866,0.173081357438893,0.17224082838081486
2016-02-04,7404.0,7457.0498046875,7365.9501953125,7411.4501953125,222700,0.005715953184809,0.1754445133920408,0.17470227259519824
2016-02-05,7489.10009765625,7503.14990234375,7406.64990234375,7418.25,249800,0.0114282484242265,0.1813267021113582,0.16934182688081195
2016-02-08,7387.25,7512.5498046875,7363.2001953125,7489.7001953125,171500,-0.0136931019234252,0.1706827155885157,0.17035667520203499
2016-02-09,7298.2001953125,7323.4501953125,7275.14990234375,7303.9501953125,212100,-0.012127772043135,0.1735066338425058,0.17464204400050276
2016-02-10,7215.7001953125,7271.85009765625,7177.75,7264.2998046875,246900,-0.011368534484495,0.1763133802265883,0.17608225303875233
2016-02-11,6976.35009765625,7208.64990234375,6959.9501953125,7203.60009765625,292300,-0.0337333633197819,0.2070199080213186,0.17633731294430885
2016-02-12,6980.9501953125,7034.7998046875,6869.0,7023.64990234375,333900,0.0006591672782349,0.2041655877259503,0.22775157771733479
2016-02-15,7162.9501953125,7182.7998046875,7056.7998046875,7057.35009765625,354200,0.0257368959166137,0.2284121954509501,0.21744955293505258
2016-02-16,7048.25,7204.64990234375,7037.7001953125,7201.25,253800,-0.0161425754990748,0.2303674180192444,0.23817166760977165
2016-02-17,7108.4501953125,7123.7001953125,6960.64990234375,7058.85009765625,260000,0.0085048856518307,0.2308792664840067,0.2387538266615376
2016-02-18,7191.75,7215.10009765625,7127.85009765625,7177.39990234375,246700,0.0116502910075185,0.2310755669811547,0.23106659659410936
2016-02-19,7210.75,7226.85009765625,7145.9501953125,7170.5498046875,192300,0.0026384323585623,0.224429043359347,0.2267880461374172
2016-02-22,7234.5498046875,7252.39990234375,7200.7001953125,7208.85009765625,154400,0.003295165423269,0.224377370706667,0.21684772827420631
2016-02-23,7109.5498046875,7241.7001953125,7090.7001953125,7240.2998046875,194400,-0.0174292103005059,0.219388707300573,0.20766032065385173
2016-02-24,7018.7001953125,7090.7998046875,7009.75,7075.0,199700,-0.0128608796700014,0.2219974665229671,0.2135707093254408
2016-02-25,6970.60009765625,7034.2001953125,6961.39990234375,7029.85009765625,283100,-0.006876725240095,0.2221627312992696,0.21218029723915766
2016-02-26,7029.75,7052.89990234375,6985.10009765625,7039.2998046875,206700,0.0084498250215755,0.2257191561536348,0.20509255202869808
2016-02-29,6987.0498046875,7094.60009765625,6825.7998046875,7050.4501953125,473400,-0.0060927355742289,0.2123887892421312,0.1997206477090752
2016-03-01,7222.2998046875,7235.5,7035.10009765625,7038.25,275100,0.0331150269508819,0.2479135547750338,0.1929310830318683
2016-03-02,7368.85009765625,7380.35009765625,7308.14990234375,7321.7001953125,338500,0.0200882345975481,0.2557983266709389,0.23780891495522866
2016-03-03,7475.60009765625,7483.9501953125,7406.0498046875,7429.5498046875,278600,0.014382727390574,0.256831695427558,0.2445004372496643
2016-03-04,7485.35009765625,7505.89990234375,7444.10009765625,7505.39990234375,281700,0.0013033933343828,0.2562065575239701,0.2421946469357043
2016-03-08,7485.2998046875,7527.14990234375,7442.14990234375,7486.39990234375,257000,-6.718875810813698e-06,0.2531159213256689,0.23116267156109016
2016-03-09,7531.7998046875,7539.0,7424.2998046875,7436.10009765625,245100,0.0061929600024488,0.2489241657025528,0.2206540827926277
2016-03-10,7486.14990234375,7547.10009765625,7447.39990234375,7545.35009765625,224700,-0.0060793974986435,0.2457907258092572,0.21257911747921507
2016-03-11,7510.2001953125,7543.9501953125,7460.60009765625,7484.85009765625,198700,0.0032074889464729,0.2415409221752113,0.20494854702750423
2016-03-14,7538.75,7583.7001953125,7515.0498046875,7542.60009765625,166900,0.0037942631968658,0.2038109930240943,0.19642111800472484
2016-03-15,7460.60009765625,7545.2001953125,7452.7998046875,7535.85009765625,193700,-0.010420532757604,0.2094249523244151,0.188617283570193
2016-03-16,7498.75,7508.0,7405.14990234375,7457.0498046875,195400,0.0051004869597104,0.1929522309064303,0.18653959804320255
2016-03-17,7512.5498046875,7585.2998046875,7479.39990234375,7557.39990234375,239600,0.0018385894298917,0.1811277587476265,0.17999845055669295
2016-03-18,7604.35009765625,7613.60009765625,7517.89990234375,7534.64990234375,237400,0.0121455354001086,0.1829422957398829,0.17254321417363258
2016-03-21,7704.25,7713.5498046875,7617.7001953125,7619.2001953125,196800,0.0130516598291204,0.1838191233287202,0.1742301451314134
2016-03-22,7714.89990234375,7728.2001953125,7643.7998046875,7695.5498046875,208900,0.0013813866658977,0.183925776835664,0.17706647767242584
2016-03-23,7716.5,7726.85009765625,7670.60009765625,7717.4501953125,199600,0.0002073820485646,0.1842202737902958,0.16969410007394484
2016-03-28,7615.10009765625,7749.39990234375,7587.7001953125,7741.0,242400,-0.0132277622974579,0.1788251550600402,0.16263619396529538
2016-03-29,7597.0,7652.89990234375,7582.25,7606.5498046875,216800,-0.0023796985402065,0.1703989805719714,0.16710035584236538
2016-03-30,7735.2001953125,7741.9501953125,7643.4501953125,7651.10009765625,232600,0.0180279329159478,0.1726172024338557,0.16055346330037787
2016-03-31,7738.39990234375,7777.60009765625,7702.0,7727.64990234375,380100,0.0004135698294723,0.172812520334256,0.17433629970936795
2016-04-01,7713.0498046875,7740.14990234375,7666.10009765625,7718.0498046875,183900,-0.0032812610960895,0.1708898038707956,0.16701664799203836
2016-04-04,7758.7998046875,7764.4501953125,7704.39990234375,7733.14990234375,155500,0.0059139837185546,0.1364170484362754,0.16080075231712596
2016-04-05,7603.2001953125,7736.2998046875,7588.64990234375,7736.2998046875,203800,-0.0202584208946938,0.1455631364445347,0.15657098997582314
2016-04-06,7614.35009765625,7638.64990234375,7591.75,7636.0498046875,165600,0.0014654006885952,0.1378201354864818,0.17608333286886968
2016-04-07,7546.4501953125,7630.75,7535.85009765625,7630.39990234375,234400,-0.0089573577941213,0.1419408451044126,0.16878280810051538
2016-04-08,7555.2001953125,7569.35009765625,7526.7001953125,7542.35009765625,143400,0.0011588138717068,0.141957520198882,0.16678542565010135
2016-04-11,7671.39990234375,7678.7998046875,7516.85009765625,7577.7998046875,179800,0.015263021567415,0.1498447841853977,0.15998087098657038
2016-04-12,7708.9501953125,7717.39990234375,7663.35009765625,7669.25,163400,0.0048829015384887,0.1482379908381698,0.16834201863312026
2016-04-13,7850.4501953125,7864.7998046875,7772.2001953125,7777.14990234375,220400,0.0181888630048617,0.1592215081722937,0.16286899545364864
2016-04-18,7914.7001953125,7920.60009765625,7842.75,7908.14990234375,184600,0.0081509347042485,0.1605122247505586,0.17660302216966223
2016-04-20,7914.75,7950.39990234375,7877.5498046875,7950.0498046875,205300,6.292661701482301e-06,0.1540189271717629,0.17312442181669904
2016-04-21,7912.0498046875,7978.4501953125,7884.10009765625,7953.64990234375,223700,-0.0003412181075164,0.1541545205503944,0.16586444017588
2016-04-22,7899.2998046875,7923.35009765625,7873.35009765625,7891.7998046875,183300,-0.0016127659027939,0.1548187624916873,0.1590352516522106
2016-04-25,7855.0498046875,7911.0,7827.0,7894.7998046875,146300,-0.0056175110317398,0.1529329810780428,0.15277643042315317
2016-04-26,7962.64990234375,7974.5,7822.5498046875,7828.14990234375,202400,0.0136052345659834,0.1534688853999632,0.1489071277143891
2016-04-27,7979.89990234375,7991.0,7940.5498046875,7942.0,206800,0.0021640210559946,0.1534806520628015,0.15578834047875104
2016-04-28,7847.25,7992.0,7834.4501953125,7967.39990234375,292500,-0.0167627158699707,0.1661661195121677,0.1498691963694672
2016-04-29,7849.7998046875,7889.0498046875,7788.7001953125,7844.25,243700,0.0003248769344116,0.1581909549316775,0.16277799147791558
2016-05-02,7805.89990234375,7829.7998046875,7777.2998046875,7822.7001953125,146300,-0.0056081833742117,0.1595639779745752,0.15612978979708045
2016-05-03,7747.0,7890.25,7735.14990234375,7824.7998046875,186500,-0.0075741738575637,0.1500950775668097,0.15200690029931313
2016-05-04,7706.5498046875,7749.0,7697.25,7724.14990234375,199700,-0.0052350803802913,0.1512047671945661,0.14997071182825156
2016-05-05,7735.5,7777.5498046875,7706.85009765625,7731.0,185100,0.0037495319075121,0.1513588532386972,0.14601899535128174
2016-05-06,7733.4501953125,7738.89990234375,7678.35009765625,7717.64990234375,163600,-0.0002650218241854,0.1498944380658424,0.14139323205957596
2016-05-09,7866.0498046875,7873.64990234375,7753.5498046875,7755.25,160600,0.0170009042776952,0.1423109619820836,0.1360335426829816
2016-05-10,7887.7998046875,7896.89990234375,7837.7001953125,7873.5498046875,162000,0.0027612316174809,0.1423641923987542,0.15195904469535565
2016-05-11,7848.85009765625,7893.10009765625,7780.89990234375,7804.64990234375,214100,-0.0049502005585438,0.1392338832399783,0.14648387044908728
2016-05-12,7900.39990234375,7916.0498046875,7849.64990234375,7871.4501953125,152700,0.0065463420522076,0.1401345686927109,0.14258006303445672
2016-05-13,7814.89990234375,7881.0,7784.2001953125,7881.0,179500,-0.0108812233515407,0.1385128446100118,0.1403106751303657
2016-05-16,7860.75,7873.89990234375,7772.14990234375,7831.2001953125,205200,0.0058498663461592,0.1389046708490061,0.14372754601909857
2016-05-17,7890.75,7940.10009765625,7879.7001953125,7896.85009765625,183400,0.0038091656381104,0.1245842375139282,0.14073545058992573
2016-05-18,7870.14990234375,7882.0498046875,7810.75,7846.75,156400,-0.0026140778146703,0.1215188485150908,0.13650596880928148
2016-05-19,7783.39990234375,7876.2001953125,7766.7998046875,7875.5,170400,-0.0110838613858264,0.1271449933980359,0.1319775970544171
2016-05-20,7749.7001953125,7812.39990234375,7735.75,7792.2001953125,157000,-0.0043390900326874,0.127717410731861,0.13675185996771919
2016-05-23,7731.0498046875,7820.60009765625,7722.2001953125,7813.9501953125,172000,-0.0024094956185153,0.1277963721479419,0.13313455142131442
2016-05-24,7748.85009765625,7761.5498046875,7715.7998046875,7738.0498046875,147000,0.0022997953380331,0.1271529787760923,0.1287498798423166
2016-05-25,7934.89990234375,7941.2001953125,7809.2998046875,7811.7998046875,176200,0.0237262813366222,0.1450256887330845,0.12461769900000702
2016-05-26,8069.64990234375,8083.0,7948.5,7974.4501953125,264300,0.0168393595342784,0.1564564220899625,0.16132440120187844
2016-05-27,8156.64990234375,8164.2001953125,8077.0498046875,8081.9501953125,260900,0.0107234347618368,0.1468498149247043,0.172530752722261
2016-05-30,8178.5,8200.0,8150.7998046875,8166.5,247400,0.0026752262230023,0.1467696604612083,0.17229343825314128
2016-05-31,8160.10009765625,8213.599609375,8134.2998046875,8209.849609375,471000,-0.0022523239460265,0.1450414149235916,0.16552577825156348
2016-06-01,8179.9501953125,8215.349609375,8171.0498046875,8179.2001953125,194400,0.0024296262330994,0.1406974969946118,0.15903650679128478
2016-06-02,8218.9501953125,8229.5,8154.75,8156.89990234375,181700,0.0047564254428807,0.1379261319323763,0.1529991652304042
2016-06-03,8220.7998046875,8262.0,8209.849609375,8246.2001953125,379000,0.0002250167286977,0.1382458495489538,0.14849758182806203
2016-06-06,8201.0498046875,8234.7001953125,8186.0498046875,8228.75,171600,-0.0024053331374929,0.1390591927536796,0.14270067554428595
2016-06-07,8266.4501953125,8294.9501953125,8216.400390625,8235.5498046875,241900,0.0079430070714572,0.1306886018793839,0.1376866696290442
2016-06-08,8273.0498046875,8288.900390625,8252.0498046875,8285.5,174300,0.0007980422292402,0.130790367408924,0.13734803586588984
2016-06-09,8203.599609375,8273.349609375,8184.60009765625,8273.349609375,174900,-0.0084301856371499,0.1337336550725984,0.13228410182048778
2016-06-10,8170.0498046875,8265.599609375,8162.85009765625,8180.25,182200,-0.0040980298028367,0.1343614438945981,0.13308551582514855
2016-06-13,8110.60009765625,8125.25,8063.89990234375,8102.25,169700,-0.0073031447296469,0.1306958010403097,0.12957695549694928
2016-06-14,8108.85009765625,8134.9501953125,8069.5,8134.39990234375,145500,-0.0002157902993896,0.1299963540238865,0.1292600141596878
2016-06-15,8206.599609375,8213.2001953125,8123.14990234375,8139.39990234375,169800,0.0119825911101933,0.1348351142680469,0.12466276669692107
2016-06-16,8140.75,8180.64990234375,8074.4501953125,8180.64990234375,189200,-0.0080563476172897,0.1383862358676248,0.13203057491852943
2016-06-17,8170.2001953125,8195.25,8135.7998046875,8176.64990234375,166600,0.0036110989197415,0.1305428483929693,0.13238136672073175
2016-06-20,8238.5,8244.150390625,8107.35009765625,8115.75,168600,0.0083248762334282,0.1297850537314422,0.12862528208132074
2016-06-21,8219.900390625,8257.25,8202.150390625,8255.400390625,137000,-0.0022601974495153,0.1297089215953409,0.12966871118247758
2016-06-22,8203.7001953125,8238.349609375,8153.25,8213.650390625,136100,-0.0019727952444882,0.1308059937592749,0.12545982350788207
2016-06-23,8270.4501953125,8285.599609375,8188.2998046875,8201.150390625,154100,0.0081036488925214,0.1084783558267102,0.12143334691331918
2016-06-24,8088.60009765625,8100.7001953125,7927.0498046875,8029.10009765625,297600,-0.0222332696976114,0.1242941546057012,0.12294829486999154
2016-06-27,8094.7001953125,8120.64990234375,8039.35009765625,8039.35009765625,162500,0.0007538756415223,0.1182189659376876,0.1557072852491605
2016-06-28,8127.85009765625,8146.35009765625,8086.85009765625,8096.0498046875,170400,0.0040868972986644,0.1187759300205207,0.1495111050327787
2016-06-29,8204.0,8212.400390625,8157.64990234375,8173.10009765625,147000,0.0093253922536919,0.1230667234497025,0.1448368895870758
2016-06-30,8287.75,8308.150390625,8242.099609375,8260.25,279400,0.0101566807593836,0.1276137041375088,0.14552477409154457
2016-07-01,8328.349609375,8356.75,8308.650390625,8313.0498046875,165500,0.0048867894542098,0.1276676895666495,0.14727523797150197
2016-07-04,8370.7001953125,8398.4501953125,8364.7001953125,8376.75,154200,0.0050722259326849,0.1285751040310621,0.14326929408445832
2016-07-05,8335.9501953125,8381.4501953125,8319.9501953125,8379.2998046875,139000,-0.0041600260138615,0.1292784329151689,0.13969077702702132
2016-07-07,8337.900390625,8361.9501953125,8317.7001953125,8342.0,155500,0.0002339226096985,0.1266251362802781,0.13574550973188104
2016-07-08,8323.2001953125,8353.2998046875,8287.5498046875,8350.0,137900,-0.0017646132140196,0.1268371424662863,0.13073696664564088
2016-07-11,8467.900390625,8475.25,8407.0498046875,8413.349609375,149800,0.0172357704308392,0.1354766603572265,0.12629454444816476
2016-07-12,8521.0498046875,8526.599609375,8479.2001953125,8502.599609375,183600,0.0062569595942416,0.1348230293524045,0.14474361293981092
2016-07-13,8519.5,8550.25,8493.5498046875,8540.4501953125,195500,-0.0001818960901539,0.1308271519672874,0.14202859936183237
2016-07-14,8565.0,8571.400390625,8500.7001953125,8515.75,153900,0.0053264781029264,0.130870489912259,0.1366268220677035
2016-07-15,8541.400390625,8594.7998046875,8510.0498046875,8565.4501953125,221700,-0.0027591572520208,0.1274818505008925,0.13375260468191005
2016-07-18,8508.7001953125,8587.099609375,8494.349609375,8564.0498046875,164300,-0.0038357821106622,0.124120922565515,0.12947001265927985
2016-07-19,8528.5498046875,8540.0498046875,8476.7001953125,8514.2998046875,167900,0.0023301434628515,0.1240043526639677,0.12605851707863525
2016-07-20,8565.849609375,8569.900390625,8512.5498046875,8515.4501953125,160300,0.0043639864706521,0.1222228716898235,0.12212088595606543
2016-07-21,8510.099609375,8585.25,8503.4501953125,8582.7001953125,150000,-0.0065296748506876,0.1248998820248486,0.11962794026455821
2016-07-22,8541.2001953125,8548.9501953125,8489.7998046875,8519.650390625,143200,0.0036478885225085,0.1243609308189152,0.11937731769355277
2016-07-25,8635.650390625,8641.150390625,8517.2001953125,8519.9501953125,150000,0.0109974930243212,0.1265586345593481,0.11659822120451896
2016-07-26,8590.650390625,8644.900390625,8577.150390625,8633.75,154800,-0.0052245810557146,0.0952737991888167,0.12333532131818607
2016-07-27,8615.7998046875,8665.0,8572.0498046875,8599.400390625,184100,0.0029232563005614,0.0949632539515759,0.12144620327476614
2016-07-28,8666.2998046875,8674.7001953125,8625.25,8636.9501953125,233500,0.0058442139411648,0.0954175055435787,0.11809796488768763
2016-07-29,8638.5,8670.349609375,8631.150390625,8668.2998046875,157000,-0.0032129615963578,0.0949191592151901,0.11725468851046535
2016-08-01,8636.5498046875,8711.2998046875,8590.5,8654.2998046875,188400,-0.0002257817306269,0.0910427902603052,0.11437043881535883
2016-08-02,8622.900390625,8687.2001953125,8611.400390625,8647.4501953125,169400,-0.0015816745902789,0.0911827925776406,0.11075602652120438
2016-08-03,8544.849609375,8635.4501953125,8529.599609375,8635.2001953125,163000,-0.0090927837382057,0.0974796640762881,0.10762334208325273
2016-08-04,8551.099609375,8601.400390625,8518.150390625,8599.9501953125,164700,0.0007311673892417,0.0956857087356502,0.11229554572867756
2016-08-05,8683.150390625,8689.400390625,8590.150390625,8600.2001953125,157900,0.0153245270883402,0.1073125086795206,0.10886849886751689
2016-08-08,8711.349609375,8723.5,8697.599609375,8712.849609375,172600,0.0032423172214172,0.1065381715804868,0.12639385451994975
2016-08-09,8678.25,8728.349609375,8638.2001953125,8727.7998046875,200100,-0.0038068328301676,0.0931404620635161,0.12285846505361595
2016-08-10,8575.2998046875,8690.099609375,8564.599609375,8686.7001953125,173600,-0.0119339403558223,0.1015550169572878,0.1199188307938325
2016-08-11,8592.150390625,8601.150390625,8540.0498046875,8572.7998046875,189200,0.0019630860910883,0.1016979115356319,0.12791015060358887
2016-08-16,8642.5498046875,8682.349609375,8600.4501953125,8670.25,224800,0.0058486143833095,0.1020318638885244,0.12371581804056804
2016-08-17,8624.0498046875,8667.099609375,8603.599609375,8639.7998046875,174100,-0.0021428662849281,0.1018113053559032,0.12237560936465454
2016-08-18,8673.25,8690.7001953125,8645.0498046875,8648.849609375,164300,0.0056887871001746,0.1020951809753045,0.1186193067856717
2016-08-19,8666.900390625,8696.599609375,8647.099609375,8694.2998046875,191900,-0.0007323592374647,0.1021104132528966,0.1175723952385893
2016-08-22,8629.150390625,8684.849609375,8614.0,8667.0,152300,-0.0043651652530661,0.1027108049796587,0.11378551213797115
2016-08-23,8632.599609375,8642.150390625,8580.0,8628.349609375,187500,0.0003996372089627,0.0996206222032271,0.11196578512591694
2016-08-24,8650.2998046875,8661.0498046875,8620.900390625,8648.5,149600,0.002048290749933,0.0991733878432261,0.10852609680014484
2016-08-25,8592.2001953125,8683.0498046875,8583.650390625,8668.849609375,213100,-0.0067391421502295,0.0946841609474485,0.10571759058850479
2016-08-26,8572.5498046875,8622.9501953125,8547.5498046875,8614.349609375,147500,-0.0022896225356679,0.0932727639803307,0.10713937398022368
2016-08-29,8607.4501953125,8622.0,8543.75,8583.75,129700,0.004062914858462,0.0938202168014702,0.10453596129571771
2016-08-30,8744.349609375,8750.599609375,8642.25,8646.75,150200,0.0157796028316789,0.1070586876005082,0.103254609507161
2016-08-31,8786.2001953125,8819.2001953125,8754.0498046875,8754.0498046875,362200,0.0047745981624819,0.1072124625782191,0.12325193035749876
2016-09-01,8774.650390625,8813.25,8759.9501953125,8793.599609375,238900,-0.0013154039773133,0.1074110162120298,0.12098887814451355
2016-09-02,8809.650390625,8824.099609375,8768.2001953125,8796.349609375,191500,0.0039808288831956,0.1076142265533122,0.11707792945639509
2016-09-06,8943.0,8950.849609375,8848.4501953125,8852.7001953125,195600,0.0150233474468299,0.1114176260638582,0.11470197846368725
2016-09-07,8917.9501953125,8968.7001953125,8913.349609375,8968.7001953125,290100,-0.0028049819116828,0.1126589464072076,0.1302496270856913
2016-09-08,8952.5,8960.349609375,8896.0,8915.5,217200,0.0038667014380895,0.1020794713100312,0.1262262074103117
2016-09-09,8866.7001953125,8939.150390625,8858.7001953125,8934.2998046875,175900,-0.0096301143518348,0.1087599707701244,0.12307333757731646
2016-09-12,8715.599609375,8746.9501953125,8699.400390625,8732.9501953125,184500,-0.0171882299396912,0.124679647788869,0.12662372687697862
2016-09-14,8726.599609375,8739.849609375,8688.900390625,8710.650390625,184300,0.0012613090035687,0.116610938128524,0.14488712672931536
2016-09-15,8742.5498046875,8751.9501953125,8704.349609375,8743.849609375,145400,0.0018260991839711,0.1165951732239502,0.1394240655701403
2016-09-16,8779.849609375,8847.650390625,8750.5,8780.849609375,265800,0.0042573919410826,0.1158595292560559,0.1344359239548283
2016-09-19,8808.400390625,8824.2998046875,8774.2001953125,8788.4501953125,131700,0.0032465772692253,0.1156677003044362,0.13093341349364238
2016-09-20,8775.900390625,8816.4501953125,8759.2998046875,8816.099609375,136500,-0.0036964832905136,0.1154503286456224,0.1270789881316741
2016-09-21,8777.150390625,8826.849609375,8757.2998046875,8790.2998046875,148800,0.0001424253843608,0.1153666579670278,0.1237561879077595
2016-09-22,8867.4501953125,8893.349609375,8837.7998046875,8873.349609375,172800,0.0102354930170989,0.1184906724561845,0.11951331738196348
2016-09-23,8831.5498046875,8885.2001953125,8820.2998046875,8880.75,185900,-0.0040567760733005,0.1199131054210256,0.12450245159014504
2016-09-26,8723.0498046875,8809.5498046875,8715.099609375,8807.900390625,164000,-0.0123615900172105,0.1285343806315364,0.12160540115433281
2016-09-27,8706.400390625,8768.5,8690.5,8748.900390625,151400,-0.0019104927510736,0.1262232846882829,0.13016073661106087
2016-09-28,8745.150390625,8767.0498046875,8703.150390625,8711.2001953125,165500,0.0044408733836031,0.1264157149120239,0.12579994676011497
2016-09-29,8591.25,8800.650390625,8558.25,8792.7001953125,372900,-0.0177550621960591,0.1413551724873181,0.12307701134105935
2016-09-30,8611.150390625,8637.150390625,8555.2001953125,8581.5,181700,0.0023136770509358,0.1295073176924617,0.14352472109984504
2016-10-03,8738.099609375,8745.2001953125,8635.0,8666.150390625,137300,0.0146348095219124,0.1389490295422975,0.13842550266156314
2016-10-04,8769.150390625,8783.650390625,8736.099609375,8770.0,184300,0.0035471948830647,0.1395041841396132,0.14882320511706618
2016-10-05,8743.9501953125,8806.9501953125,8731.400390625,8806.349609375,157200,-0.0028778699216004,0.1390421323293407,0.1439026477115737
2016-10-06,8709.5498046875,8781.150390625,8684.650390625,8768.7001953125,163600,-0.0039419526365027,0.1276655858060521,0.13899551174566555
2016-10-07,8697.599609375,8723.7001953125,8663.7998046875,8721.7001953125,150400,-0.0013730217286708,0.1275434873692886,0.13496561899464202
2016-10-10,8708.7998046875,8745.7998046875,8703.9501953125,8735.349609375,108400,0.0012869056479532,0.1265637189102328,0.13015053220028033
2016-10-13,8573.349609375,8681.5498046875,8541.349609375,8671.5,212300,-0.0156754771216134,0.1331307619507074,0.12562771366239706
2016-10-14,8583.400390625,8604.4501953125,8549.7998046875,8594.0,162800,0.001171641761961,0.1206549009135927,0.14051887988627798
2016-10-17,8520.400390625,8615.400390625,8506.150390625,8612.9501953125,197400,-0.0073668169692744,0.1225497646327223,0.13531216110943817
2016-10-18,8677.900390625,8685.099609375,8555.900390625,8556.0498046875,216600,0.0183162749892034,0.1396910169631418,0.13453045025337015
2016-10-19,8659.099609375,8698.75,8636.7001953125,8697.5,172100,-0.002168862965894,0.1387892479368802,0.1538752681286278
2016-10-20,8699.400390625,8727.0,8678.2998046875,8693.349609375,161000,0.0046433567024341,0.1393676972279351,0.14807611563902806
2016-10-21,8693.0498046875,8709.099609375,8652.0498046875,8708.599609375,157300,-0.0007302693005771,0.1389134647555754,0.1438470708794591
2016-10-24,8708.9501953125,8736.9501953125,8684.150390625,8709.849609375,157100,0.0018274215664756,0.1391267357701517,0.13837030194246777
2016-10-25,8691.2998046875,8722.650390625,8663.4501953125,8721.7001953125,189800,-0.0020287520787162,0.133727397254811,0.1334500570741357
2016-10-26,8615.25,8657.2998046875,8596.599609375,8657.2998046875,219300,-0.0087886141432832,0.1360937458820416,0.12890994386862065
2016-10-27,8615.25,8624.849609375,8550.25,8607.099609375,242800,0.0,0.1298932675697824,0.13054869448041648
2016-10-28,8638.0,8653.75,8581.75,8625.0,175500,0.0026371858270232,0.1302664686244642,0.12586512026145671
2016-11-01,8626.25,8669.599609375,8614.5,8653.150390625,165000,-0.0013611945858348,0.1291088521270479,0.12206895312418493
2016-11-02,8514.0,8549.5,8504.849609375,8542.7998046875,155300,-0.0130980125467139,0.1221563074154619,0.1180961071171317
2016-11-03,8484.9501953125,8537.650390625,8476.150390625,8499.849609375,170500,-0.0034178384703509,0.1221477366381101,0.12871395250159534
2016-11-04,8433.75,8504.0,8400.25,8503.599609375,224800,-0.0060525159761116,0.1098167408283906,0.12510945103133758
2016-11-07,8497.0498046875,8535.849609375,8481.4501953125,8535.75,172800,0.0074775084884729,0.1129761667474294,0.12384889788815509
2016-11-08,8543.5498046875,8559.400390625,8480.099609375,8540.0,195700,0.0054575679826926,0.1153609634230738,0.12430153129997323
2016-11-09,8432.0,8476.2001953125,8002.25,8067.5,314300,-0.0131425976316571,0.1224007973336663,0.12254056716164415
2016-11-10,8525.75,8598.4501953125,8510.7001953125,8555.599609375,263100,0.0110570040404547,0.1299577361145853,0.13250112063619265
2016-11-11,8296.2998046875,8460.599609375,8284.9501953125,8456.650390625,266900,-0.0272813871024,0.1583419637543942,0.13716354163086147
2016-11-15,8108.4501953125,8288.5498046875,8093.2001953125,8284.849609375,359200,-0.022902856859881,0.1677293264313974,0.18085940830009736
2016-11-16,8111.60009765625,8210.0498046875,8089.39990234375,8205.650390625,269500,0.0003883961302774,0.1675260046273332,0.20185117044579176
2016-11-17,8079.9501953125,8151.25,8060.2998046875,8105.10009765625,191300,-0.0039094394399234,0.166736674122867,0.19296650468194212
2016-11-18,8074.10009765625,8128.9501953125,8048.2998046875,8097.5498046875,161200,-0.0007242886837538,0.148829857038445,0.18542008161174856
2016-11-21,7929.10009765625,8102.4501953125,7916.39990234375,8102.10009765625,218800,-0.018121871425978,0.1571484101292731,0.1774842026506982
2016-11-22,8002.2998046875,8019.0498046875,7938.14990234375,7989.14990234375,210200,0.0091894274947825,0.1611087363026928,0.18875443257575736
2016-11-23,8033.2998046875,8055.2001953125,7973.10009765625,8051.2001953125,181000,0.0038664021768522,0.1630512529697884,0.18533328968150117
2016-11-24,7965.5,8024.85009765625,7952.5498046875,8011.7998046875,260500,-0.0084756620986245,0.1625091941090301,0.17823450316976167
2016-11-25,8114.2998046875,8122.25,7976.75,8007.9501953125,177900,0.0185081971326499,0.1806088135394502,0.17494377242663475
2016-11-28,8126.89990234375,8146.5,8066.5,8080.64990234375,189700,0.0015516218520139,0.1801801524572213,0.18737798330519315
2016-11-29,8142.14990234375,8197.349609375,8128.7001953125,8131.5498046875,189700,0.0018747258935887,0.1806608441446947,0.17943811226672318
2016-11-30,8224.5,8234.25,8139.25,8172.14990234375,248000,0.0100632436210104,0.1851942653909097,0.17202365395223587
2016-12-01,8192.900390625,8250.7998046875,8185.0498046875,8244.0,157700,-0.0038495313077255,0.1852298539485486,0.17101399006743093
2016-12-02,8086.7998046875,8159.2998046875,8070.0498046875,8153.5498046875,171500,-0.0130348946163291,0.1851842788480274,0.16480153932466637
2016-12-05,8128.75,8141.89990234375,8056.85009765625,8088.75,126500,0.0051740815952034,0.1870021768622082,0.16869653607915897
2016-12-06,8143.14990234375,8178.7001953125,8130.85009765625,8153.14990234375,115300,0.0017699108511295,0.186851734280363,0.16338369015218585
2016-12-07,8102.0498046875,8190.4501953125,8077.5,8168.39990234375,169800,-0.0050599790817267,0.184146166551929,0.1568977894653123
2016-12-08,8246.849609375,8256.25,8151.75,8152.10009765625,142500,0.017714169916451,0.1951878245006499,0.15232558987360473
2016-12-09,8261.75,8274.9501953125,8241.9501953125,8271.7001953125,149700,0.0018051676124941,0.1909526468994829,0.16685214467417184
2016-12-12,8170.7998046875,8230.650390625,8154.4501953125,8230.650390625,108100,-0.0110696301085065,0.1887619808343844,0.16016639601761945
2016-12-13,8221.7998046875,8228.849609375,8155.7998046875,8196.150390625,184000,0.0062223400515642,0.1666650404878655,0.16163897380836525
2016-12-14,8182.4501953125,8229.400390625,8165.10009765625,8229.349609375,144600,-0.0047974988003114,0.1464831823536282,0.15759183802957133
2016-12-15,8153.60009765625,8225.900390625,8121.9501953125,8128.39990234375,181800,-0.0035320811496494,0.1471262483138841,0.15279724762497798
2016-12-16,8139.4501953125,8178.7001953125,8127.4501953125,8178.2001953125,203000,-0.001736925332793,0.1465444491424936,0.1476062466874212
2016-12-19,8104.35009765625,8132.5,8094.85009765625,8126.0,107400,-0.0043216675473717,0.1474038712524549,0.14207792148980572
2016-12-20,8082.39990234375,8124.10009765625,8062.75,8110.60009765625,128000,-0.0027121205636996,0.1321782392800213,0.138065337585911
2016-12-21,8061.2998046875,8112.5498046875,8053.25,8105.85009765625,123700,-0.0026140364419853,0.1291542155960047,0.1334736965634967
2016-12-22,7979.10009765625,8046.4501953125,7964.9501953125,8043.85009765625,122600,-0.0102491742213465,0.1334949680712533,0.1291480500198818
2016-12-23,7985.75,8022.60009765625,7942.0498046875,7972.5,124100,0.0008330679821808,0.1301850084303291,0.13292439012297352
2016-12-26,7908.25,7970.0498046875,7893.7998046875,7965.10009765625,106900,-0.0097521850030884,0.1159189469816028,0.1281452029253863
2016-12-27,8032.85009765625,8044.64990234375,7903.7001953125,7915.0498046875,118800,0.0156328778358968,0.1296217587164508,0.13127099273158002
2016-12-28,8034.85009765625,8100.5498046875,8028.39990234375,8047.5498046875,126700,0.0002489466427699,0.1293599715362483,0.14500567349251672
2016-12-29,8103.60009765625,8111.10009765625,8020.7998046875,8030.60009765625,178500,0.0085200765943986,0.1278541171810824,0.13942280459512313
2016-12-30,8185.7998046875,8197.0,8114.75,8119.64990234375,127600,0.0100925025171995,0.1325688878767842,0.13961950205131188
2017-01-02,8179.5,8212.0,8133.7998046875,8210.099609375,118300,-0.0007698979027411,0.1239501308749931,0.14192812959640655
2017-01-03,8192.25,8219.099609375,8148.60009765625,8196.0498046875,127300,0.0015575613575361,0.1228759697571486,0.13657460279699976
2017-01-04,8190.5,8218.5,8180.89990234375,8202.650390625,132400,-0.0002136393470761,0.1227834255938058,0.13169881530625593
2017-01-05,8273.7998046875,8282.650390625,8223.7001953125,8226.650390625,159100,0.0101189259729877,0.1256959366542535,0.1269455967291285
2017-01-06,8243.7998046875,8306.849609375,8233.25,8281.849609375,139400,-0.0036324930615801,0.1107965783707867,0.13078762953255682
2017-01-09,8236.0498046875,8263.0,8227.75,8259.349609375,99100,-0.000940542632975,0.1106355602529391,0.1271577717800799
2017-01-10,8288.599609375,8293.7998046875,8261.0,8262.7001953125,142900,0.006360193250249,0.1053035916336512,0.12276597679693416
2017-01-11,8380.650390625,8389.0,8322.25,8327.7998046875,186500,0.0110444941375065,0.1097323198606886,0.1220353633736959
2017-01-12,8407.2001953125,8417.2001953125,8382.2998046875,8391.0498046875,172600,0.0031629810720875,0.1079648704106843,0.12807764541823127
2017-01-13,8400.349609375,8461.0498046875,8373.150390625,8457.650390625,185300,-0.0008151796539613,0.1068401670602365,0.12438043403790362
2017-01-16,8412.7998046875,8426.7001953125,8374.400390625,8390.9501953125,124100,0.0014810071904502,0.106221962776572,0.12015178608577468
2017-01-17,8398.0,8440.900390625,8378.2998046875,8415.0498046875,122000,-0.001760750075312,0.1047921556083758,0.11633812540068413
2017-01-18,8417.0,8460.2998046875,8397.400390625,8403.849609375,163800,0.0022598879674375,0.1035657861209386,0.11286795172589854
2017-01-19,8435.099609375,8445.150390625,8404.0498046875,8418.400390625,165900,0.0021480547533008,0.1022374619393279,0.10982934172841016
2017-01-20,8349.349609375,8423.650390625,8340.9501953125,8404.349609375,202600,-0.0102178802464588,0.102189655295147,0.1069655705835578
2017-01-23,8391.5,8404.150390625,8327.2001953125,8329.599609375,195000,0.0050356440298158,0.1025385137847443,0.11370418944524022
2017-01-24,8475.7998046875,8480.9501953125,8398.150390625,8407.0498046875,179200,0.0099957322821512,0.0957407802706375,0.11246757643237139
2017-01-25,8602.75,8612.599609375,8493.9501953125,8499.4501953125,292500,0.0148668985383623,0.0945266520106572,0.1180091850726273
2017-01-27,8641.25,8672.7001953125,8606.900390625,8610.5,275400,0.0044653286907273,0.0939588846134383,0.13252787631532548
2017-01-30,8632.75,8662.599609375,8617.75,8635.5498046875,304700,-0.0009841380903137,0.0932815169985059,0.12930985011186133
2017-01-31,8561.2998046875,8631.75,8552.400390625,8629.4501953125,521000,-0.0083110852188643,0.0973759609629394,0.12478521903042201
2017-02-01,8716.400390625,8722.400390625,8537.5,8570.349609375,327700,0.0179543284874153,0.1109873788236242,0.1262180599071473
2017-02-02,8734.25,8757.599609375,8685.7998046875,8724.75,283500,0.00204572496732,0.1109187828829173,0.1464652267025101
2017-02-03,8740.9501953125,8748.25,8707.75,8735.150390625,191000,0.0007668233343177,0.1106067778928459,0.14109309806810916
2017-02-06,8801.0498046875,8814.099609375,8770.2001953125,8785.4501953125,194400,0.0068521085989636,0.1085535817849225,0.1357911165905021
2017-02-07,8768.2998046875,8809.2998046875,8741.0498046875,8805.7001953125,226300,-0.0037280876822229,0.1086270089439126,0.13440789357188873
2017-02-08,8769.0498046875,8791.25,8715.0,8774.5498046875,218700,8.553173850807276e-05,0.1082228881219539,0.13057580105150585
2017-02-09,8778.400390625,8821.400390625,8724.099609375,8795.5498046875,187500,0.0010657487804178,0.1076958338791577,0.1258910914704848
2017-02-10,8793.5498046875,8822.099609375,8771.2001953125,8812.349609375,225900,0.0017242727924366,0.1033871338858964,0.1216032362116946
2017-02-13,8805.0498046875,8826.900390625,8754.2001953125,8819.7998046875,204900,0.0013069223565665,0.1033896213943686,0.11775929896170227
2017-02-14,8792.2998046875,8820.4501953125,8772.5,8819.900390625,188300,-0.0014490821077153,0.1036456915394651,0.11406524110341487
2017-02-15,8724.7001953125,8807.900390625,8712.849609375,8778.9501953125,216100,-0.0077182103048163,0.1091696995610788,0.11066168984673115
2017-02-16,8778.0,8783.9501953125,8719.599609375,8739.0,184600,0.0060904853366915,0.1093909601398668,0.11284849675499754
2017-02-17,8821.7001953125,8896.4501953125,8804.25,8883.7001953125,298300,0.0049660260841438,0.1098392484512474,0.11275982042510081
2017-02-20,8879.2001953125,8886.25,8809.7998046875,8818.5498046875,167800,0.0064968675020789,0.1108239224213431,0.11154213933972462
2017-02-21,8907.849609375,8920.7998046875,8860.9501953125,8890.75,175700,0.0032213817527225,0.1008034818275962,0.11204980918761007
2017-02-22,8926.900390625,8960.75,8905.25,8931.599609375,247100,0.0021363673161383,0.1005960716211237,0.10956518577224397
2017-02-23,8939.5,8982.150390625,8927.5498046875,8956.400390625,377200,0.0014104252886116,0.0973585458856511,0.10671597837650168
2017-02-27,8896.7001953125,8951.7998046875,8888.650390625,8943.7001953125,189900,-0.0047992157934504,0.0894926883212707,0.10382343377927515
2017-02-28,8879.599609375,8914.75,8867.599609375,8898.9501953125,293600,-0.0019239764630964,0.0896518857189199,0.10325403477674176
2017-03-01,8945.7998046875,8960.7998046875,8898.599609375,8904.400390625,205900,0.0074276596143023,0.0916694694610074,0.10078878883002308
2017-03-02,8899.75,8992.5,8879.7998046875,8982.849609375,218800,-0.0051609401115677,0.087908785802185,0.10373204299591442
2017-03-03,8897.5498046875,8907.099609375,8860.099609375,8883.5,202600,-0.0002472504647169,0.0656892103224036,0.10352870558300942
2017-03-06,8963.4501953125,8967.7998046875,8914.0,8915.099609375,174800,0.0073792833177025,0.0692801605238854,0.1006724910862346
2017-03-07,8946.900390625,8977.849609375,8932.7998046875,8977.75,173400,-0.001848072076356,0.070089539022483,0.10355913666284636
2017-03-08,8924.2998046875,8957.0498046875,8891.9501953125,8950.7001953125,177800,-0.0025292759007722,0.0679038001589021,0.10104184781340117
2017-03-09,8927.0,8945.7998046875,8899.5,8914.5,171500,0.0003025208654424,0.066029880808274,0.09902418966424789
2017-03-10,8934.5498046875,8975.7001953125,8903.9501953125,8953.7001953125,152700,0.0008453695473995,0.0659708698951773,0.09649920954394967
2017-03-14,9087.0,9122.75,9060.5,9091.650390625,270300,0.0169190589685852,0.086244757670101,0.09423007134777218
2017-03-15,9084.7998046875,9106.5498046875,9075.5,9086.849609375,240600,-0.0002421549155174,0.0864907235155739,0.11977873378970322
2017-03-16,9153.7001953125,9158.4501953125,9128.5498046875,9129.650390625,208600,0.0075555246752815,0.0889418523080268,0.11580146469741526
2017-03-17,9160.0498046875,9218.400390625,9147.599609375,9207.7998046875,286700,0.0006934253912419,0.0882477196795942,0.11719355089762201
2017-03-20,9126.849609375,9167.599609375,9116.2998046875,9166.9501953125,332100,-0.0036310400180971,0.0836193865316998,0.11342721253828102
2017-03-21,9121.5,9147.75,9087.2001953125,9133.9501953125,247700,-0.0005863115999817,0.0828459319008485,0.11109647033087351
2017-03-22,9030.4501953125,9072.900390625,9019.2998046875,9047.2001953125,232300,-0.0100320425436534,0.0915242600192212,0.10773429253133954
2017-03-23,9086.2998046875,9099.0498046875,9048.599609375,9048.75,191800,0.0061655414240061,0.0912856020767811,0.11401927053577862
2017-03-24,9108.0,9133.5498046875,9089.400390625,9104.0,203700,0.0023853850750034,0.0910862919123706,0.11390071678796955
2017-03-27,9045.2001953125,9094.849609375,9024.650390625,9093.4501953125,202700,-0.0069188963418471,0.0950506995061818,0.11084140719715573
2017-03-28,9100.7998046875,9110.400390625,9079.7998046875,9081.5,183300,0.0061280484260037,0.0969270608597401,0.11194050593704857
2017-03-29,9143.7998046875,9153.150390625,9109.099609375,9128.7001953125,243400,0.0047137323415894,0.0955309956902716,0.11198205245293588
2017-03-30,9173.75,9183.150390625,9136.349609375,9142.599609375,323400,0.0032701122498964,0.0950122540084502,0.11060643862212359
2017-03-31,9173.75,9191.7001953125,9152.099609375,9158.900390625,190900,0.0,0.0926798833203325,0.10826341480592734
2017-04-03,9237.849609375,9245.349609375,9192.400390625,9220.599609375,139100,0.0069629874333823,0.0917091895351864,0.10506538959110638
2017-04-05,9265.150390625,9273.900390625,9215.400390625,9264.400390625,184800,0.0029509594186491,0.0914893050704397,0.10685362988340061
2017-04-06,9261.9501953125,9267.9501953125,9218.849609375,9245.7998046875,186100,-0.0003454609996294,0.0895832082738129,0.10461206965833715
2017-04-07,9198.2998046875,9250.5,9188.099609375,9223.7001953125,190000,-0.0068959675911915,0.093618658081232,0.10168411685987275
2017-04-10,9181.4501953125,9225.650390625,9174.849609375,9225.599609375,135800,-0.0018334976368336,0.0932886799253116,0.10376753017314667
2017-04-11,9237.0,9242.7001953125,9172.849609375,9184.5498046875,200100,0.0060319921089607,0.0945783703222183,0.10122918906398302
2017-04-12,9203.4501953125,9246.400390625,9161.7998046875,9242.5,161800,-0.003638722628744,0.0963042781524048,0.10225081805599846
2017-04-13,9150.7998046875,9202.650390625,9144.9501953125,9202.5,166500,-0.0057371491660003,0.0811210970013915,0.10083652994221817
2017-04-17,9139.2998046875,9160.0,9120.25,9144.75,0,-0.0012575110864404,0.0812879108678975,0.10155012087975461
2017-04-18,9105.150390625,9217.900390625,9095.4501953125,9163.0,174200,-0.0037435443192956,0.0779070932980515,0.098994551307443
2017-04-19,9103.5,9120.5,9075.150390625,9112.2001953125,173700,-0.0001812754481099,0.0778320605769033,0.09794101343432736
2017-04-20,9136.400390625,9143.900390625,9102.650390625,9108.099609375,170300,0.0036075225852634,0.0779617714555835,0.09548999785451026
2017-04-21,9119.400390625,9183.650390625,9088.75,9179.099609375,155200,-0.0018624222643066,0.078217872222608,0.09464024382454442
2017-04-24,9217.9501953125,9225.400390625,9130.5498046875,9135.349609375,167700,0.0107486360189436,0.0777965591496436,0.09281765537006494
2017-04-25,9306.599609375,9309.2001953125,9250.349609375,9273.0498046875,168700,0.0095710926019384,0.0814654603813096,0.10298503881137225
2017-04-26,9351.849609375,9367.0,9301.349609375,9336.2001953125,185700,0.0048503590177315,0.0823823222357559,0.10914112411536088
2017-04-27,9342.150390625,9367.150390625,9322.650390625,9359.150390625,209400,-0.001037682638315,0.0773952200846742,0.10813706335005958
2017-04-28,9304.0498046875,9342.650390625,9282.25,9340.9501953125,162200,-0.0040866920407427,0.077850058994323,0.10505308291160205
2017-05-02,9313.7998046875,9352.5498046875,9269.900390625,9339.849609375,161600,0.0010473820656935,0.0767046436997097,0.10374637119914633
2017-05-03,9311.9501953125,9346.2998046875,9298.400390625,9344.7001953125,151600,-0.0001986077748364,0.0762811746846813,0.10097981144500742
2017-05-04,9359.900390625,9365.650390625,9323.25,9360.9501953125,269600,0.0051361058723783,0.0777381251174284,0.0983058492528135
2017-05-05,9285.2998046875,9377.099609375,9272.0,9374.5498046875,231900,-0.0080021649798102,0.080408606005894,0.09860780409320893
2017-05-08,9314.0498046875,9338.7001953125,9297.9501953125,9311.4501953125,174300,0.0030915084131222,0.08046967553174,0.1027117758360167
2017-05-09,9316.849609375,9338.9501953125,9307.7001953125,9337.349609375,132300,0.0003005549701442,0.080440487789477,0.10088467280474746
2017-05-10,9407.2998046875,9414.75,9336.0,9339.650390625,152700,0.009661416055306,0.0822538561726189,0.09822296438497496
2017-05-11,9422.400390625,9450.650390625,9411.2998046875,9448.599609375,171100,0.0016039118008357,0.0815842419882372,0.10527413824984011
2017-05-12,9400.900390625,9437.75,9372.5498046875,9436.650390625,154300,-0.0022844037397764,0.0805004016043453,0.10254465270349437
2017-05-15,9445.400390625,9449.25,9423.099609375,9433.5498046875,140800,0.0047224209373486,0.0798502810899128,0.10028827631206183
2017-05-16,9512.25,9517.2001953125,9456.349609375,9461.0,166500,0.0070525497707111,0.0780489317077514,0.09997576474906056
2017-05-17,9525.75,9532.599609375,9486.099609375,9517.599609375,205500,0.0014182164368899,0.0772552364988992,0.10247722069520429
2017-05-18,9429.4501953125,9489.099609375,9418.099609375,9453.2001953125,193300,-0.0101608669092315,0.0859469377660497,0.09989725406470921
2017-05-19,9427.900390625,9505.75,9390.75,9469.900390625,252100,-0.0001643714140994,0.0859423783726816,0.10763430001964922
2017-05-22,9438.25,9498.650390625,9427.900390625,9480.25,196800,0.0010971618691591,0.0856678366985799,0.10448303179644883
2017-05-23,9386.150390625,9448.0498046875,9370.0,9445.0498046875,224400,-0.0055353415058651,0.0884110031747672,0.10167377503529415
2017-05-24,9360.5498046875,9431.900390625,9341.650390625,9410.900390625,211800,-0.0027312115289387,0.0825355775747998,0.10207242777295872
2017-05-25,9509.75,9523.2998046875,9379.2001953125,9384.0498046875,289200,0.0158135595125637,0.0931148548438589,0.10008250653150894
2017-05-26,9595.099609375,9604.900390625,9495.400390625,9507.75,218800,0.0089349226953205,0.0962496281688982,0.12095828553936673
2017-05-29,9604.900390625,9637.75,9547.7001953125,9560.0498046875,235000,0.0010209148022137,0.0959040123880421,0.12370506756360353
2017-05-30,9624.5498046875,9635.2998046875,9581.2001953125,9590.650390625,193900,0.0020436799494468,0.0938785250936461,0.11955326452189714
2017-05-31,9621.25,9649.599609375,9609.25,9636.5498046875,414300,-0.0003429116745806,0.0941072774998741,0.11595586586568786
2017-06-01,9616.099609375,9634.650390625,9589.900390625,9603.5498046875,176100,-0.000535457415147,0.0941931794306733,0.11224009591714514
2017-06-02,9653.5,9673.5,9637.4501953125,9657.150390625,162200,0.0038818074424912,0.0936870675141559,0.10879350727790689
2017-06-05,9675.099609375,9687.2001953125,9640.7001953125,9656.2998046875,127700,0.0022349905117481,0.0871267429206087,0.10701276508843226
2017-06-06,9637.150390625,9709.2998046875,9630.2001953125,9704.25,145900,-0.0039300721143596,0.0893430226099394,0.10439456312870612
2017-06-07,9663.900390625,9678.5498046875,9630.5498046875,9663.9501953125,160700,0.00277187158673,0.0892919460971435,0.10301973981685884
2017-06-08,9647.25,9688.7001953125,9641.5,9682.400390625,155400,-0.0017244332330555,0.085183981666723,0.10097746856945485
2017-06-09,9668.25,9676.25,9608.150390625,9638.5498046875,159000,0.0021744203643893,0.0852410253395635,0.09860939436977713
2017-06-12,9616.400390625,9647.0498046875,9598.5,9646.7001953125,141400,-0.0053773061230002,0.087489841097208,0.09660867350281678
2017-06-13,9606.900390625,9654.150390625,9595.400390625,9615.5498046875,129700,-0.0009883839285963,0.0867267938456455,0.09734969194849863
2017-06-14,9618.150390625,9627.400390625,9580.4501953125,9621.5498046875,181800,0.0011703481475408,0.0837317191944506,0.09504463963589939
2017-06-15,9578.0498046875,9621.400390625,9560.7998046875,9617.900390625,171100,-0.0041779772935031,0.0852124222263322,0.09295852189030769
2017-06-16,9588.0498046875,9615.849609375,9565.5,9595.4501953125,213200,0.0010435092284018,0.0763221623189257,0.09282961388098435
2017-06-19,9657.5498046875,9673.2998046875,9614.900390625,9626.400390625,141700,0.0072224616043765,0.0793813975522013,0.09088420459701499
2017-06-20,9653.5,9676.5,9643.75,9670.5,159500,-0.0004194287506718,0.0795667917452347,0.09479055338804963
2017-06-21,9633.599609375,9650.4501953125,9608.599609375,9648.099609375,144000,-0.0020635967138743,0.0767938112727281,0.09259190597507752
2017-06-22,9630.0,9698.849609375,9617.75,9642.650390625,198800,-0.0003737213698258,0.0756842757617391,0.09102299394302167
2017-06-23,9574.9501953125,9647.650390625,9565.2998046875,9643.25,175200,-0.005732892290795,0.0587075136691819,0.08911051902981076
2017-06-27,9511.400390625,9615.400390625,9473.4501953125,9594.0498046875,203300,-0.0066592132681246,0.0546020286139885,0.09111085278927955
2017-06-28,9491.25,9522.5,9474.349609375,9520.2001953125,172400,-0.002120798705808,0.0546440109177198,0.09413853308680321
2017-06-29,9504.099609375,9575.7998046875,9493.7998046875,9522.9501953125,259300,0.0013529218044662,0.0542793933245858,0.09247026929899112
2017-06-30,9520.900390625,9535.7998046875,9448.75,9478.5,179600,0.0017661798283679,0.0548933531831049,0.0906369380002141
2017-07-03,9615.0,9624.0,9543.5498046875,9587.9501953125,183000,0.0098349558626024,0.0655314437378131,0.08909838442376554
2017-07-04,9613.2998046875,9650.650390625,9595.5,9645.900390625,144800,-0.0001768430214008,0.0639879786207109,0.09802764251085845
2017-07-05,9637.599609375,9643.650390625,9607.349609375,9619.75,130800,0.0025245384198064,0.0641344311173282,0.09557002199384812
2017-07-06,9674.5498046875,9700.7001953125,9639.9501953125,9653.599609375,147400,0.0038266315788128,0.064055937240737,0.09399110163841005
2017-07-07,9665.7998046875,9684.25,9642.650390625,9670.349609375,141800,-0.0009048440978294,0.0634479949520266,0.09345513978720424
2017-07-10,9771.0498046875,9782.150390625,9646.4501953125,9719.2998046875,37500,0.0108300502235875,0.0732700748328532,0.09143065475356658
2017-07-11,9786.0498046875,9830.0498046875,9778.849609375,9797.4501953125,179700,0.0015339700917757,0.0731309231903927,0.10203585777443482
2017-07-12,9816.099609375,9824.9501953125,9787.7001953125,9807.2998046875,145500,0.0030659727759677,0.0702621036697258,0.09952389360952603
2017-07-13,9891.7001953125,9897.25,9853.4501953125,9855.7998046875,181300,0.0076721863955028,0.0735357611780309,0.09794193746644991
2017-07-14,9886.349609375,9913.2998046875,9845.4501953125,9913.2998046875,159600,-0.0005410630593885,0.0738388684394555,0.10161433842611411
2017-07-17,9915.9501953125,9928.2001953125,9894.7001953125,9908.150390625,163500,0.0029896131536668,0.0712563996088106,0.09892046914590424
2017-07-18,9827.150390625,9885.349609375,9792.0498046875,9832.7001953125,293900,-0.0089955884194955,0.0802530842552829,0.0973399251774063
2017-07-19,9899.599609375,9905.0498046875,9851.650390625,9855.9501953125,200200,0.0073453097434605,0.0803708069842698,0.10330500337502592
2017-07-20,9873.2998046875,9922.5498046875,9863.4501953125,9920.2001953125,161100,-0.0026601885384835,0.0813016903222718,0.10582471018955827
2017-07-21,9915.25,9924.7001953125,9838.0,9899.599609375,187500,0.0042398516888927,0.0811706512187721,0.1035022241868641
2017-07-24,9966.400390625,9982.0498046875,9919.599609375,9936.7998046875,174500,0.0051454987363173,0.0819230143732819,0.10245759013740029
2017-07-25,9964.5498046875,10011.2998046875,9949.099609375,10010.5498046875,185500,-0.0001856997207542,0.0777860910295128,0.10236093139688902
2017-07-26,10020.650390625,10025.9501953125,9965.9501953125,9983.650390625,197600,0.0056142278030353,0.0721892160301155,0.09958616682573077
2017-07-27,10020.5498046875,10114.849609375,10005.5,10063.25,287900,-1.0037915545995924e-05,0.0708507588718224,0.10028770310535468
2017-07-28,10014.5,10026.0498046875,9944.5,9996.5498046875,191600,-0.0006039221195206,0.0715995596948642,0.09766017859216865
2017-07-31,10077.099609375,10085.900390625,10016.9501953125,10034.7001953125,237700,0.0062314413146132,0.0726925075421947,0.0952657887326228
2017-08-01,10114.650390625,10128.599609375,10065.75,10101.0498046875,184300,0.0037194224908793,0.068073324350511,0.09719999652459159
2017-08-02,10081.5,10137.849609375,10054.2001953125,10136.2998046875,161500,-0.0032828454686495,0.0703733493299994,0.0962859394887092
2017-08-03,10013.650390625,10081.150390625,9998.25,10081.150390625,192700,-0.0067528598582955,0.0769704846361404,0.09512435514125815
2017-08-04,10066.400390625,10075.25,9988.349609375,10008.599609375,178600,0.0052539828627585,0.0775949913010324,0.09778771616648031
2017-08-07,10057.400390625,10088.099609375,10046.349609375,10074.7998046875,137400,-0.0008944632972548,0.0775902871966741,0.09826966237060203
2017-08-08,9978.5498046875,10083.7998046875,9947.0,10068.349609375,203300,-0.0078709511899248,0.0774880965168934,0.09587637597749099
2017-08-09,9908.0498046875,9969.7998046875,9893.0498046875,9961.150390625,169200,-0.0070902312842737,0.0823469674773168,0.10013757085735149
2017-08-10,9820.25,9892.650390625,9776.2001953125,9872.849609375,235500,-0.0089009580382115,0.0880501929569934,0.10267296678100633
2017-08-11,9710.7998046875,9771.650390625,9685.5498046875,9712.150390625,285900,-0.0112079322048922,0.0915950613277508,0.10770279771029159
2017-08-14,9794.150390625,9818.2998046875,9752.099609375,9755.75,195600,0.0085466604597317,0.097252606731467,0.11621826384281554
2017-08-16,9897.2998046875,9903.9501953125,9773.849609375,9825.849609375,219500,0.0104766643914226,0.1038218837110424,0.1189497332644162
2017-08-17,9904.150390625,9947.7998046875,9883.75,9945.5498046875,197600,0.0006919277268328,0.0986457954528101,0.12442687843623472
2017-08-18,9837.400390625,9865.9501953125,9783.650390625,9865.9501953125,246300,-0.0067624124481208,0.0981839763315376,0.12017932493667
2017-08-21,9754.349609375,9884.349609375,9740.099609375,9864.25,205300,-0.0084781889031269,0.1019426249754582,0.12014054946591717
2017-08-22,9765.5498046875,9828.4501953125,9752.599609375,9815.75,183600,0.0011475670344457,0.1006562236361281,0.12231857574049236
2017-08-23,9852.5,9857.900390625,9786.75,9803.0498046875,168600,0.0088643637399371,0.1041524743024015,0.11828251710856653
2017-08-24,9857.0498046875,9881.5,9848.849609375,9881.2001953125,184700,0.0004616853061997,0.1042049284329564,0.12124114825648918
2017-08-28,9912.7998046875,9925.75,9882.0,9907.150390625,159600,0.0056399162238638,0.1042240075758942,0.11718048932161515
2017-08-29,9796.0498046875,9887.349609375,9783.75,9886.400390625,173300,-0.0118476083539409,0.1113259150816199,0.11621404104873176
2017-08-30,9884.400390625,9909.4501953125,9850.7998046875,9859.5,157800,0.0089785730092648,0.1166621970712841,0.12461671321268841
2017-08-31,9917.900390625,9925.099609375,9856.9501953125,9905.7001953125,327700,0.0033834484516002,0.1149586220682629,0.1270033115681467
2017-09-01,9974.400390625,9983.4501953125,9909.849609375,9937.650390625,157800,0.0056806050296273,0.1161160479597718,0.12350210624947859
2017-09-04,9912.849609375,9988.400390625,9861.0,9984.150390625,148800,-0.0061899938685985,0.1173718247250379,0.12201788859396637
2017-09-05,9952.2001953125,9963.099609375,9901.0498046875,9933.25,139200,0.0039617959979342,0.1163931545358467,0.12117563228376617
2017-09-06,9916.2001953125,9931.5498046875,9882.5498046875,9899.25,149200,-0.0036238487939692,0.1151179893202952,0.11846763878541086
2017-09-07,9929.900390625,9964.849609375,9917.2001953125,9945.849609375,188800,0.0013806437621763,0.1153430790218796,0.11574231593311096
2017-09-08,9934.7998046875,9963.599609375,9913.2998046875,9958.650390625,163600,0.000493278440014,0.1123057332369962,0.11220462474798024
2017-09-11,10006.0498046875,10028.650390625,9968.7998046875,9971.75,173000,0.0071461652446926,0.1121430894452569,0.10875638658377973
2017-09-12,10093.0498046875,10097.5498046875,10028.0498046875,10056.849609375,182600,0.0086571582858433,0.1101353161864402,0.11037670960625735
2017-09-13,10079.2998046875,10131.9501953125,10063.150390625,10099.25,215000,-0.0013632524119145,0.1009384545867474,0.11398852249705993
2017-09-14,10086.599609375,10126.5,10070.349609375,10107.400390625,225600,0.0007239751479918,0.0979168806782244,0.11056792741985205
2017-09-15,10085.400390625,10115.150390625,10043.650390625,10062.349609375,266600,-0.0001188993408102,0.0922585980017019,0.10725967623600793
2017-09-18,10153.099609375,10171.7001953125,10131.2998046875,10133.099609375,156100,0.0066901668857368,0.0944058804163134,0.10413347943690027
2017-09-19,10147.5498046875,10178.9501953125,10129.9501953125,10175.599609375,187500,-0.0005467613092135,0.0901758855289664,0.10566609669453406
2017-09-20,10141.150390625,10171.0498046875,10134.2001953125,10160.9501953125,199400,-0.0006308353135604,0.0830768695074416,0.10268096974967252
2017-09-21,10121.900390625,10158.900390625,10058.599609375,10139.599609375,191800,-0.001900010615274,0.0840672624367172,0.09992040462161393
2017-09-22,9964.400390625,10095.0498046875,9952.7998046875,10094.349609375,226600,-0.0156826515481897,0.0993496365336205,0.0976995619043297
2017-09-25,9872.599609375,9960.5,9816.0498046875,9960.099609375,221400,-0.0092555766090874,0.1049861329037687,0.11883159083457893
2017-09-26,9871.5,9891.349609375,9813.0,9875.25,190900,-0.0001113861252619,0.1030169293906428,0.12232070828245667
2017-09-27,9735.75,9921.0498046875,9714.400390625,9920.599609375,200100,-0.0138471401230699,0.1060538884102908,0.1181713205974547
2017-09-28,9768.9501953125,9789.2001953125,9687.5498046875,9736.400390625,385000,0.0034043309606841,0.10157639005478,0.13037427182510172
2017-09-29,9788.599609375,9854.0,9775.349609375,9814.2998046875,196300,0.002009394926278,0.1010143125895254,0.12664409725545625
2017-10-03,9859.5,9895.400390625,9831.0498046875,9893.2998046875,162800,0.0072170540435651,0.1023540870641989,0.12255002724211496
2017-10-04,9914.900390625,9938.2998046875,9850.650390625,9884.349609375,156200,0.0056032582003749,0.1023215235637768,0.12281490576319695
2017-10-05,9888.7001953125,9945.9501953125,9881.849609375,9927.0,147800,-0.0026460047490028,0.101664084624968,0.12131647655805955
2017-10-06,9979.7001953125,9989.349609375,9906.599609375,9908.150390625,195800,0.0091603384813211,0.1059601047357822,0.11784322992370985
2017-10-09,9988.75,10015.75,9959.4501953125,9988.2001953125,143900,0.0009064103842389,0.1059121121871309,0.1213064328693316
2017-10-10,10016.9501953125,10034.0,10002.2998046875,10013.7001953125,148600,0.0028192178944088,0.1062765989977063,0.11729467640827962
2017-10-11,9984.7998046875,10067.25,9955.7998046875,10042.599609375,189700,-0.0032147605398203,0.1040166169243065,0.11419427802437306
2017-10-12,10096.400390625,10104.4501953125,9977.099609375,10011.2001953125,200900,0.0111150462937749,0.1069319196825161,0.11154166100575268
2017-10-13,10167.4501953125,10191.900390625,10120.099609375,10123.7001953125,230100,0.0070124970121348,0.109476926250195,0.11926342019259613
2017-10-16,10230.849609375,10242.9501953125,10175.099609375,10207.400390625,203000,0.0062161669177718,0.1113102822512022,0.11960976599327755
2017-10-17,10234.4501953125,10251.849609375,10212.599609375,10227.650390625,195700,0.0003518722920273,0.1112798545248777,0.11901696463545486
2017-10-18,10210.849609375,10236.4501953125,10175.75,10209.400390625,254200,-0.00230865740736,0.1095273597315568,0.11509621439331731
2017-10-19,10146.5498046875,10211.9501953125,10123.349609375,10210.349609375,30200,-0.0063171151882634,0.1118686125180739,0.1119174310048533
2017-10-23,10184.849609375,10224.150390625,10124.5,10176.650390625,218100,0.0037675566950721,0.1125936738664122,0.11217661254210462
2017-10-24,10207.7001953125,10237.75,10182.400390625,10218.5498046875,217200,0.0022410729134023,0.1125321059931595,0.11003865801415733
2017-10-25,10295.349609375,10340.5498046875,10240.900390625,10321.150390625,594200,0.008549942456258,0.0994376898395176,0.1071986285502563
2017-10-26,10343.7998046875,10355.650390625,10271.849609375,10291.7998046875,429700,0.0046949884744854,0.0917739575992438,0.11104708281506556
2017-10-27,10323.0498046875,10366.150390625,10311.2998046875,10362.2998046875,312700,-0.0020080474155119,0.0926124564631164,0.10973588433599767
2017-10-30,10363.650390625,10384.5,10344.2998046875,10353.849609375,236900,0.0039252889716531,0.0721929887562227,0.10682310180360438
2017-10-31,10335.2998046875,10367.7001953125,10323.9501953125,10364.900390625,232600,-0.0027393276855447,0.0748229659651838,0.10523902350808986
2017-11-01,10440.5,10451.650390625,10383.0498046875,10390.349609375,260300,0.0101272726369556,0.0790654617412273,0.10300440927466148
2017-11-02,10423.7998046875,10453.0,10412.5498046875,10440.5,201500,-0.0016008396193766,0.0791386921953704,0.1101823962152599
2017-11-03,10452.5,10461.7001953125,10403.599609375,10461.5498046875,199900,0.0027495498399802,0.078411087125591,0.1070964538113617
2017-11-06,10451.7998046875,10490.4501953125,10413.75,10431.75,193600,-6.699055402996047e-05,0.0767641417814247,0.10472353233256253
2017-11-07,10350.150390625,10485.75,10340.7998046875,10477.150390625,286900,-0.0097731435935725,0.084155311946906,0.1017760392767621
2017-11-08,10303.150390625,10384.25,10285.5,10361.9501953125,274500,-0.0045513384645174,0.0869114850992563,0.10848292706480789
2017-11-09,10308.9501953125,10368.4501953125,10266.9501953125,10358.650390625,240200,0.0005627572809849,0.0868234467831166,0.10726913765754179
2017-11-10,10321.75,10344.9501953125,10254.099609375,10304.349609375,279400,0.0012408504033945,0.0852170805843419,0.10417207338210031
2017-11-13,10224.9501953125,10334.150390625,10216.25,10322.0,210300,-0.0094224882779228,0.0859583772339525,0.10141937494537394
2017-11-14,10186.599609375,10248.0,10175.5498046875,10223.400390625,305000,-0.0037577382836893,0.0839111031245337,0.10754087364696309
2017-11-15,10118.0498046875,10175.4501953125,10094.0,10171.9501953125,207400,-0.0067521545169891,0.0840061282100252,0.10577196978872885
2017-11-16,10214.75,10232.25,10139.2001953125,10152.900390625,182600,0.0095118159148355,0.090922887128787,0.10720460308234053
2017-11-17,10283.599609375,10343.599609375,10268.0498046875,10324.5498046875,203300,0.0067176011334316,0.093490052475042,0.11264565928636872
2017-11-20,10298.75,10309.849609375,10261.5,10287.2001953125,147200,0.0014721733571545,0.0903444460154442,0.11330616533668335
2017-11-21,10326.900390625,10358.7001953125,10315.0498046875,10329.25,186100,0.0027296504663746,0.0899724868821879,0.10996191574802455
2017-11-22,10342.2998046875,10368.7001953125,10309.5498046875,10350.7998046875,157600,0.0014900834832817,0.0898436770862294,0.10735983379378608
2017-11-23,10348.75,10374.2998046875,10307.2998046875,10358.4501953125,153000,0.0006234768735595,0.0851035308118539,0.10444350504965327
2017-11-24,10389.7001953125,10404.5,10362.25,10366.7998046875,129200,0.0039492101048355,0.0846503352840487,0.10155482028837332
2017-11-27,10399.5498046875,10407.150390625,10340.2001953125,10361.0498046875,141900,0.0009475676238426,0.0842925918916165,0.10044062096912454
2017-11-28,10370.25,10409.5498046875,10355.2001953125,10387.900390625,196000,-0.0028213872448567,0.083927736469964,0.09789603189464276
2017-11-29,10361.2998046875,10392.9501953125,10345.900390625,10376.650390625,152500,-0.0008634372203591,0.0833976306276367,0.09629657379842922
2017-11-30,10226.5498046875,10332.7001953125,10211.25,10332.7001953125,342500,-0.0130904321504817,0.0869975899394085,0.09404615945125257
2017-12-01,10121.7998046875,10272.7001953125,10108.5498046875,10263.7001953125,143400,-0.0102957662243262,0.0927929344146741,0.10935474379602032
2017-12-04,10127.75,10179.2001953125,10095.7001953125,10175.0498046875,148600,0.0005876866933977,0.0918724606044516,0.11587871686552592
2017-12-05,10118.25,10147.9501953125,10069.099609375,10118.25,155500,-0.0009384570480314,0.0917503534945897,0.11218899196072613
2017-12-06,10044.099609375,10104.2001953125,10033.349609375,10088.7998046875,166100,-0.0073553654573627,0.0893695547672969,0.10880194076754433
2017-12-07,10166.7001953125,10182.650390625,10061.900390625,10063.4501953125,166200,0.0121323342918719,0.1000723252582105,0.11069870746329574
2017-12-08,10265.650390625,10270.849609375,10195.25,10198.4501953125,200000,0.0096857156462463,0.1062475446344161,0.1205814318406555
2017-12-11,10322.25,10329.2001953125,10282.0498046875,10310.5,147400,0.0054983510599599,0.10798467574361,0.12452957246198164
2017-12-12,10240.150390625,10326.099609375,10230.2001953125,10324.900390625,175100,-0.0079854534576269,0.1065090057672209,0.12278668870670459
2017-12-13,10192.9501953125,10296.5498046875,10169.849609375,10236.599609375,181600,-0.0046199820794001,0.1069405305400153,0.12399825856899023
2017-12-14,10252.099609375,10276.099609375,10141.5498046875,10229.2998046875,154300,0.0057862005380184,0.1057353731644762,0.12155267289444845
2017-12-15,10333.25,10373.099609375,10319.650390625,10345.650390625,255100,0.0078843267217833,0.1041506249754058,0.12034138753229387
2017-12-18,10388.75,10443.5498046875,10074.7998046875,10263.099609375,230400,0.0053566386167099,0.103237724281092,0.12168017587192209
2017-12-19,10463.2001953125,10472.2001953125,10406.0,10414.7998046875,169100,0.0071408679743189,0.1057579142030489,0.120049312009736
2017-12-20,10444.2001953125,10494.4501953125,10437.150390625,10494.400390625,175200,-0.0018175387542658,0.1058608244416023,0.12047205264245829
2017-12-21,10440.2998046875,10473.9501953125,10426.900390625,10473.9501953125,151900,-0.0003735201388922,0.1058464469973651,0.11673425709750718
2017-12-22,10493.0,10501.099609375,10448.25,10457.2998046875,138800,0.0050350692095142,0.1070345845509613,0.1129679598012587
2017-12-26,10531.5,10545.4501953125,10477.9501953125,10512.2998046875,155600,0.0036623979675021,0.106928060555126,0.11179543491150573
2017-12-27,10490.75,10552.400390625,10469.25,10531.0498046875,165200,-0.0038768496273459,0.1080564112957205,0.1096148893149819
2017-12-28,10477.900390625,10534.5498046875,10460.4501953125,10498.2001953125,272900,-0.0012256021006669,0.1075944589567346,0.10776295625578258
2017-12-29,10530.7001953125,10538.7001953125,10488.650390625,10492.349609375,152000,0.0050265048012466,0.10858966701731,0.1047472126844814
2018-01-02,10442.2001953125,10495.2001953125,10404.650390625,10477.5498046875,153400,-0.0084395122885362,0.1021104240538371,0.10431255436202708
2018-01-03,10443.2001953125,10503.599609375,10429.5498046875,10482.650390625,167300,9.5760673203421e-05,0.0936269597933184,0.10836060814526002
2018-01-04,10504.7998046875,10513.0,10441.4501953125,10469.400390625,174900,0.0058812093687898,0.094773898219345,0.10515667641634743
2018-01-05,10558.849609375,10566.099609375,10520.099609375,10534.25,180900,0.005132056867763,0.0949445515216496,0.10559333268501968
2018-01-08,10623.599609375,10631.2001953125,10588.5498046875,10591.7001953125,169000,0.006113570815585,0.089476050813119,0.10518429167452342
2018-01-09,10637.0,10659.150390625,10603.599609375,10645.099609375,205000,0.0012605846162125,0.0826572406375048,0.10588850802642254
2018-01-10,10632.2001953125,10655.5,10592.7001953125,10652.0498046875,176400,-0.0004513385294137,0.0783656308806085,0.10301609839200888
2018-01-11,10651.2001953125,10664.599609375,10612.349609375,10637.0498046875,153800,0.0017854294613236,0.0771262647654712,0.10021136825135729
2018-01-12,10681.25,10690.400390625,10597.099609375,10682.5498046875,175200,0.0028172876803263,0.0690529482526906,0.09792393137367199
2018-01-15,10741.5498046875,10782.650390625,10713.7998046875,10718.5,175900,0.0056295129008365,0.0657034519929243,0.09631971069894751
2018-01-16,10700.4501953125,10762.349609375,10687.849609375,10761.5,211000,-0.0038335658715686,0.0680433665170508,0.09738377845882489
2018-01-17,10788.5498046875,10803.0,10666.75,10702.4501953125,252700,0.0081995535364297,0.068392482764185,0.09654504330604337
2018-01-18,10817.0,10887.5,10782.400390625,10873.400390625,312000,0.0026336022006909,0.0673782714425202,0.10125216938503848
2018-01-19,10894.7001953125,10906.849609375,10793.900390625,10829.2001953125,207600,0.0071574797298409,0.0673945013295739,0.09927356535579125
2018-01-22,10966.2001953125,10975.099609375,10881.400390625,10883.2001953125,231600,0.0065413824387291,0.0677662206613052,0.10200929157484624
2018-01-23,11083.7001953125,11092.900390625,10994.5498046875,10997.400390625,284600,0.0106577453981743,0.0728222851586979,0.10358439320883746
2018-01-24,11086.0,11110.099609375,11046.150390625,11069.349609375,283400,0.000207472782716,0.0729153720202746,0.11168935518423502
2018-01-25,11069.650390625,11095.599609375,11009.2001953125,11095.599609375,330300,-0.001475886471805,0.074149989876556,0.10825765962629842
2018-01-29,11130.400390625,11171.5498046875,11075.9501953125,11079.349609375,241700,0.0054729741150458,0.0712365882706057,0.10527250859010802
2018-01-30,11049.650390625,11121.099609375,11033.900390625,11120.849609375,228000,-0.0072813500350772,0.0783061270785845,0.10524663236530271
2018-01-31,11027.7001953125,11058.5,10979.2998046875,11018.7998046875,245900,-0.0019884815852113,0.0792530609408937,0.10744831185211337
2018-02-01,11016.900390625,11117.349609375,10878.7998046875,11044.5498046875,306200,-0.0009798141281276,0.0703527333128624,0.10469559996280728
2018-02-02,10760.599609375,10954.9501953125,10736.099609375,10938.2001953125,282700,-0.0235392139330768,0.1145221113358427,0.10184638980492257
2018-02-05,10666.5498046875,10702.75,10586.7998046875,10604.2998046875,240100,-0.0087786206983058,0.1185253632536912,0.1455674620798778
2018-02-06,10498.25,10594.150390625,10276.2998046875,10295.150390625,266500,-0.0159040816546759,0.1304747533871701,0.1454849009858487
2018-02-07,10476.7001953125,10614.0,10446.400390625,10607.2001953125,250400,-0.0020548141539544,0.1284892039805046,0.15732927900103363
2018-02-08,10576.849609375,10637.7998046875,10479.5498046875,10518.5,232200,0.0095138511458138,0.1331426127776734,0.15128381524541046
2018-02-09,10454.9501953125,10480.2001953125,10398.2001953125,10416.5,191600,-0.0115920444485001,0.1388064753518446,0.15156947160229636
2018-02-12,10539.75,10555.5,10485.400390625,10518.2001953125,217400,0.0080782545170889,0.1419595581012792,0.15476200281609204
2018-02-14,10500.900390625,10590.5498046875,10456.650390625,10585.75,229200,-0.0036928186917027,0.1418334616964478,0.15302253357334414
2018-02-15,10545.5,10618.099609375,10511.0498046875,10537.900390625,210600,0.0042382236684079,0.1411175223847437,0.14789730202275836
2018-02-16,10452.2998046875,10612.900390625,10434.0498046875,10596.2001953125,184300,-0.0088771974425149,0.1435101835038064,0.14342381736873125
2018-02-19,10378.400390625,10489.349609375,10302.75,10488.900390625,187300,-0.0070952702880844,0.1407528072850054,0.14367479929081925
2018-02-20,10360.400390625,10429.349609375,10347.650390625,10391.0,187700,-0.0017358770846747,0.1398114686977181,0.14185749442208473
2018-02-21,10397.4501953125,10426.099609375,10349.599609375,10426.0,234100,0.003569718731482,0.1373641589896786,0.13669012779544962
2018-02-22,10382.7001953125,10397.5498046875,10340.650390625,10354.349609375,313600,-0.0014196242279203,0.133681870729203,0.1326074487758052
2018-02-23,10491.0498046875,10499.099609375,10396.650390625,10408.099609375,210600,0.010381515779008,0.1333395880241735,0.1279544697056831
2018-02-26,10582.599609375,10592.9501953125,10520.2001953125,10526.5498046875,171900,0.0086886119084176,0.1387307541476664,0.13209067272684175
2018-02-27,10554.2998046875,10631.650390625,10537.25,10615.2001953125,187500,-0.002677764703635,0.1387127701462996,0.13325300845035834
2018-02-28,10492.849609375,10535.5,10461.5498046875,10488.9501953125,286000,-0.005839305714195,0.1362699798794043,0.12896903255901854
2018-03-01,10458.349609375,10525.5,10447.150390625,10479.9501953125,176000,-0.0032933705438877,0.1353177120125066,0.12716757065436582
2018-03-05,10358.849609375,10428.7001953125,10323.900390625,10428.2998046875,194000,-0.0095594759578815,0.1373988158682434,0.12360465916530383
2018-03-06,10249.25,10441.349609375,10215.900390625,10420.5,222900,-0.0106366569240448,0.1396813013612092,0.1269805063801099
2018-03-07,10154.2001953125,10243.349609375,10141.5498046875,10232.9501953125,249500,-0.0093170999384615,0.1213851111521388,0.13165815483463136
2018-03-08,10242.650390625,10270.349609375,10146.400390625,10216.25,226400,0.008672981093711,0.1254714832019312,0.1337369718181418
2018-03-09,10226.849609375,10296.7001953125,10211.900390625,10271.2998046875,186500,-0.0015438368683495,0.1147221029909498,0.13470625495715424
2018-03-12,10421.400390625,10433.650390625,10295.4501953125,10301.599609375,216400,0.0188448453263506,0.1340797631496647,0.1299471313293819
2018-03-13,10426.849609375,10478.599609375,10377.849609375,10389.5,266700,0.0005227507223954,0.1293628733201726,0.15161314488437427
2018-03-14,10410.900390625,10420.349609375,10336.2998046875,10393.0498046875,181400,-0.0015308007692338,0.1232187559933184,0.14564317456255224
2018-03-15,10360.150390625,10420.0,10346.2001953125,10405.4501953125,173900,-0.0048866185464449,0.120394947603514,0.14018828063083405
2018-03-16,10195.150390625,10346.2998046875,10180.25,10345.150390625,328500,-0.0160545978679463,0.1312407188696252,0.1367017634865119
2018-03-19,10094.25,10224.5498046875,10075.2998046875,10215.349609375,210200,-0.0099462005278247,0.1327426022572123,0.15038041903191063
2018-03-20,10124.349609375,10155.650390625,10049.099609375,10051.5498046875,203000,0.0029774200184666,0.1314426481121131,0.1513273239682648
2018-03-21,10155.25,10227.2998046875,10132.9501953125,10181.9501953125,204800,0.0030474383256294,0.1307139731540533,0.14597965129376647
2018-03-22,10114.75,10207.849609375,10105.400390625,10167.5,230500,-0.0039960585982851,0.1311005751722488,0.14100982557592212
2018-03-23,9998.0498046875,10027.7001953125,9951.900390625,9968.7998046875,285700,-0.0116047001015945,0.1347164429982498,0.13687065848127838
2018-03-26,10130.650390625,10143.5,9958.5498046875,9989.150390625,262600,0.0131754661607952,0.1444597684376169,0.14188302658584176
2018-03-27,10184.150390625,10207.900390625,10139.650390625,10188.0,225700,0.0052671078846415,0.1403341807925603,0.14896445218065085
2018-03-28,10113.7001953125,10158.349609375,10096.900390625,10143.599609375,344400,-0.0069416688147598,0.1365510165255496,0.14511016242292377
2018-04-02,10211.7998046875,10220.099609375,10127.75,10151.650390625,225400,0.0096529355844099,0.142510552333239,0.14301547068551843
2018-04-03,10245.0,10255.349609375,10171.0498046875,10186.849609375,205300,0.0032458864317621,0.1425570554779145,0.14433223799626207
2018-04-04,10128.400390625,10279.849609375,10111.2998046875,10274.599609375,231100,-0.0114463840308595,0.1468432705593411,0.1395626868507912
2018-04-05,10325.150390625,10331.7998046875,10227.4501953125,10228.4501953125,236800,0.0192393067589805,0.1602674172906689,0.14397068681266892
2018-04-06,10331.599609375,10350.4501953125,10290.849609375,10322.75,200200,0.0006244175835545,0.155669389379454,0.163589949090518
2018-04-09,10379.349609375,10397.7001953125,10328.5,10333.7001953125,221600,0.0046110957157475,0.1521740010177262,0.15691244198581072
2018-04-10,10402.25,10424.849609375,10381.5,10412.900390625,251700,0.0022039111834326,0.1497180178311915,0.15204660420889432
2018-04-11,10417.150390625,10428.150390625,10355.599609375,10428.150390625,250400,0.0014313950343946,0.1495016917039831,0.14637204679491025
2018-04-12,10458.650390625,10469.900390625,10395.25,10410.650390625,238600,0.0039759006232568,0.1351726040820245,0.14085031127248365
2018-04-13,10480.599609375,10519.900390625,10451.4501953125,10495.2998046875,213100,0.00209646733185,0.1353341972352554,0.13671028316042708
2018-04-16,10528.349609375,10540.150390625,10396.349609375,10398.2998046875,195000,0.0045456897177942,0.1359651781274974,0.13197895236558538
2018-04-17,10548.7001953125,10560.4501953125,10495.650390625,10557.2998046875,206100,0.0019310664870136,0.1345844426729139,0.12885981148706677
2018-04-18,10526.2001953125,10594.2001953125,10509.7001953125,10578.900390625,205400,-0.002135242220041,0.1204377878307023,0.12459182890493027
2018-04-19,10565.2998046875,10572.2001953125,10546.2001953125,10563.650390625,262600,0.0037076219486611,0.1131218698353481,0.12068081674445483
2018-04-20,10564.0498046875,10582.349609375,10527.4501953125,10560.349609375,244600,-0.000118318833714,0.1133521805042119,0.11784132152528205
2018-04-23,10584.7001953125,10638.349609375,10514.9501953125,10592.7998046875,194200,0.0019528716532068,0.1132911135895213,0.11398931802354817
2018-04-24,10614.349609375,10636.7998046875,10569.0,10578.099609375,219200,0.0027972417319144,0.1112066970934147,0.11074992074302366
2018-04-25,10570.5498046875,10612.599609375,10536.4501953125,10612.400390625,189200,-0.0041350082660198,0.1020779351167961,0.10812386011914889
2018-04-26,10617.7998046875,10628.400390625,10559.650390625,10586.5,335100,0.0044600055402558,0.0949739124217325,0.10659398060309773
2018-04-27,10692.2998046875,10719.7998046875,10647.5498046875,10651.650390625,0,0.0069920183274944,0.0958513533249452,0.10546615573207974
2018-04-30,10739.349609375,10759.0,10704.599609375,10705.75,173800,0.0043906914829232,0.089911270805183,0.10724812564641312
2018-05-02,10718.0498046875,10784.650390625,10689.7998046875,10783.849609375,229700,-0.0019853115722468,0.0878444946814514,0.10600364992284324
2018-05-03,10679.650390625,10720.599609375,10647.4501953125,10720.150390625,185200,-0.0035891198524198,0.0900835238707679,0.10335665833832892
2018-05-04,10618.25,10700.4501953125,10601.599609375,10700.4501953125,186500,-0.0057658792280254,0.0811202288608322,0.1018128625229048
2018-05-07,10715.5,10725.650390625,10635.650390625,10653.150390625,168400,0.0091170725845766,0.0589587701876453,0.10245866008824615
2018-05-08,10717.7998046875,10758.5498046875,10689.400390625,10757.900390625,269800,0.0002146010849736,0.0590758210707857,0.10788932359684071
2018-05-09,10741.7001953125,10766.25,10689.849609375,10693.349609375,215400,0.0022274890381628,0.0581904455624887,0.10472201829522977
2018-05-10,10716.5498046875,10785.5498046875,10705.0,10779.650390625,192100,-0.0023441242544579,0.0597413761204394,0.10227306696012799
2018-05-11,10806.5,10812.0498046875,10724.4501953125,10741.9501953125,203100,0.008358547680564,0.0643994255538638,0.10006600510790328
2018-05-14,10806.599609375,10834.849609375,10774.75,10815.150390625,171400,9.217500201396874e-06,0.0641352768665997,0.10455048420495695
2018-05-15,10801.849609375,10929.2001953125,10781.400390625,10812.599609375,254300,-0.00043964284789,0.0644680678466936,0.10161489540660164
2018-05-16,10741.099609375,10790.4501953125,10699.7001953125,10751.9501953125,231100,-0.0056399112687945,0.0678478950263746,0.09891067054858166
2018-05-17,10682.7001953125,10777.25,10664.5,10775.599609375,214100,-0.0054518394722826,0.0712417919997971,0.09971227617560144
2018-05-18,10596.400390625,10674.9501953125,10589.099609375,10671.849609375,223000,-0.0081112711974543,0.076915727535704,0.10021696081315488
2018-05-21,10516.7001953125,10621.7001953125,10505.7998046875,10616.7001953125,0,-0.0075498691977662,0.0804660505460231,0.10428104269000554
2018-05-22,10536.7001953125,10558.599609375,10490.5498046875,10518.4501953125,241700,0.0018999311888009,0.0808010759186707,0.10697778495629628
2018-05-23,10430.349609375,10533.5498046875,10417.7998046875,10521.099609375,290900,-0.01014463160082,0.08747588159679,0.1042259307420892
2018-05-24,10513.849609375,10535.150390625,10419.7998046875,10464.849609375,297600,0.0079736104042513,0.0918133970835126,0.11124677433994856
2018-05-25,10605.150390625,10628.0498046875,10524.0,10533.0498046875,260800,0.0086463705716234,0.0959381536936769,0.11372856969989538
2018-05-28,10688.650390625,10709.7998046875,10640.5498046875,10648.349609375,232600,0.0078426983374126,0.0985310273819992,0.11690813147115713
2018-05-29,10633.2998046875,10717.25,10616.099609375,10689.400390625,225800,-0.0051918994055849,0.0971606003936751,0.11856425695898022
2018-05-30,10614.349609375,10648.7001953125,10558.4501953125,10579.0,238700,-0.0017837455774774,0.0957783657045985,0.11704940129981883
2018-05-31,10736.150390625,10763.7998046875,10620.400390625,10670.099609375,610300,0.0114097658238058,0.1041377431811472,0.11353708821320628
2018-06-01,10696.2001953125,10764.75,10681.5,10738.4501953125,220600,-0.0037280317361382,0.1042005104940264,0.12151261653195464
2018-06-04,10628.5,10770.2998046875,10618.349609375,10765.9501953125,203800,-0.00634948413268,0.1046313329407576,0.11862340556743112
2018-06-05,10593.150390625,10633.150390625,10550.900390625,10630.7001953125,167700,-0.0033314696471618,0.0998081563350702,0.11826802588710596
2018-06-06,10684.650390625,10698.349609375,10587.5,10603.4501953125,189900,0.0086005659099089,0.1047209337774072,0.11537725937225866
2018-06-07,10768.349609375,10818.0,10722.599609375,10722.599609375,220900,0.0078030712197688,0.1080426671389451,0.11828868663857979
2018-06-08,10767.650390625,10779.4501953125,10709.0498046875,10736.400390625,209400,-6.49348765086917e-05,0.10767609412035,0.11974062961790756
2018-06-11,10786.9501953125,10850.5498046875,10777.0498046875,10781.849609375,211400,0.0017907833428202,0.1037586416106814,0.11576107078306026
2018-06-12,10842.849609375,10856.5498046875,10789.400390625,10816.150390625,198300,0.0051687522786096,0.1053456914500191,0.11234092173331489
2018-06-13,10856.7001953125,10893.25,10842.650390625,10887.5,213400,0.0012765783569831,0.1053904592467812,0.11134943830315222
2018-06-14,10808.0498046875,10833.7001953125,10773.5498046875,10832.900390625,184300,-0.0044912101364749,0.1046553447562593,0.1080918445721041
2018-06-15,10817.7001953125,10834.0,10755.400390625,10808.650390625,305400,0.0008924907821071,0.1025515317781064,0.1068600454391944
2018-06-18,10799.849609375,10830.2001953125,10787.349609375,10830.2001953125,196600,-0.0016514905857463,0.097978619002885,0.10383932133632545
2018-06-19,10710.4501953125,10789.4501953125,10701.2001953125,10789.4501953125,224500,-0.0083122903559554,0.0988394682559015,0.10123135398686221
2018-06-20,10772.0498046875,10781.7998046875,10724.0498046875,10734.650390625,193500,0.0057348798513441,0.1002263577461665,0.10548317866136096
2018-06-21,10741.099609375,10809.599609375,10725.900390625,10808.4501953125,223600,-0.0028773301453849,0.0928902292097532,0.10572204117912877
2018-06-22,10821.849609375,10837.0,10710.4501953125,10742.7001953125,229800,0.0074897340489533,0.0924728242054653,0.10352669896447245
2018-06-25,10762.4501953125,10831.0498046875,10753.0498046875,10822.900390625,229600,-0.0055039602444048,0.0914390470010208,0.10622716739210113
2018-06-26,10769.150390625,10805.25,10732.5498046875,10742.7001953125,220000,0.0006223592623338,0.0876770786173054,0.10614171193663817
2018-06-27,10671.400390625,10785.5,10652.400390625,10785.5,246000,-0.0091182990836827,0.0917678361410744,0.10313154443634985
2018-06-28,10589.099609375,10674.2001953125,10557.7001953125,10660.7998046875,352300,-0.0077421690317812,0.0956074105789946,0.10846852280623234
2018-06-29,10714.2998046875,10723.0498046875,10612.349609375,10612.849609375,242800,0.0117541463075279,0.0961363758329688,0.11094428169184721
2018-07-02,10657.2998046875,10736.150390625,10604.650390625,10732.349609375,295400,-0.0053341945569373,0.0970573355372222,0.1200152911678059
2018-07-03,10699.900390625,10713.2998046875,10630.25,10668.599609375,202100,0.0039893471097838,0.0953611098435338,0.11850627997586555
2018-07-04,10769.900390625,10777.150390625,10677.75,10715.0,173900,0.0065208102070441,0.096707104308617,0.11602429616084724
2018-07-05,10749.75,10786.0498046875,10726.25,10786.0498046875,220500,-0.0018727438548922,0.0927717190139102,0.1161125775977791
2018-07-06,10772.650390625,10816.349609375,10735.0498046875,10744.150390625,0,0.0021280525268188,0.08898599511582,0.11269518356572489
2018-07-09,10852.900390625,10860.349609375,10807.150390625,10838.2998046875,183600,0.0074218103557948,0.0926028354060512,0.10961498031808589
2018-07-10,10947.25,10956.900390625,10876.650390625,10902.75,197000,0.0086559217967663,0.0968797614512969,0.11151063637594412
2018-07-11,10948.2998046875,10976.650390625,10923.0,10956.400390625,222300,9.589206004582807e-05,0.0955172182969725,0.1149783708248759
2018-07-12,11023.2001953125,11078.2998046875,10999.650390625,11006.9501953125,248300,0.0068179851871449,0.0980098626054299,0.11131881887137408
2018-07-13,11018.900390625,11071.349609375,10999.75,11056.900390625,0,-0.0003901447346433,0.096274113960446,0.1122406416472964
2018-07-16,10936.849609375,11019.5,10926.25,11018.9501953125,210500,-0.0074742300512774,0.1005710565287847,0.10878133250602713
2018-07-17,11008.0498046875,11018.5,10925.599609375,10939.650390625,210600,0.0064890199591897,0.1022934891486714,0.1108436799125113
2018-07-18,10980.4501953125,11076.2001953125,10956.2998046875,11060.2001953125,225500,-0.0025103689537061,0.0975686228927059,0.11141310656578389
2018-07-19,10957.099609375,11006.5,10935.4501953125,10999.5,215400,-0.0021288243184788,0.0967479739877678,0.10859330632600767
2018-07-20,11010.2001953125,11030.25,10946.2001953125,10963.5,187300,0.0048345212961502,0.0967317961806516,0.10581247981021959
2018-07-23,11084.75,11093.400390625,11010.9501953125,11019.849609375,229100,0.0067481562013002,0.0961545287231737,0.10509381165205899
2018-07-24,11134.2998046875,11143.400390625,11092.5,11109.0,205800,0.0044601265367422,0.0936379744422966,0.10659576211436064
2018-07-25,11132.0,11157.150390625,11113.25,11148.400390625,205900,-0.0002065726875009,0.0937928731371356,0.10546788578279681
2018-07-26,11167.2998046875,11185.849609375,11125.7001953125,11132.9501953125,365400,0.003166003819182,0.0854210447782148,0.10247123210778716
2018-07-27,11278.349609375,11283.400390625,11210.25,11232.75,314600,0.0098950766569342,0.081407593429937,0.10071115099720934
2018-07-30,11319.5498046875,11328.099609375,11261.4501953125,11296.650390625,278800,0.0036463779405013,0.0750199893789673,0.10781065595125554
2018-07-31,11356.5,11366.0,11267.75,11311.0498046875,256500,0.0032589651490718,0.0692267763530239,0.10593974178660515
2018-08-01,11346.2001953125,11390.5498046875,11313.5498046875,11359.7998046875,269700,-0.0009073639087465,0.0704357923767078,0.10395869885468936
2018-08-02,11244.7001953125,11328.900390625,11234.9501953125,11328.900390625,210000,-0.008985979419681,0.0799369900560651,0.10114895060821145
2018-08-03,11360.7998046875,11368.0,11294.5498046875,11297.7998046875,218300,0.0102718922559686,0.0834143693331885,0.10653985400385681
2018-08-06,11387.099609375,11427.650390625,11370.599609375,11401.5,203700,0.002312285273185,0.08340276666257,0.11344299901373041
2018-08-07,11389.4501953125,11428.9501953125,11359.7001953125,11423.150390625,226400,0.0002064040397692,0.0819241289853317,0.1103850307126706
2018-08-08,11450.0,11459.9501953125,11379.2998046875,11412.5,210500,0.0053022245304194,0.0794304142513007,0.1070433829655881
2018-08-09,11470.7001953125,11495.2001953125,11454.099609375,11493.25,302200,0.0018062450766348,0.0790965905781873,0.1066697996677346
2018-08-10,11429.5,11478.75,11419.650390625,11474.9501953125,0,-0.0035982427589175,0.0796945513921502,0.10390637052186388
2018-08-13,11355.75,11406.2998046875,11340.2998046875,11369.599609375,246900,-0.0064735087435117,0.0843762278740181,0.1023231874574271
2018-08-14,11435.099609375,11452.4501953125,11370.7998046875,11381.7001953125,232600,0.0069633147827702,0.0798726763388546,0.10377615744422142
2018-08-16,11385.0498046875,11449.849609375,11366.25,11397.150390625,290600,-0.0043864642628158,0.0812524668446845,0.10571087076303119
2018-08-17,11470.75,11486.4501953125,11431.7998046875,11437.150390625,234700,0.0074992428777844,0.082259167607925,0.10459707113719405
2018-08-20,11551.75,11565.2998046875,11499.650390625,11502.099609375,232600,0.0070366236698632,0.0824771729497879,0.10718298894345121
2018-08-21,11570.900390625,11581.75,11539.599609375,11576.2001953125,224200,0.001656418678663,0.082085642828564,0.10883243695204713
2018-08-23,11582.75,11620.7001953125,11546.7001953125,11620.7001953125,248500,0.0010235630416488,0.0806165871324264,0.10586085105378226
2018-08-24,11557.099609375,11604.599609375,11532.0,11566.599609375,218800,-0.0022169894415104,0.0814597388815835,0.10293650250717143
2018-08-27,11691.9501953125,11700.9501953125,11595.599609375,11605.849609375,199500,0.01160065459554,0.0878583677952537,0.10061899758728758
2018-08-28,11738.5,11760.2001953125,11710.5,11731.9501953125,241900,0.0039734504070277,0.0879987781882895,0.11116914006473005
2018-08-29,11691.900390625,11753.2001953125,11678.849609375,11744.9501953125,251600,-0.0039777101577748,0.0861650342991844,0.10926171284654809
2018-08-30,11676.7998046875,11698.7998046875,11639.7001953125,11694.75,313800,-0.0012923772322029,0.086467997914291,0.10751437219547273
2018-08-31,11680.5,11727.650390625,11640.099609375,11675.849609375,346500,0.0003168341695652,0.0863056592758978,0.10453291050106649
2018-09-03,11582.349609375,11751.7998046875,11567.400390625,11751.7998046875,234400,-0.0084384307760752,0.0924970050925753,0.10160870282197294
2018-09-04,11520.2998046875,11602.5498046875,11496.849609375,11598.75,254800,-0.0053716742853734,0.0883440078731427,0.10601477433170163
2018-09-05,11476.9501953125,11542.650390625,11393.849609375,11514.849609375,246100,-0.0037699864738834,0.0833306666516867,0.10581049589057252
2018-09-06,11536.900390625,11562.25,11436.0498046875,11514.150390625,247900,0.0052099348340707,0.0847244468087336,0.10419407049090168
2018-09-07,11589.099609375,11603.0,11484.400390625,11558.25,295900,0.0045143394792379,0.0857658182787234,0.10399674077762082
2018-09-10,11438.099609375,11573.0,11427.2998046875,11570.25,286700,-0.0131151133900974,0.0966920856697825,0.10314779562388879
2018-09-11,11287.5,11479.400390625,11274.0,11476.849609375,0,-0.0132539353477887,0.1066150790818072,0.11658297630117703
2018-09-12,11369.900390625,11380.75,11250.2001953125,11340.099609375,268200,0.0072736282619682,0.109587301358187,0.12779315328552943
2018-09-14,11515.2001953125,11523.25,11430.5498046875,11443.5,276600,0.0126983717276078,0.115813791655315,0.1276125856829843
2018-09-17,11377.75,11464.9501953125,11366.900390625,11464.9501953125,201400,-0.012008224872722,0.1213270998386746,0.13589023404544892
2018-09-18,11278.900390625,11411.4501953125,11268.9501953125,11381.5498046875,240900,-0.0087259356424517,0.1240956722176308,0.14172129021864613
2018-09-19,11234.349609375,11332.0498046875,11210.900390625,11326.650390625,250600,-0.0039577439421343,0.1211649662814457,0.14194952473347314
2018-09-21,11143.099609375,11346.7998046875,10866.4501953125,11271.2998046875,719000,-0.0081555770621293,0.1199042071213273,0.13772184352321662
2018-09-24,10967.400390625,11170.150390625,10943.599609375,11164.400390625,0,-0.0158931654278473,0.1287704692895583,0.13763515045641567
2018-09-25,11067.4501953125,11080.599609375,10882.849609375,10969.9501953125,405000,0.0090811137439312,0.1344867716923325,0.1507964347730048
2018-09-26,11053.7998046875,11145.5498046875,10993.0498046875,11145.5498046875,340500,-0.0012341429492082,0.1345252663794033,0.15058331953854692
2018-09-27,10977.5498046875,11089.4501953125,10953.349609375,11079.7998046875,405700,-0.0069219821576265,0.1257361587386458,0.144764286433972
2018-09-28,10930.4501953125,11034.099609375,10850.2998046875,11008.099609375,478100,-0.0042997701241433,0.1231933239236719,0.14267913833102638
2018-10-01,11008.2998046875,11035.650390625,10821.5498046875,10930.900390625,387000,0.0070970256859682,0.128398288376459,0.13860980867636005
2018-10-03,10858.25,10989.0498046875,10843.75,10982.7001953125,386800,-0.0137243562680507,0.133592173039767,0.13723571613028335
2018-10-04,10599.25,10754.7001953125,10547.25,10754.7001953125,425100,-0.0241419158184583,0.1506558700923958,0.1460226264508671
2018-10-05,10316.4501953125,10540.650390625,10261.900390625,10514.099609375,606400,-0.0270435163392156,0.1692294941783461,0.17793868201876928
2018-10-08,10348.0498046875,10398.349609375,10198.400390625,10310.150390625,456200,0.0030583497307539,0.1718171145530013,0.2098597033793793
2018-10-09,10301.0498046875,10397.599609375,10279.349609375,10390.2998046875,430500,-0.0045522644623356,0.171761595494623,0.20099930176267627
2018-10-10,10460.099609375,10482.349609375,10318.25,10331.849609375,0,0.0153221686492236,0.1826703823849229,0.19325737241419108
2018-10-11,10234.650390625,10335.9501953125,10138.599609375,10169.7998046875,483500,-0.0217889211657315,0.1886419798729794,0.19744629762520785
2018-10-12,10472.5,10492.4501953125,10322.150390625,10331.5498046875,343500,0.0229737135285507,0.2113519542877668,0.2130395482825123
2018-10-15,10512.5,10526.2998046875,10410.150390625,10524.2001953125,259500,0.0038122514600135,0.2104063652607175,0.22858452534721924
2018-10-16,10584.75,10604.900390625,10525.2998046875,10550.150390625,265200,0.0068492606810225,0.2101404106376785,0.21889865553222226
2018-10-17,10453.0498046875,10710.150390625,10436.4501953125,10688.7001953125,284800,-0.0125205028099025,0.2038514806997361,0.21135064279504523
2018-10-19,10303.5498046875,10380.099609375,10249.599609375,10339.7001953125,357500,-0.0144053060779479,0.2051130951478012,0.20974227481489607
2018-10-22,10245.25,10408.5498046875,10224.0,10405.849609375,297300,-0.005674293551714,0.2046344487298199,0.2107647097592431
2018-10-23,10146.7998046875,10222.099609375,10102.349609375,10152.599609375,302600,-0.0096558179456978,0.2053678082997127,0.20300976404855714
2018-10-24,10224.75,10290.650390625,10126.7001953125,10278.150390625,351400,0.0076528861573851,0.2094214877580097,0.19892001152597646
2018-10-25,10124.900390625,10166.599609375,10079.2998046875,10135.0498046875,0,-0.0098134767709648,0.2061393685082501,0.19332439771898466
2018-10-26,10030.0,10128.849609375,10004.5498046875,10122.349609375,364300,-0.0094171730074026,0.2014750231146237,0.19017789965831788
2018-10-29,10250.849609375,10275.2998046875,10020.349609375,10078.099609375,364400,0.0217799888950051,0.221247633523177,0.18687480785642924
2018-10-30,10198.400390625,10285.099609375,10175.349609375,10239.400390625,289800,-0.0051297073253929,0.2209946224171997,0.20423270780412214
2018-10-31,10386.599609375,10396.0,10105.099609375,10209.5498046875,375000,0.0182855926765914,0.2334692828199728,0.19658506918656182
2018-11-01,10380.4501953125,10441.900390625,10341.900390625,10441.7001953125,348500,-0.0005922280054286,0.2310222974451394,0.20542441576124043
2018-11-02,10553.0,10606.9501953125,10457.7001953125,10462.2998046875,421200,0.0164859314743341,0.2366512756742299,0.19635078208505627
2018-11-05,10524.0,10558.7998046875,10477.0,10558.75,301900,-0.0027518165109068,0.2218399408316213,0.2020699133129009
2018-11-06,10530.0,10600.25,10491.4501953125,10552.0,0,0.0005699629678378,0.1994507681878353,0.19356673448036085
2018-11-07,10598.400390625,10616.4501953125,10582.2998046875,10614.4501953125,31200,0.0064747570397876,0.2002497891209667,0.1851569635808351
2018-11-09,10585.2001953125,10619.5498046875,10544.849609375,10614.7001953125,296600,-0.0012462656636175,0.1993916828693669,0.17961618839208912
2018-11-12,10482.2001953125,10645.5,10464.0498046875,10607.7998046875,259700,-0.009778218363148,0.1960746717131923,0.17207441278337038
2018-11-13,10582.5,10596.25,10440.5498046875,10451.900390625,254600,0.0095230942540353,0.1814895381997475,0.1707205957061777
2018-11-14,10576.2998046875,10651.599609375,10532.7001953125,10634.900390625,384500,-0.0005860630609673,0.1640258668878386,0.1691911458574561
2018-11-15,10616.7001953125,10646.5,10557.5,10580.599609375,0,0.0038126211073087,0.1640259618065429,0.16218157830775232
2018-11-16,10682.2001953125,10695.150390625,10631.150390625,10644.0,342800,0.0061505716525058,0.1637010966774771,0.15651726126747967
2018-11-19,10763.400390625,10774.7001953125,10688.7998046875,10731.25,272100,0.0075727031311441,0.1583735356381897,0.15279490260218706
2018-11-20,10656.2001953125,10740.849609375,10640.849609375,10740.099609375,295200,-0.0100096255237306,0.1535057631828361,0.15069018737808826
2018-11-21,10600.0498046875,10671.2998046875,10562.349609375,10670.9501953125,300900,-0.0052832010567947,0.1532779751740406,0.1516908006164316
2018-11-22,10526.75,10646.25,10512.0,10612.650390625,239500,-0.0069390631315694,0.1510319810014641,0.14764905482532084
2018-11-26,10628.599609375,10637.7998046875,10489.75,10568.2998046875,0,0.0096288076690703,0.1521558657164483,0.14533933947439776
2018-11-27,10685.599609375,10695.150390625,10596.349609375,10621.4501953125,0,0.0053485599246426,0.1464776032066778,0.14637977470035735
2018-11-28,10728.849609375,10757.7998046875,10699.849609375,10708.75,424500,0.0040393342237814,0.1398744579090171,0.14277860654721647
2018-11-29,10858.7001953125,10883.0498046875,10782.349609375,10808.7001953125,691300,0.0120302816382299,0.1270527501898516,0.13854150318811612
2018-11-30,10876.75,10922.4501953125,10835.099609375,10892.099609375,453900,0.0016608635822544,0.1238891537537826,0.14405721277275707
2018-12-03,10883.75,10941.2001953125,10845.349609375,10930.7001953125,409700,0.000643367591871,0.1109834925128656,0.13873210560119306
2018-12-04,10869.5,10890.9501953125,10833.349609375,10877.099609375,322100,-0.0013101492455916,0.111240793115936,0.1335641468141204
2018-12-05,10782.900390625,10821.0498046875,10747.9501953125,10820.4501953125,312300,-0.0079991196888217,0.1036781995504573,0.12882562723444718
2018-12-06,10601.150390625,10722.650390625,10588.25,10718.150390625,318500,-0.0169990595794747,0.1205878107219006,0.1294273064432806
2018-12-07,10693.7001953125,10704.5498046875,10599.349609375,10644.7998046875,325800,0.0086922786366063,0.1240102962351681,0.14665431981377042
2018-12-10,10488.4501953125,10558.849609375,10474.9501953125,10508.7001953125,381300,-0.0193801309422876,0.1402151644228334,0.14636104884220846
2018-12-11,10549.150390625,10567.150390625,10333.849609375,10350.0498046875,425500,0.0057706546437928,0.1418399666212209,0.16583006090965724
2018-12-12,10737.599609375,10752.2001953125,10560.7998046875,10591.0,360500,0.0177062390577531,0.1500778501039156,0.16112956186168745
2018-12-13,10791.5498046875,10838.599609375,10749.5,10810.75,376200,0.0050118383410277,0.1476999570491874,0.17413948140398688
2018-12-14,10805.4501953125,10815.75,10752.099609375,10784.5,340100,0.0012872521687673,0.1475999598147503,0.16835822318500399
2018-12-17,10888.349609375,10900.349609375,10844.849609375,10853.2001953125,296900,0.0076427198858132,0.1491014907181797,0.16148084500624
2018-12-18,10908.7001953125,10915.400390625,10819.099609375,10850.900390625,286100,0.0018672794743268,0.1480452255089585,0.15872339269350672
2018-12-19,10967.2998046875,10985.150390625,10928.0,10930.5498046875,312100,0.0053574464743618,0.1470010584565811,0.15254301634047002
2018-12-20,10951.7001953125,10962.5498046875,10880.0498046875,10885.2001953125,318900,-0.0014233871991216,0.1418972062909137,0.14849395557335088
2018-12-21,10754.0,10963.650390625,10738.650390625,10944.25,377500,-0.0182169348003537,0.1558482523668422,0.1428392062730346
2018-12-24,10663.5,10782.2998046875,10649.25,10780.900390625,223400,-0.0084510833319759,0.1568651428590704,0.16025954445964688
2018-12-26,10729.849609375,10747.5,10534.5498046875,10635.4501953125,263700,0.0062028455871955,0.1548201754131408,0.1584467803466848
2018-12-27,10779.7998046875,10834.2001953125,10764.4501953125,10817.900390625,456100,0.0046444536719637,0.1545585477689287,0.15462221202399357
2018-12-28,10859.900390625,10893.599609375,10817.150390625,10820.9501953125,245500,0.0074031480150774,0.1559843111732953,0.14993517706976375
2018-12-31,10862.5498046875,10923.5498046875,10853.2001953125,10913.2001953125,180900,0.0002439332627594,0.1503218229124237,0.14789891366653002
2019-01-02,10792.5,10895.349609375,10735.0498046875,10868.849609375,309700,-0.0064696271450112,0.1518323932791302,0.14213907257264688
2019-01-03,10672.25,10814.0498046875,10661.25,10796.7998046875,286200,-0.0112045337615006,0.1563166811474715,0.13983303808439654
2019-01-04,10727.349609375,10741.0498046875,10628.650390625,10699.7001953125,296600,0.0051496039312523,0.1577164893550344,0.14381703737923898
2019-01-07,10771.7998046875,10835.9501953125,10750.150390625,10804.849609375,269400,0.0041350713736188,0.1561635503263182,0.14025570923754355
2019-01-08,10802.150390625,10818.4501953125,10733.25,10786.25,277700,0.00281363456255,0.1436480710224659,0.1362546633833937
2019-01-09,10855.150390625,10870.400390625,10749.400390625,10862.400390625,333000,0.0048944331833999,0.141638807428346,0.13182732164814895
2019-01-10,10821.599609375,10859.349609375,10801.7998046875,10859.349609375,254400,-0.0030955570407573,0.1224660146085763,0.12898175151253904
2019-01-11,10794.9501953125,10850.150390625,10739.400390625,10834.75,260800,-0.0024656504210332,0.1221609237543728,0.12518623102294077
2019-01-14,10737.599609375,10808.0,10692.349609375,10807.0,298800,-0.0053268862323603,0.1079300833061086,0.1213632822071696
2019-01-15,10886.7998046875,10896.9501953125,10777.5498046875,10777.5498046875,310700,0.0137994642136697,0.1169847585932746,0.11973221621091709
2019-01-16,10890.2998046875,10928.150390625,10876.900390625,10899.650390625,276500,0.0003214385839176,0.1169422171583519,0.1315505935731214
2019-01-17,10905.2001953125,10930.650390625,10844.650390625,10920.849609375,271700,0.0013672907661065,0.114010221530148,0.12681148063865838
2019-01-18,10906.9501953125,10928.2001953125,10852.2001953125,10914.849609375,323800,0.0001604610249256,0.1138250479487435,0.12252475377713298
2019-01-21,10961.849609375,10987.4501953125,10885.75,10919.349609375,288800,0.0050208086296924,0.1136309286505756,0.11836310689586402
2019-01-22,10922.75,10949.7998046875,10864.150390625,10949.7998046875,300800,-0.0035732571466164,0.1142071946855548,0.11671204319564622
2019-01-23,10831.5,10944.7998046875,10811.9501953125,10931.0498046875,298900,-0.0083892145371514,0.0985998416554199,0.11408844778264575
2019-01-24,10849.7998046875,10866.599609375,10798.650390625,10844.0498046875,361100,0.0016880730581589,0.093321388192976,0.11684018388747852
2019-01-25,10780.5498046875,10931.7001953125,10756.4501953125,10859.75,463400,-0.0064030621649687,0.0943786926039575,0.11331236130997002
2019-01-28,10661.5498046875,10804.4501953125,10630.9501953125,10792.4501953125,419700,-0.011099773244971,0.1006392579640056,0.11353228986540949
2019-01-29,10652.2001953125,10690.349609375,10583.650390625,10653.7001953125,356900,-0.0008773312978436,0.0964191537014852,0.12091804473745217
2019-01-30,10651.7998046875,10710.2001953125,10612.849609375,10702.25,410100,-3.758830501756102e-05,0.0963812744221775,0.11692762267755043
2019-01-31,10830.9501953125,10838.0498046875,10678.5498046875,10690.5498046875,604800,0.0166789208742785,0.1117579359017905,0.11313578157880677
2019-02-01,10893.650390625,10983.4501953125,10813.4501953125,10851.349609375,482300,0.0057722920298164,0.1052732545165995,0.1331154277846119
2019-02-04,10912.25,10927.900390625,10814.150390625,10876.75,318300,0.0017059248691862,0.1042244237666711,0.13090614073804266
2019-02-05,10934.349609375,10956.7001953125,10886.7001953125,10908.650390625,268100,0.0020231630833451,0.1036315263450768,0.1264360800751541
2019-02-06,11062.4501953125,11072.599609375,10962.7001953125,10965.099609375,298500,0.0116473337260757,0.1101974417360449,0.1223606727211176
2019-02-07,11069.400390625,11118.099609375,11043.599609375,11070.4501953125,263500,0.0006280717930916,0.1093507726795424,0.12944610229856915
2019-02-08,10943.599609375,11041.2001953125,10925.4501953125,11023.5,352800,-0.0114298051881045,0.1167763538212019,0.12486550064760894
2019-02-11,10888.7998046875,10930.900390625,10857.099609375,10930.900390625,286000,-0.0050200547115384,0.1179325945358495,0.13119529741141256
2019-02-12,10831.400390625,10910.900390625,10823.7998046875,10879.7001953125,292300,-0.0052853608316248,0.1179072174755308,0.1284982888485018
2019-02-14,10746.0498046875,10792.7001953125,10718.75,10786.099609375,627000,-0.007911132252471,0.1106125183328174,0.12623696510752874
2019-02-15,10724.400390625,10785.75,10620.400390625,10780.25,521900,-0.0020166713974639,0.1106583959670334,0.12699129260645625
2019-02-18,10640.9501953125,10759.900390625,10628.400390625,10738.650390625,345400,-0.0078117716203071,0.1130087748665774,0.12287631372650121
2019-02-19,10604.349609375,10722.849609375,10585.650390625,10636.7001953125,291500,-0.0034455265383959,0.1131648973012846,0.12385131862541024
2019-02-20,10735.4501953125,10752.7001953125,10646.400390625,10655.4501953125,289200,0.012287110143627,0.12084941523141,0.12061442551543
2019-02-21,10789.849609375,10808.849609375,10721.5,10744.099609375,279600,0.0050544736074349,0.1222170611992869,0.12918015868834892
2019-02-22,10791.650390625,10801.5498046875,10758.400390625,10782.7001953125,396800,0.0001668819363047,0.1188795786984945,0.12667032129957212
2019-02-25,10880.099609375,10887.099609375,10788.0498046875,10813.25,385900,0.0081626735135031,0.1222270947028826,0.122238445911196
2019-02-26,10835.2998046875,10888.75,10729.2998046875,10775.2998046875,415000,-0.0041260920318907,0.1209406979330918,0.12374587159310661
2019-02-27,10806.650390625,10939.7001953125,10751.2001953125,10881.2001953125,381100,-0.0026475831003447,0.1143168771763775,0.12095452235308639
2019-02-28,10792.5,10865.7001953125,10784.849609375,10865.7001953125,644200,-0.0013102730795938,0.1143992676664055,0.11750767615345989
2019-03-01,10863.5,10877.900390625,10823.099609375,10842.650390625,308500,0.0065570977456633,0.1161863793429318,0.11383158756876444
2019-03-05,10987.4501953125,10994.900390625,10817.0,10864.849609375,373200,0.0113451839580338,0.1082811275295598,0.11417960650654718
2019-03-06,11053.0,11062.2998046875,10998.849609375,11024.849609375,372600,0.0059481541776258,0.1083869338893478,0.12193120175612972
2019-03-07,11058.2001953125,11089.0498046875,11027.099609375,11077.9501953125,321200,0.0004703675388439,0.1083257214348366,0.12084793002940863
2019-03-08,11035.400390625,11049.0,11008.9501953125,11038.849609375,326600,-0.0020639291176077,0.1085895997863975,0.11681402837374029
2019-03-11,11168.0498046875,11180.900390625,11059.849609375,11068.75,352200,0.0119486828487988,0.1089858438456672,0.11341564262098444
2019-03-12,11301.2001953125,11320.400390625,11227.0,11231.349609375,391300,0.0118519264539069,0.1159279906585811,0.12246920300638163
2019-03-13,11341.7001953125,11352.2998046875,11276.599609375,11326.2001953125,383000,0.0035772840485137,0.1069865824482912,0.12991887217219725
2019-03-14,11343.25,11383.4501953125,11313.75,11382.5,294500,0.0001366372574386,0.1043636429728867,0.1263191056524064
2019-03-15,11426.849609375,11487.0,11370.7998046875,11376.849609375,463700,0.0073429617299341,0.1024883701505393,0.12190921013857439
2019-03-18,11462.2001953125,11530.150390625,11412.5,11473.849609375,320300,0.0030888668901587,0.09516555542067,0.12239169295876512
2019-03-19,11532.400390625,11543.849609375,11451.25,11500.2998046875,326100,0.0061058171586395,0.0938432413408027,0.11906146806875838
2019-03-20,11521.0498046875,11556.099609375,11503.099609375,11553.349609375,366300,-0.0009847191425605,0.0861789718648714,0.11840199587869114
2019-03-22,11456.900390625,11572.7998046875,11434.5498046875,11549.2001953125,386200,-0.0055835773146963,0.0887197511034777,0.1145980693930361
2019-03-25,11354.25,11395.650390625,11311.599609375,11395.650390625,294500,-0.0090000795022271,0.0932361432572118,0.11380912888868935
2019-03-26,11483.25,11496.75,11352.4501953125,11375.2001953125,282600,0.0112973286932164,0.0976524532805036,0.11752494296476024
2019-03-27,11445.0498046875,11546.2001953125,11413.0,11531.4501953125,350400,-0.0033321468214628,0.0996479991278728,0.12467786364608648
2019-03-28,11570.0,11588.5,11452.4501953125,11463.650390625,527700,0.0108582361558709,0.1018883847274111,0.12131559372847796
2019-04-01,11669.150390625,11738.099609375,11644.75,11665.2001953125,379600,0.0085330995827254,0.10027006769126,0.1271302491747564
2019-04-02,11713.2001953125,11729.349609375,11655.849609375,11711.5498046875,386100,0.0037677868730356,0.0977199311254687,0.1286114125192301
2019-04-03,11643.9501953125,11761.0,11629.150390625,11735.2998046875,365800,-0.0059296790704819,0.1020015557219852,0.12522040876766038
2019-04-04,11598.0,11662.5498046875,11559.2001953125,11660.2001953125,349000,-0.0039540791366154,0.1046474260074592,0.12382819232549999
2019-04-05,11665.9501953125,11689.650390625,11609.5,11638.400390625,266700,0.0058416896509144,0.1008621693139981,0.12091267507763481
2019-04-08,11604.5,11710.2998046875,11549.099609375,11704.349609375,260900,-0.0052814051841508,0.10397419949771,0.11981333003140048
2019-04-09,11671.9501953125,11683.900390625,11569.7001953125,11612.0498046875,300500,0.005795590267793,0.1044169643212233,0.11827309880709695
2019-04-10,11584.2998046875,11680.0498046875,11571.75,11646.849609375,359900,-0.0075378279508354,0.1090962141885187,0.11736444194789523
2019-04-11,11596.7001953125,11606.7001953125,11550.5498046875,11592.5498046875,279800,0.0010698754849078,0.1033449679741543,0.118565434836418
2019-04-12,11643.4501953125,11657.349609375,11578.7998046875,11612.849609375,246000,0.0040232151920854,0.0971148085527124,0.11476611893194642
2019-04-15,11690.349609375,11704.599609375,11648.25,11667.0,290000,0.0040198748262654,0.0972506534098509,0.11260445561104959
2019-04-16,11787.150390625,11810.9501953125,11731.5498046875,11736.2001953125,354300,0.008246306446581,0.0999007798526613,0.11061472299731354
2019-04-18,11752.7998046875,11856.150390625,11738.5,11856.150390625,339700,-0.00291849473211,0.0990838948889651,0.11357100445988877
2019-04-22,11594.4501953125,11727.0498046875,11583.9501953125,11727.0498046875,260400,-0.013564941266796,0.1114072103926996,0.11079773573284801
2019-04-23,11575.9501953125,11645.9501953125,11564.7998046875,11612.9501953125,272500,-0.0015968652780555,0.1097469536574666,0.12375366938745275
2019-04-24,11726.150390625,11740.849609375,11578.849609375,11601.5,335200,0.0128917369476169,0.1181014796573043,0.11972790240006399
2019-04-25,11641.7998046875,11796.75,11624.2998046875,11735.7001953125,604400,-0.0072193711121506,0.1193518879610271,0.12964392949055029
2019-04-26,11754.650390625,11762.900390625,11661.75,11683.75,333500,0.009646887469961,0.117600910051055,0.12922406867805775
2019-04-30,11748.150390625,11756.25,11655.900390625,11748.75,532600,-0.0005531255807526,0.1124022884584596,0.13206350603260197
2019-05-02,11724.75,11789.2998046875,11699.5498046875,11725.5498046875,380300,-0.0019938224921164,0.1118336344531837,0.1273080576023373
2019-05-03,11712.25,11770.900390625,11699.349609375,11722.599609375,305500,-0.00106668952385,0.1062813630533067,0.12316416101839675
2019-05-06,11598.25,11632.5498046875,11571.349609375,11605.7998046875,299000,-0.0097810779570294,0.1079398828876051,0.11905639451198335
2019-05-07,11497.900390625,11657.0498046875,11484.4501953125,11651.5,337500,-0.0086897806903779,0.1106317327527983,0.12335259706622467
2019-05-08,11359.4501953125,11479.099609375,11346.9501953125,11478.7001953125,372800,-0.0121144301503351,0.1161244212265569,0.12546810666572644
2019-05-09,11301.7998046875,11357.599609375,11255.0498046875,11322.400390625,373000,-0.0050880260352891,0.1165317154131357,0.1329626227219307
2019-05-10,11278.900390625,11345.7998046875,11251.0498046875,11314.150390625,387300,-0.0020282295690185,0.1136662336094246,0.13018163425531504
2019-05-13,11148.2001953125,11300.2001953125,11125.599609375,11258.7001953125,357600,-0.011655690801341,0.1183125811601631,0.12585726443348494
2019-05-14,11222.0498046875,11294.75,11108.2998046875,11151.650390625,398100,0.0066025080321108,0.1190057687049454,0.13245231260377638
2019-05-15,11157.0,11286.7998046875,11136.9501953125,11271.7001953125,414200,-0.0058134718372332,0.1181179236351821,0.131104003299332
2019-05-16,11257.099609375,11281.5498046875,11143.349609375,11180.349609375,350700,0.0089319023833083,0.1235318928834587,0.12909897951756627
2019-05-17,11407.150390625,11426.150390625,11259.849609375,11261.900390625,412100,0.0132413800291101,0.1324506751180481,0.1309162898278655
2019-05-20,11828.25,11845.2001953125,11591.7001953125,11651.900390625,452100,0.0362503520301784,0.1845719423743993,0.13973545748299637
2019-05-21,11709.099609375,11883.5498046875,11682.7998046875,11863.650390625,381000,-0.0101244541453482,0.1858966668866907,0.21223430923850423
2019-05-22,11737.900390625,11784.7998046875,11682.400390625,11727.9501953125,355900,0.0024566721316128,0.185881173400147,0.20788569271453317
2019-05-23,11657.0498046875,12041.150390625,11614.5,11901.2998046875,569000,-0.0069118255980392,0.1811596747799355,0.19896828549466922
2019-05-24,11844.099609375,11859.0,11658.099609375,11748.0,374600,0.0159186898748304,0.1888977068116289,0.19279579378644493
2019-05-27,11924.75,11957.150390625,11812.400390625,11855.5,348400,0.0067862518773673,0.1852402412357363,0.19800644964573624
2019-05-28,11928.75,11958.5498046875,11864.900390625,11958.349609375,598300,0.0003353805552639,0.1829539859070019,0.19180802132699637
2019-05-29,11861.099609375,11931.900390625,11836.7998046875,11905.7998046875,318100,-0.0056873476786873,0.1816978396396911,0.18348579716450422
2019-05-30,11945.900390625,11968.5498046875,11859.400390625,11865.2998046875,421200,0.0071240509010948,0.1831155641243273,0.1775090964205974
2019-05-31,11922.7998046875,12039.25,11829.4501953125,11999.7998046875,438900,-0.001935638971628,0.1831045100307376,0.17303130702260222
2019-06-03,12088.5498046875,12103.0498046875,11920.099609375,11953.75,315300,0.0138061904475292,0.1883691759872269,0.16600840245382084
2019-06-04,12021.650390625,12095.2001953125,12005.849609375,12052.650390625,289200,-0.0055494840533033,0.1857262112919309,0.17100757521239277
2019-06-06,11843.75,12039.7998046875,11830.25,12039.7998046875,415200,-0.0149089211116321,0.1912794435634928,0.16578713959016564
2019-06-07,11870.650390625,11897.5,11769.5,11865.2001953125,302500,0.0022686976453037,0.1848455482349945,0.17270490490444704
2019-06-10,11922.7001953125,11975.0498046875,11871.75,11934.900390625,303300,0.0043751625083482,0.1831100064472403,0.16578802209596202
2019-06-11,11965.599609375,12000.349609375,11904.349609375,11959.849609375,332200,0.0035916712809597,0.1823742184316516,0.16018637323318025
2019-06-12,11906.2001953125,11962.4501953125,11866.349609375,11962.4501953125,283700,-0.0049765444699523,0.1770880125247502,0.15454315372890953
2019-06-13,11914.0498046875,11931.349609375,11817.0498046875,11873.900390625,447900,0.0006590703001973,0.176817220079798,0.15008013941778606
2019-06-14,11823.2998046875,11911.849609375,11797.7001953125,11910.099609375,390300,-0.0076462152373002,0.1780582304635482,0.1442144893489795
2019-06-17,11672.150390625,11844.0498046875,11657.75,11844.0,295500,-0.0128664484379438,0.1844385778527849,0.14293496978409237
2019-06-18,11691.5,11727.2001953125,11641.150390625,11677.0498046875,365500,0.0016563861789982,0.1796267413543416,0.14931749767654853
2019-06-19,11691.4501953125,11802.5,11625.099609375,11744.4501953125,446900,-4.259914774167141e-06,0.126454732084777,0.1436632080148589
2019-06-20,11831.75,11843.5,11635.0498046875,11653.650390625,442000,0.0119287739074267,0.1284842866295538,0.13815820386934283
2019-06-21,11724.099609375,11827.9501953125,11705.099609375,11827.599609375,468400,-0.0091400770377047,0.1324730310551652,0.14355090449256525
2019-06-24,11699.650390625,11754.0,11670.2001953125,11725.7998046875,277600,-0.0020875587921609,0.1303645501150329,0.14412681032629393
2019-06-25,11796.4501953125,11814.400390625,11651.0,11681.0,300500,0.0082396950931069,0.1210607167359292,0.13891549162844855
2019-06-26,11847.5498046875,11871.849609375,11757.5498046875,11768.150390625,327900,0.0043224233576614,0.1195628536545187,0.13881553908075728
2019-06-27,11841.5498046875,11911.150390625,11821.0498046875,11860.849609375,480200,-0.0005065621089227,0.1195412252514886,0.13503741603675531
2019-06-28,11788.849609375,11871.7001953125,11775.5,11861.150390625,303900,-0.004460380187531,0.1189248592094744,0.13008937088651043
2019-07-01,11865.599609375,11884.650390625,11830.7998046875,11839.900390625,278400,0.0064892882200805,0.1184455432180508,0.12705177215835592
2019-07-02,11910.2998046875,11917.4501953125,11814.7001953125,11890.2998046875,363200,0.0037601309797355,0.1191088541215816,0.12606735855026743
2019-07-03,11916.75,11945.2001953125,11887.0498046875,11932.150390625,340500,0.0005414178862205,0.1080122481052599,0.12285845625017859
2019-07-04,11946.75,11969.25,11923.650390625,11928.7998046875,333600,0.0025143014062712,0.1070408923630212,0.1186979992130575
2019-07-05,11811.150390625,11981.75,11797.900390625,11964.75,530700,-0.0114152412136924,0.1015767309121518,0.11535104763093347
2019-07-08,11558.599609375,11771.900390625,11523.2998046875,11770.400390625,464000,-0.0216143187984928,0.1253722461209933,0.12305530229062206
2019-07-09,11555.900390625,11582.5498046875,11461.0,11531.599609375,442500,-0.000233551992236,0.1237643971864917,0.15398607908882822
2019-07-10,11498.900390625,11593.7001953125,11475.650390625,11536.150390625,337600,-0.0049447502653284,0.1228793884330621,0.14785782425342067
2019-07-11,11582.900390625,11599.0,11519.5,11561.4501953125,317300,0.0072784937042869,0.1262923435494505,0.143850492727997
2019-07-12,11552.5,11639.5498046875,11538.599609375,11601.150390625,359400,-0.002628042532973,0.1261595517359949,0.14220820542541832
2019-07-15,11588.349609375,11618.400390625,11532.2998046875,11614.75,368800,0.0030983856392325,0.1250144136794667,0.13730980816366073
2019-07-16,11662.599609375,11670.0498046875,11573.9501953125,11596.650390625,480200,0.0063868577322556,0.1195743931761511,0.13294171015624426
2019-07-17,11687.5,11706.650390625,11651.150390625,11670.75,464800,0.0021327874810327,0.1196708502859235,0.13133169549396076
2019-07-18,11596.900390625,11677.150390625,11582.400390625,11675.599609375,498300,-0.0077820399135673,0.1226567566091906,0.1269662178882235
2019-07-19,11419.25,11640.349609375,11399.2998046875,11627.9501953125,446000,-0.015437326885714,0.124653431013976,0.1274828513861627
2019-07-22,11346.2001953125,11398.150390625,11301.25,11392.849609375,516000,-0.0064176244949366,0.1229483121772756,0.14148261120621997
2019-07-23,11331.0498046875,11398.150390625,11302.7998046875,11372.25,458900,-0.001336175495625,0.1229352528702708,0.13918149604914912
2019-07-24,11271.2998046875,11359.75,11229.7998046875,11322.4501953125,413200,-0.0052870732659151,0.1182388642592235,0.13409040854410414
2019-07-25,11252.150390625,11361.400390625,11239.349609375,11290.400390625,553700,-0.0017003983413219,0.1158902816930339,0.13138284361216562
2019-07-26,11284.2998046875,11307.599609375,11210.0498046875,11247.4501953125,522700,0.0028531055771835,0.1171793288771528,0.12688003682030358
2019-07-29,11189.2001953125,11310.9501953125,11152.400390625,11307.5,482900,-0.0084633169752627,0.1189187679025317,0.12311240798643608
2019-07-30,11085.400390625,11267.4501953125,11072.650390625,11213.7001953125,479100,-0.0093200823653439,0.1164697591760266,0.12493646481847577
2019-07-31,11118.0,11145.2998046875,10999.400390625,11034.0498046875,536700,0.0029364540769757,0.1158795583517437,0.12778915953957562
2019-08-01,10980.0,11076.75,10881.0,11060.2001953125,499900,-0.0124899804498931,0.1192124767478253,0.12399808620115187
2019-08-02,10997.349609375,11080.150390625,10848.9501953125,10930.2998046875,547400,0.0015788630828991,0.1186210130003341,0.13242981557096278
2019-08-05,10862.599609375,10895.7998046875,10782.599609375,10895.7998046875,506600,-0.0123286385918026,0.1193857079402339,0.12782664635939547
2019-08-06,10948.25,11018.5498046875,10813.7998046875,10815.400390625,517900,0.007853965566277,0.1076249931672269,0.1353723062561714
2019-08-07,10855.5,10975.650390625,10835.900390625,10958.099609375,548500,-0.0085077621466028,0.1091546416091974,0.1351490297359893
2019-08-08,11032.4501953125,11058.0498046875,10842.9501953125,10899.2001953125,482500,0.0161690837982416,0.1273478323905602,0.13575792753172977
2019-08-09,11109.650390625,11181.4501953125,11062.7998046875,11087.900390625,538100,0.0069731873754653,0.1270724943361228,0.14985948394930032
2019-08-13,10925.849609375,11145.900390625,10901.599609375,11139.400390625,624600,-0.0166826297594268,0.1369124789242131,0.1474001046361912
2019-08-14,11029.400390625,11078.150390625,10935.599609375,11003.25,511500,0.0094329646972824,0.1419333903405549,0.16055925095618054
2019-08-16,11047.7998046875,11068.650390625,10924.2998046875,11043.650390625,470900,0.0016668253365152,0.1391859977420567,0.15985127613886133
2019-08-19,11053.900390625,11146.900390625,11037.849609375,11094.7998046875,369500,0.0005520467691192,0.1386183264557979,0.1535549814999673
2019-08-20,11017.0,11076.2998046875,10985.2998046875,11063.900390625,444700,-0.0033438078514244,0.1373968384061874,0.14747003476084464
2019-08-21,10918.7001953125,11034.2001953125,10906.650390625,11018.150390625,557900,-0.0089626008590573,0.1313800790326395,0.14253897339731383
2019-08-22,10741.349609375,10908.25,10718.2998046875,10905.2998046875,668200,-0.0163761903599742,0.1397343464904157,0.14298718607222755
2019-08-23,10829.349609375,10862.5498046875,10637.150390625,10699.599609375,667100,0.0081592615346459,0.1446102948398216,0.15625258849406246
2019-08-26,11057.849609375,11070.2998046875,10756.5498046875,11000.2998046875,684100,0.0208805429846769,0.1645135226632872,0.15447100798803648
2019-08-27,11105.349609375,11141.75,11049.5,11106.5498046875,685600,0.0042863913515562,0.1654557924900757,0.17590026895980515
2019-08-28,11046.099609375,11129.650390625,10987.650390625,11101.2998046875,550000,-0.0053495498840406,0.1657226642322535,0.1695947369799618
2019-08-29,10948.2998046875,11021.099609375,10922.400390625,10996.0498046875,649900,-0.0088932138970112,0.1659725865568594,0.16433610014721578
2019-08-30,11023.25,11042.599609375,10874.7998046875,10987.7998046875,628200,0.006822503346491,0.1652397050987219,0.1626560047228479
2019-09-03,10797.900390625,10967.5,10772.7001953125,10960.9501953125,483000,-0.0206549716202419,0.1791031150636176,0.15903925193269527
2019-09-04,10844.650390625,10858.75,10746.349609375,10790.400390625,508800,0.0043201998863098,0.1754059710885849,0.17900080002444452
2019-09-05,10847.900390625,10920.099609375,10816.0,10860.9501953125,595700,0.000299642034456,0.1752625303064524,0.172515155584603
2019-09-06,10946.2001953125,10957.0498046875,10867.4501953125,10883.7998046875,497200,0.0090208330367241,0.1729283296695828,0.16529607324420742
2019-09-09,11003.0498046875,11028.849609375,10889.7998046875,10936.7001953125,412500,0.0051801074294417,0.1717131074184081,0.1636749115760638
2019-09-11,11035.7001953125,11054.7998046875,11011.650390625,11028.5,687100,0.00296300057966,0.1689269799751856,0.15871086047698318
2019-09-12,10982.7998046875,11081.75,10964.9501953125,11058.2998046875,551400,-0.0048050950254965,0.1602608308560983,0.15288677925980018
2019-09-13,11075.900390625,11084.4501953125,10945.75,10986.7998046875,624300,0.0084412171097482,0.1611685754815307,0.1484252420353686
2019-09-16,11003.5,11052.7001953125,10968.2001953125,10994.849609375,434500,-0.0065582079983637,0.1516113167602225,0.147664945198753
2019-09-17,10817.599609375,11000.099609375,10796.5,11000.099609375,482000,-0.0170390027633122,0.1591460588949243,0.14499066961462823
2019-09-18,10840.650390625,10885.150390625,10804.849609375,10872.7998046875,519200,0.0021285921026311,0.15924875912281,0.1593423822139513
2019-09-19,10704.7998046875,10845.2001953125,10670.25,10845.2001953125,642600,-0.0126107725834496,0.164186447859576,0.15319427281227269
2019-09-20,11274.2001953125,11381.900390625,10691.0,10746.7998046875,1356800,0.0518247259951442,0.2468922443388816,0.15781017012963267
2019-09-23,11600.2001953125,11694.849609375,11471.349609375,11542.7001953125,882800,0.0285054094215263,0.2613464587187095,0.2793562467895737
2019-09-24,11588.2001953125,11655.0498046875,11539.2001953125,11590.7001953125,651700,-0.001035000333708,0.252350129711236,0.2959134081199521
2019-09-25,11440.2001953125,11564.9501953125,11416.099609375,11564.849609375,629100,-0.0128538704574952,0.2580158245771963,0.2819795438676281
2019-09-26,11571.2001953125,11610.849609375,11466.349609375,11469.849609375,844500,0.011385783826013,0.2515614028750044,0.2749777608921423
2019-09-27,11512.400390625,11593.599609375,11499.75,11556.349609375,650000,-0.0050945199509384,0.2526592397178885,0.2671386524660018
2019-09-30,11474.4501953125,11508.25,11390.7998046875,11491.150390625,756800,-0.0033019077276591,0.252036729120528,0.2557349492202647
2019-10-01,11359.900390625,11554.2001953125,11247.900390625,11515.400390625,1305400,-0.0100331967125401,0.2526769347360341,0.24435632389091455
2019-10-03,11314.0,11370.400390625,11257.349609375,11322.25,1017500,-0.0040487479027005,0.2527374733214058,0.23752024509290892
2019-10-04,11174.75,11400.2998046875,11158.349609375,11388.4501953125,928500,-0.0123841280362274,0.2452217464483456,0.22740670554138312
2019-10-07,11126.400390625,11233.849609375,11112.650390625,11196.2001953125,733200,-0.0043360709453904,0.2458593541955346,0.2242325822618299
2019-10-09,11313.2998046875,11321.599609375,11090.150390625,11152.9501953125,741100,0.0166583095543536,0.2515514301013432,0.21500144617776804
2019-10-10,11234.5498046875,11293.349609375,11208.5498046875,11280.5,562000,-0.0069851734480923,0.2520331517691102,0.21880063325765992
2019-10-11,11305.0498046875,11362.900390625,11189.400390625,11257.7001953125,737800,0.006255677219734,0.2522725423691741,0.2113502969701133
2019-10-14,11341.150390625,11420.4501953125,11290.0498046875,11335.900390625,587600,0.0031882272704231,0.2522925748733928,0.20390771750619163
2019-10-15,11428.2998046875,11462.349609375,11342.099609375,11360.849609375,527400,0.0076549797105181,0.2521856236359015,0.19543452660580074
2019-10-16,11464.0,11481.0498046875,11411.099609375,11464.9501953125,533500,0.0031189722795879,0.251116134855942,0.1900905815673436
2019-10-17,11586.349609375,11599.099609375,11439.650390625,11466.2998046875,797600,0.0106159568508184,0.2510988669031577,0.1824071018586622
2019-10-18,11661.849609375,11684.7001953125,11553.150390625,11580.2998046875,853400,0.0064951495568105,0.2411101782362383,0.1811126880104046
2019-10-22,11588.349609375,11714.349609375,11573.650390625,11657.150390625,867600,-0.0063225475319826,0.2435158375794321,0.17587063109970016
2019-10-23,11604.099609375,11651.599609375,11554.400390625,11596.2001953125,664200,0.0013582008758651,0.2368212375380129,0.17086880678043986
2019-10-24,11582.599609375,11679.599609375,11534.650390625,11661.650390625,700500,-0.0018545120164874,0.1604798129099493,0.1638553203243894
2019-10-25,11583.900390625,11646.900390625,11490.75,11646.150390625,812000,0.0001122984698912,0.1262991930194522,0.15736105272387885
2019-10-29,11786.849609375,11809.400390625,11627.349609375,11643.9501953125,951700,0.0173682334074765,0.139880997921907,0.1510279784632124
2019-10-30,11844.099609375,11883.9501953125,11784.4501953125,11883.900390625,725200,0.0048453501784329,0.1312697671691949,0.16503143815960641
2019-10-31,11877.4501953125,11945.0,11855.099609375,11890.4501953125,1414800,0.0028118405572833,0.12653391747571,0.1597583241956019
2019-11-01,11890.599609375,11918.2998046875,11843.349609375,11886.599609375,855300,0.0011064782775295,0.124425813170806,0.15381004660446795
2019-11-04,11941.2998046875,11989.150390625,11905.349609375,11928.900390625,823100,0.0042548242520918,0.1234712161176589,0.1477735899115082
2019-11-05,11917.2001953125,11978.9501953125,11861.900390625,11974.599609375,632000,-0.0020202122992972,0.1166455755464433,0.14331877391216147
2019-11-06,11966.0498046875,12002.900390625,11850.25,11911.5,603400,0.0040907060383537,0.1144681374646514,0.13813836966250792
2019-11-07,12012.0498046875,12021.400390625,11946.849609375,12021.099609375,563000,0.0038368392142123,0.1005359097951799,0.13426035082993318
2019-11-08,11908.150390625,12034.150390625,11888.75,11987.150390625,789300,-0.0086872239057793,0.1057703597571648,0.13050341767514692
2019-11-11,11913.4501953125,11932.650390625,11853.9501953125,11879.2001953125,549000,0.0004449579074941,0.0941103563965822,0.13183204834414866
2019-11-13,11840.4501953125,11946.7998046875,11823.2001953125,11908.2998046875,659000,-0.0061463783728446,0.0930887976978157,0.12708264663541094
2019-11-14,11872.099609375,11895.650390625,11802.650390625,11858.75,559500,0.0026694246816312,0.0920899805798006,0.12574245533841952
2019-11-15,11895.4501953125,11973.650390625,11879.25,11904.2001953125,580200,0.0019649138125061,0.0920439158786596,0.12196919236618167
2019-11-18,11884.5,11946.2001953125,11867.599609375,11915.150390625,514400,-0.0009209603886071,0.0905061995761911,0.1181774747100315
2019-11-19,11940.099609375,11958.849609375,11881.75,11919.4501953125,613900,0.0046674203321069,0.0909346893734164,0.11437781511027698
2019-11-20,11999.099609375,12038.599609375,11966.0498046875,12004.75,646700,0.0049291639974579,0.0861018591886554,0.11275779409580751
2019-11-21,11968.400390625,12028.2001953125,11956.900390625,12025.650390625,557700,-0.002561738649308,0.085415911918641,0.11150673930059249
2019-11-22,11914.400390625,11968.099609375,11883.5,11967.2998046875,486800,-0.0045220903960493,0.0836173082864861,0.10870459994428444
2019-11-25,12073.75,12084.5,11919.75,11922.4501953125,534300,0.0132858891358918,0.0933283419776329,0.10744615151357623
2019-11-26,12037.7001953125,12132.4501953125,12006.349609375,12110.2001953125,1201300,-0.0029902665544935,0.0939830318246646,0.12042040642711865
2019-11-27,12100.7001953125,12114.900390625,12055.150390625,12068.5,584200,0.0052199103527662,0.0944674717404634,0.11718077760507772
2019-11-28,12151.150390625,12158.7998046875,12099.9501953125,12132.099609375,620500,0.0041605293507918,0.0769964725811488,0.11581098885218899
2019-11-29,12056.0498046875,12147.400390625,12017.400390625,12146.2001953125,804400,-0.0078572552326699,0.0823267774389957,0.1136673232755236
2019-12-02,12048.2001953125,12137.150390625,12023.7001953125,12137.0498046875,720900,-0.0006513050314763,0.0821579938145454,0.11570544946858158
2019-12-03,11994.2001953125,12068.599609375,11956.400390625,12067.650390625,605800,-0.0044920715009142,0.0840586058401239,0.1120346907025363
2019-12-04,12043.2001953125,12054.7001953125,11935.2998046875,11969.9501953125,747200,0.0040769856204158,0.0839583939446541,0.1104652061987047
2019-12-05,12018.400390625,12081.2001953125,11998.75,12071.25,562200,-0.0020613602474655,0.08397348759935,0.10869412299938236
2019-12-06,11921.5,12057.0498046875,11888.849609375,12047.349609375,609200,-0.0080953486219982,0.0877552979147945,0.10587847893448184
2019-12-09,11937.5,11981.9501953125,11888.0498046875,11939.099609375,599100,0.0013412131605239,0.086736738630003,0.10918943413740104
2019-12-10,11856.7998046875,11953.2001953125,11844.7001953125,11950.5,650200,-0.0067831796188954,0.0846413690584762,0.10610080928541615
2019-12-11,11910.150390625,11923.2001953125,11832.2998046875,11867.349609375,997700,0.0044894843560396,0.0861787969609674,0.10753754737938863
2019-12-12,11971.7998046875,12005.5,11934.0,11944.2998046875,752600,0.0051628573460297,0.0849332505016401,0.10635261030860566
2019-12-13,12086.7001953125,12098.849609375,12023.599609375,12026.400390625,597700,0.0095518227839611,0.0902991010754191,0.1059031731366369
2019-12-16,12053.9501953125,12134.650390625,12046.2998046875,12131.349609375,437700,-0.0027132674192033,0.0910245986880388,0.11159918542415416
2019-12-17,12165.0,12182.75,12070.349609375,12082.4501953125,499600,0.0091705529807056,0.0954622680783986,0.10886553251603001
2019-12-18,12221.650390625,12237.7001953125,12163.4501953125,12197.0,518900,0.0046460249046105,0.0954522526967114,0.11349951512627253
2019-12-19,12259.7001953125,12268.349609375,12191.150390625,12223.400390625,623100,0.0031084751792857,0.0947400415378948,0.11193566967947953
2019-12-20,12271.7998046875,12293.900390625,12252.75,12266.4501953125,810700,0.0009864549951019,0.093841418793033,0.10939283961077248
2019-12-23,12262.75,12287.150390625,12213.25,12235.4501953125,604800,-0.000737719270985,0.0918320712433874,0.10621001664949471
2019-12-24,12214.5498046875,12283.7001953125,12202.099609375,12269.25,470300,-0.0039383639534341,0.0825961455754446,0.1032105876315243
2019-12-26,12126.5498046875,12221.5498046875,12118.849609375,12211.849609375,520300,-0.0072306004913641,0.0861186008504665,0.10194391846311097
2019-12-27,12245.7998046875,12258.4501953125,12157.900390625,12172.900390625,383800,0.009785757510884,0.0907021753328815,0.10446258883698764
2019-12-30,12255.849609375,12286.4501953125,12213.7998046875,12274.900390625,411100,0.0008203370378256,0.0897682598935661,0.11078662197569661
2019-12-31,12168.4501953125,12247.099609375,12151.7998046875,12247.099609375,426900,-0.007156789574995,0.0889849569119926,0.10747735645823256
2020-01-01,12182.5,12222.2001953125,12165.2998046875,12202.150390625,304100,0.0011539431631088,0.0889252332993853,0.10925439003506536
2020-01-02,12282.2001953125,12289.900390625,12195.25,12198.5498046875,407700,0.0081505799340132,0.0906995608415997,0.10611598069373127
2020-01-03,12226.650390625,12265.599609375,12191.349609375,12261.099609375,428800,-0.0045330481423355,0.0920682601623193,0.10948142946716158
2020-01-06,11993.0498046875,12179.099609375,11974.2001953125,12170.599609375,396500,-0.0192907284731414,0.115092764098436,0.10816508245103927
2020-01-07,12052.9501953125,12152.150390625,12005.349609375,12079.099609375,447800,0.0049821604032702,0.1125339390793809,0.13658088496834267
2020-01-08,12025.349609375,12044.9501953125,11929.599609375,11939.099609375,446000,-0.0022925703434345,0.1129041225218422,0.13343766432938217
2020-01-09,12215.900390625,12224.0498046875,12132.5498046875,12153.150390625,477500,0.0157215247601045,0.121573040511007,0.12898906193776893
2020-01-10,12256.7998046875,12311.2001953125,12213.2001953125,12271.0,660600,0.003342455210374,0.121272798583019,0.14334454291802862
2020-01-13,12329.5498046875,12337.75,12285.7998046875,12296.7001953125,501000,0.0059179352344971,0.1215984224884021,0.1386879692437202
2020-01-14,12362.2998046875,12374.25,12308.7001953125,12333.099609375,616300,0.0026526987425187,0.1180697434886015,0.13615565491036327
2020-01-15,12343.2998046875,12355.150390625,12278.75,12349.400390625,684400,-0.0015381131440847,0.1176643191974124,0.1316664408044727
2020-01-16,12355.5,12389.0498046875,12315.7998046875,12347.099609375,395700,0.00098791814997,0.1139749453254235,0.12710267632049793
2020-01-17,12352.349609375,12385.4501953125,12321.400390625,12328.400390625,502100,-0.0002550113176078,0.1131198579877989,0.12272210970203556
2020-01-20,12224.5498046875,12430.5,12216.900390625,12430.5,491600,-0.010400087859252,0.1187439979119995,0.11855089455642416
2020-01-21,12169.849609375,12230.0498046875,12162.2998046875,12195.2998046875,400,-0.0044846594550091,0.1196013324118374,0.12395062291693675
2020-01-22,12106.900390625,12225.0498046875,12087.900390625,12218.349609375,500,-0.0051859791637364,0.1207480331013345,0.121404755841287
2020-01-23,12180.349609375,12189.0,12094.099609375,12123.75,867700,0.0060483951593072,0.1222253764883859,0.11964321572658189
2020-01-24,12248.25,12272.150390625,12149.650390625,12174.5498046875,593200,0.0055591042118478,0.1208907260096579,0.11886986719963463
2020-01-27,12119.0,12216.599609375,12107.0,12197.099609375,441200,-0.0106086006564749,0.1217408729817558,0.11767347816497238
2020-01-28,12055.7998046875,12163.5498046875,12024.5,12148.099609375,478500,-0.0052286132506335,0.1227164129354051,0.12355794002567684
2020-01-29,12129.5,12169.599609375,12103.7998046875,12114.900390625,514400,0.0060946462552533,0.122630811870319,0.12165381698736648
2020-01-30,12035.7998046875,12150.2998046875,12010.599609375,12147.75,538100,-0.0077549764050795,0.1252892713296067,0.12074533216208186
2020-01-31,11962.099609375,12103.5498046875,11945.849609375,12100.400390625,771300,-0.0061422398476357,0.1224963720653787,0.1218706514749423
2020-02-03,11707.900390625,11749.849609375,11614.5,11627.4501953125,669800,-0.0214794247492997,0.1408911990840384,0.12099190841800773
2020-02-04,11979.650390625,11986.150390625,11783.400390625,11786.25,560400,0.0229455485200191,0.1514012613034969,0.15211167892357103
2020-02-05,12089.150390625,12098.150390625,11953.349609375,12005.849609375,758000,0.009098978920125,0.1537794239287126,0.1792897934851582
2020-02-06,12137.9501953125,12160.599609375,12084.650390625,12120.0,565100,0.0040285357723643,0.1540767734919916,0.17655195079874164
2020-02-07,12098.349609375,12154.7001953125,12073.9501953125,12151.150390625,473500,-0.0032678768209591,0.1440691907299561,0.1700755337771113
2020-02-10,12031.5,12103.5498046875,11990.75,12102.349609375,524700,-0.0055408368875527,0.1444007366361122,0.16366341212795912
2020-02-11,12107.900390625,12172.2998046875,12099.0,12108.400390625,480000,0.0063299538920958,0.1446520924720782,0.1589499423588448
2020-02-12,12201.2001953125,12231.75,12144.2998046875,12151.0,411700,0.0076761591804553,0.1472148517757229,0.15519293905173928
2020-02-13,12174.650390625,12225.650390625,12139.7998046875,12219.5498046875,501200,-0.0021783703582191,0.1472816022146459,0.15299176945671514
2020-02-14,12113.4501953125,12246.7001953125,12091.2001953125,12190.150390625,622800,-0.0050395315698233,0.1479130448708184,0.14725043782512362
2020-02-17,12045.7998046875,12159.599609375,12037.0,12131.7998046875,0,-0.0056003863896707,0.1487568048767934,0.14335482039804304
2020-02-18,11992.5,12030.75,11908.0498046875,12028.25,676900,-0.0044345808537079,0.1455062840582388,0.14018304364189432
2020-02-19,12125.900390625,12134.7001953125,12042.099609375,12090.599609375,513600,0.0110622386930189,0.1505758482792542,0.13638035212507943
2020-02-20,12080.849609375,12152.0,12071.4501953125,12119.0,502600,-0.0037221711517002,0.1500461719154399,0.14056175196004284
2020-02-24,11829.400390625,12012.5498046875,11813.400390625,12012.5498046875,490800,-0.0210335307220503,0.1646730218156985,0.13629504294555156
2020-02-25,11797.900390625,11883.0498046875,11779.900390625,11877.5,461000,-0.0026664085715663,0.1627520458224588,0.16218076696220857
2020-02-26,11678.5,11783.25,11639.599609375,11738.5498046875,567600,-0.0101720381463894,0.1624605533706905,0.15602901575401143
2020-02-27,11633.2998046875,11663.849609375,11536.7001953125,11661.25,608600,-0.0038778860778288,0.1621646213522256,0.1567012085273509
2020-02-28,11201.75,11384.7998046875,11175.0498046875,11382.0,809900,-0.0378016423222764,0.2019876262459387,0.15142880350553573
2020-03-02,11132.75,11433.0,11036.25,11387.349609375,680800,-0.0061788013630017,0.2016712395454095,0.22466218307442498
2020-03-03,11303.2998046875,11342.25,11152.5498046875,11217.5498046875,696500,0.0152034864709549,0.2117375666192522,0.21632660277176569
2020-03-04,11251.0,11356.599609375,11082.150390625,11351.349609375,797700,-0.0046376876143074,0.2006620998525894,0.21780400422851645
2020-03-05,11269.0,11389.5,11244.599609375,11306.0498046875,1352500,0.0015985793812774,0.1799179737441211,0.20908478043366907
2020-03-06,10989.4501953125,11035.099609375,10827.400390625,10942.650390625,1811000,-0.0251198535301779,0.189906035711578,0.1999205838424221
2020-03-09,10451.4501953125,10751.5498046875,10294.4501953125,10742.0498046875,1565500,-0.0501949959864756,0.2442051283255758,0.22243854716031808
2020-03-11,10458.400390625,10545.099609375,10334.0,10334.2998046875,1218500,0.0006647771623133,0.2453647283583734,0.3111405785431502
2020-03-12,9590.150390625,10040.75,9508.0,10039.9501953125,1343500,-0.0866689498179394,0.3692317084186977,0.29638208195550997
2020-03-13,9955.2001953125,10159.400390625,8555.150390625,9107.599609375,1388000,0.0373584765423917,0.4015958245768596,0.4835804317375485
2020-03-16,9197.400390625,9602.2001953125,9165.099609375,9587.7998046875,897700,-0.0791741694511037,0.4632409664349652,0.4900531216132246
2020-03-17,8967.0498046875,9403.7998046875,8915.599609375,9285.400390625,935600,-0.025364151715096,0.4630904923575499,0.5880595667951576
2020-03-18,8468.7998046875,9127.5498046875,8407.0498046875,9088.4501953125,1516600,-0.0571679271151332,0.4843060600645977,0.5707616263778222
2020-03-19,8263.4501953125,8575.4501953125,7832.5498046875,8063.2998046875,925700,-0.0245465995477513,0.4831108508128812,0.6012731259716878
2020-03-20,8745.4501953125,8883.0,8178.2001953125,8284.4501953125,1071500,0.0566913879444369,0.5468509138856554,0.5823360818583609
2020-03-23,7610.25,8159.25,7583.60009765625,7945.7001953125,653500,-0.139037564610512,0.6860683769896182,0.610296537405916
2020-03-24,7801.0498046875,8036.9501953125,7511.10009765625,7848.2998046875,738400,0.0247622921384646,0.7026220126986688,0.8562896085781285
2020-03-25,8317.849609375,8376.75,7714.75,7735.14990234375,736900,0.0641454460311805,0.761773904572396,0.8214672653970454
2020-03-26,8641.4501953125,8749.0498046875,8304.900390625,8451.0,865600,0.0381666543961638,0.7841050610904052,0.8330166170436175
2020-03-27,8660.25,9038.900390625,8522.900390625,8949.099609375,801500,0.0021731751069639,0.7861917828867985,0.8103277772273557
2020-03-30,8281.099609375,8576.0,8244.0,8385.9501953125,593300,-0.0447678278737022,0.7921399125163379,0.7701884996981171
2020-03-31,8597.75,8678.2998046875,8358.0,8529.349609375,712700,0.0375247784776983,0.809037819684537,0.7595748369104484
2020-04-01,8253.7998046875,8588.099609375,8198.349609375,8584.099609375,506300,-0.0408268644244904,0.8144585768010763,0.7416678634793817
2020-04-03,8083.7998046875,8356.5498046875,8055.7998046875,8356.5498046875,697000,-0.0208116418506999,0.8075752709804226,0.7287775242457826
2020-04-07,8792.2001953125,8819.400390625,8360.9501953125,8446.2998046875,814200,0.0840029521628222,0.8785002292056721,0.699069580793228
2020-04-08,8748.75,9131.7001953125,8653.900390625,8688.900390625,896500,-0.0049541539879532,0.8775391265944021,0.7657034795184318
2020-04-09,9111.900390625,9128.349609375,8904.5498046875,8973.0498046875,742100,0.0406704613937413,0.8946250990508877,0.7280949502651352
2020-04-13,8993.849609375,9112.0498046875,8912.400390625,9103.9501953125,644000,-0.0130403274235616,0.8821992715377467,0.7161358176506017
2020-04-15,8925.2998046875,9261.2001953125,8874.099609375,9196.400390625,879100,-0.0076510483286485,0.8817410266530081,0.6832386588784944
2020-04-16,8992.7998046875,9053.75,8821.900390625,8851.25,719400,0.0075343167835424,0.8343453565975404,0.6503680481369216
2020-04-17,9266.75,9324.0,9091.349609375,9323.4501953125,684200,0.0300084893471159,0.8302371245837814,0.6191754481332022
2020-04-20,9261.849609375,9390.849609375,9230.7998046875,9390.2001953125,726400,-0.0005289542483047,0.7831765613636458,0.6041093025819542
2020-04-21,8981.4501953125,9044.400390625,8909.400390625,9016.9501953125,655100,-0.0307424095868608,0.785617819187145,0.5743210579852441
2020-04-22,9187.2998046875,9209.75,8946.25,9026.75,734400,0.0226607133769272,0.7605979949014232,0.5635129368047942
2020-04-23,9313.900390625,9343.599609375,9170.150390625,9232.349609375,666700,0.0136858755813272,0.7540983185413024,0.5455208097411253
2020-04-24,9154.400390625,9296.900390625,9141.2998046875,9163.900390625,659400,-0.0172732692247864,0.7343481156334755,0.5223900037134914
2020-04-27,9282.2998046875,9377.099609375,9250.349609375,9259.7001953125,512800,0.0138746591837446,0.525072697518714,0.5028675770334673
2020-04-28,9380.900390625,9404.400390625,9260.0,9389.7998046875,614500,0.010566409007242,0.522153842201517,0.48232687638630245
2020-04-29,9553.349609375,9599.849609375,9392.349609375,9408.599609375,653000,0.0182160885502695,0.483611108953344,0.461211524208285
2020-04-30,9859.900390625,9889.0498046875,9731.5,9753.5,931200,0.0315842287594642,0.4787092798826517,0.44637646269665826
2020-05-04,9293.5,9533.5,9266.9501953125,9533.5,687500,-0.0591608351265545,0.5297682237624988,0.4480609577033144
2020-05-05,9205.599609375,9450.900390625,9190.75,9429.400390625,725200,-0.0095032789725698,0.5027995072626924,0.5034476203108185
2020-05-06,9270.900390625,9346.900390625,9116.5,9226.7998046875,722200,0.0070685522845568,0.4888826229513082,0.4806967679006892
2020-05-07,9199.0498046875,9277.849609375,9175.900390625,9234.0498046875,708700,-0.007780307756411,0.4638128290215028,0.45829433158057553
2020-05-08,9251.5,9382.650390625,9238.2001953125,9376.9501953125,609100,0.0056855039177872,0.4540962625815926,0.437338608589459
2020-05-11,9239.2001953125,9439.900390625,9219.9501953125,9348.150390625,704600,-0.0013303775813467,0.3560350877736756,0.41682964822942103
2020-05-12,9196.5498046875,9240.849609375,9043.9501953125,9168.849609375,805500,-0.0046269304709594,0.3559521652755804,0.3966224345836742
2020-05-13,9383.5498046875,9584.5,9351.099609375,9584.2001953125,846400,0.0201297429354734,0.3345793117603931,0.37799039754285624
2020-05-14,9142.75,9281.099609375,9119.75,9213.9501953125,602600,-0.0259969199371075,0.3444884478487158,0.3711131032136166
2020-05-15,9136.849609375,9182.400390625,9050.0,9182.400390625,575900,-0.000645571123658,0.3431799415093722,0.37232736066249367
2020-05-18,8823.25,9158.2998046875,8806.75,9158.2998046875,773000,-0.0349253614900618,0.3640581609248842,0.35437997160484275
2020-05-19,8879.099609375,9030.349609375,8855.2998046875,8961.7001953125,762200,0.0063098736505969,0.3475849821646299,0.37260003797237895
2020-05-20,9066.5498046875,9093.7998046875,8875.349609375,8889.150390625,622300,0.0208916388393265,0.3565590006258625,0.35577632192748626
2020-05-21,9106.25,9178.5498046875,9056.099609375,9079.4501953125,631500,0.0043691955994809,0.340036629167613,0.3516459327361338
2020-05-22,9039.25,9149.599609375,8968.5498046875,9067.900390625,675800,-0.0073847846008156,0.3313574380253797,0.33534277220084774
2020-05-26,9029.0498046875,9161.650390625,8996.650390625,9099.75,655000,-0.0011290709703029,0.3271594205391362,0.3210506170085574
2020-05-27,9314.9501953125,9334.0,9004.25,9082.2001953125,763500,0.0311735219299972,0.3404642608535158,0.30580034353505714
2020-05-28,9490.099609375,9511.25,9336.5,9364.9501953125,837900,0.0186284514925432,0.3431472553881748,0.3237242030864424
2020-05-29,9580.2998046875,9598.849609375,9376.900390625,9422.2001953125,967000,0.009459777532853,0.3427819547666204,0.3196296673061645
2020-06-01,9826.150390625,9931.599609375,9706.9501953125,9726.849609375,794200,0.0253383526597206,0.3481348399618108,0.30741178936011576
2020-06-02,9979.099609375,9995.599609375,9824.0498046875,9880.849609375,770200,0.015445627746472,0.3346991334741692,0.3145215379566937
2020-06-03,10061.5498046875,10176.2001953125,10035.5498046875,10108.2998046875,794700,0.0082283421862785,0.2551078234809921,0.30763124553867494
2020-06-04,10029.099609375,10123.849609375,9944.25,10054.25,775100,-0.0032303807470656,0.25189723245861,0.2954022862272632
2020-06-05,10142.150390625,10177.7998046875,10040.75,10093.7998046875,987100,0.0112092175696585,0.2529225225225413,0.28183648439076725
2020-06-08,10167.4501953125,10328.5,10120.25,10326.75,936500,0.0024914146063167,0.2492285449763735,0.2733642737972665
2020-06-09,10046.650390625,10291.150390625,10021.4501953125,10181.150390625,754200,-0.0119521758820678,0.2558111423471582,0.26082988941587204
2020-06-10,10116.150390625,10148.75,10036.849609375,10072.599609375,632400,0.0068939108220717,0.2552675804251514,0.25454379791155357
2020-06-11,9902.0,10112.0498046875,9885.0498046875,10094.099609375,715500,-0.0213964383678064,0.2689166864648477,0.24477094286954654
2020-06-12,9972.900390625,9996.0498046875,9544.349609375,9544.9501953125,796300,0.0071346965257769,0.262494150800699,0.25283626788790026
2020-06-15,9813.7001953125,9943.349609375,9726.349609375,9919.349609375,716100,-0.016092064938005,0.2507340338515377,0.24331089023640487
2020-06-16,9914.0,10046.150390625,9728.5,10014.7998046875,899900,0.0101685110713787,0.2513482847194757,0.243317204724654
2020-06-17,9881.150390625,10003.599609375,9833.7998046875,9876.7001953125,685400,-0.0033189583187083,0.2103568755909922,0.2366740143031072
2020-06-18,10091.650390625,10111.2001953125,9845.0498046875,9863.25,622900,0.0210794466700883,0.2172767979153429,0.22636547430472165
2020-06-19,10244.400390625,10272.400390625,10072.650390625,10119.0,892100,0.0150228650029494,0.2131532063413977,0.23627019605341684
2020-06-22,10311.2001953125,10393.650390625,10277.599609375,10318.75,685400,0.0064994490975027,0.2130987291823875,0.23552756175330902
2020-06-23,10471.0,10484.7001953125,10301.75,10347.9501953125,669200,0.0153788292551106,0.2097580272702484,0.22670113935245673
2020-06-24,10305.2998046875,10553.150390625,10281.9501953125,10529.25,854800,-0.0159512242577638,0.2228715637884762,0.22736940080453727
2020-06-25,10288.900390625,10361.7998046875,10194.5,10235.5498046875,994200,-0.0015926248529521,0.2049718202881324,0.22877637962824762
2020-06-26,10383.0,10409.849609375,10311.25,10378.900390625,671900,0.0091041711267076,0.1994179316878898,0.2185170124413842
2020-06-29,10312.400390625,10337.9501953125,10223.599609375,10311.9501953125,574500,-0.0068227607980759,0.2020504741410571,0.21273569388788782
2020-06-30,10302.099609375,10401.0498046875,10267.349609375,10382.599609375,556200,-0.0009993724909477,0.1861679982681203,0.2055742765471843
2020-07-01,10430.0498046875,10447.0498046875,10299.599609375,10323.7998046875,573600,0.0123433241068104,0.183691574369007,0.1965261153498434
2020-07-02,10551.7001953125,10598.2001953125,10485.5498046875,10493.0498046875,597400,0.0115959587525375,0.1854679570431158,0.1960718825171521
2020-07-03,10607.349609375,10631.2998046875,10562.650390625,10614.9501953125,525200,0.0052601173388212,0.1846283374691818,0.19472073919375804
2020-07-06,10763.650390625,10811.400390625,10695.099609375,10723.849609375,571200,0.014627632603289,0.1869853171373902,0.1877458768936564
2020-07-07,10799.650390625,10813.7998046875,10689.7001953125,10802.849609375,636800,0.0033390095340367,0.1869889097794645,0.1914759541807075
2020-07-08,10705.75,10847.849609375,10676.5498046875,10818.650390625,767900,-0.0087327820609896,0.1840829162687236,0.18378954213949744
2020-07-09,10813.4501953125,10836.849609375,10733.0,10755.5498046875,618700,0.0100097674252966,0.1852208024544993,0.18030849464513884
2020-07-10,10768.0498046875,10819.400390625,10713.0,10764.099609375,590700,-0.0042073495908376,0.1649520985408458,0.17848887655803097
2020-07-13,10802.7001953125,10894.0498046875,10756.0498046875,10851.849609375,554100,0.0032127228240942,0.1645698690822029,0.17197838377863994
2020-07-14,10607.349609375,10755.650390625,10562.900390625,10750.849609375,532400,-0.0182490007348894,0.1679899455584324,0.1654261755221721
2020-07-15,10618.2001953125,10827.4501953125,10577.75,10701.0,715900,0.0010224080867197,0.1665361988868185,0.17886104324435623
2020-07-16,10739.9501953125,10755.2998046875,10595.2001953125,10706.2001953125,694400,0.0114009234448232,0.167006419248846,0.17133261639984293
2020-07-17,10901.7001953125,10933.4501953125,10749.650390625,10752.0,676900,0.0149483065306169,0.1603076247445586,0.17210667782211508
2020-07-20,11022.2001953125,11037.900390625,10953.0,10999.4501953125,554300,0.0109926802508403,0.1572930947899424,0.17826476175433553
2020-07-21,11162.25,11179.5498046875,11113.25,11126.099609375,772000,0.0126261109917779,0.1601779989831292,0.1778212782772638
2020-07-22,11132.599609375,11238.099609375,11056.5498046875,11231.2001953125,765100,-0.0026598437419676,0.1558447941105709,0.17963684320331008
2020-07-23,11215.4501953125,11239.7998046875,11103.150390625,11135.0,621600,0.0074146036213252,0.1404594714991557,0.1724226891623365
2020-07-24,11194.150390625,11225.400390625,11090.2998046875,11149.9501953125,678900,-0.0019009541040186,0.1406189625708195,0.16858255969977073
2020-07-27,11131.7998046875,11225.0,11087.849609375,11225.0,588100,-0.0055854955772852,0.1431062861428621,0.1618160278069911
2020-07-28,11300.5498046875,11317.75,11151.400390625,11154.099609375,683900,0.0150455200834502,0.1436342378858259,0.15726600562790496
2020-07-29,11202.849609375,11341.400390625,11149.75,11276.900390625,600700,-0.0086832044688866,0.1495878501806539,0.16560932774758122
2020-07-30,11102.150390625,11299.9501953125,11084.9501953125,11254.2998046875,677800,-0.0090293569074517,0.1528390462732395,0.16358605371137896
2020-07-31,11073.4501953125,11150.400390625,11026.650390625,11139.5,642600,-0.002588449519166,0.1506391161010556,0.16212665296845613
2020-08-03,10891.599609375,11058.0498046875,10882.25,11057.5498046875,680900,-0.0165585548501213,0.1636345767094333,0.1559513059093814
2020-08-04,11095.25,11112.25,10908.099609375,10946.650390625,625700,0.0185252747319563,0.1681416733110156,0.16743909683083666
2020-08-05,11101.650390625,11225.650390625,11064.0498046875,11155.75,667600,0.0005766923029565,0.1680218303692872,0.18111996700681482
2020-08-06,11200.150390625,11256.7998046875,11127.2998046875,11185.7001953125,600400,0.0088334248392406,0.1657923297884295,0.17341902286633754
2020-08-07,11214.0498046875,11231.900390625,11142.0498046875,11186.650390625,452600,0.0012402330418245,0.1633186023692527,0.17089188110379128
2020-08-10,11270.150390625,11337.2998046875,11238.0,11270.25,492000,0.004990233307851,0.1622080251974026,0.1638578480959208
2020-08-11,11322.5,11373.599609375,11299.150390625,11322.25,586100,0.0046342241532836,0.1623977721008401,0.15875640535185176
2020-08-12,11308.400390625,11322.0,11242.650390625,11289.0,609900,-0.0012460495124746,0.1451348725325695,0.15377875896554535
2020-08-13,11300.4501953125,11359.2998046875,11269.9501953125,11334.849609375,562400,-0.0007032817179241,0.145560763177313,0.1477669941911215
2020-08-14,11178.400390625,11366.25,11111.4501953125,11353.2998046875,645100,-0.0108591854891072,0.1496734063571027,0.14204661230619037
2020-08-17,11247.099609375,11267.099609375,11144.5,11248.900390625,634000,0.0061269031823474,0.1429562857196588,0.1452245157862532
2020-08-18,11385.349609375,11401.7001953125,11253.150390625,11259.7998046875,579200,0.0122171240273108,0.1440411399998109,0.1423549606583923
2020-08-19,11408.400390625,11460.349609375,11394.099609375,11452.150390625,626200,0.0020225534725844,0.1383319413846397,0.14768958528624698
2020-08-20,11312.2001953125,11361.4501953125,11289.7998046875,11317.4501953125,791600,-0.0084681538079335,0.1417106744774028,0.14223353170172587
2020-08-21,11371.599609375,11418.5,11362.2001953125,11409.650390625,668700,0.0052371781043135,0.1406192700197497,0.1420915524059438
2020-08-24,11466.4501953125,11497.25,11410.650390625,11412.0,532900,0.0083064125099262,0.1427085429579311,0.138726626649271
2020-08-25,11472.25,11525.900390625,11423.349609375,11513.099609375,638200,0.0005056785922225,0.1406340012911193,0.13872662340139016
2020-08-26,11549.599609375,11561.75,11461.849609375,11512.849609375,743400,0.0067196947024521,0.1332442227102679,0.13354685530422597
2020-08-27,11559.25,11617.349609375,11540.599609375,11609.2998046875,719800,0.0008352117348219,0.128489073924191,0.13222352529846895
2020-08-28,11647.599609375,11686.0498046875,11589.400390625,11602.9501953125,807000,0.0076141344216117,0.1241811982333826,0.12748939387223848
2020-08-31,11387.5,11794.25,11325.849609375,11777.5498046875,1371800,-0.0225838540823065,0.150578384618686,0.1277458046667373
2020-09-01,11470.25,11553.5498046875,11366.900390625,11464.2998046875,783800,0.0072404643072113,0.1368983092900517,0.16016429956065728
2020-09-02,11535.0,11554.75,11430.400390625,11478.5498046875,593500,0.0056291647324288,0.1245695059866019,0.15712446851787787
2020-09-03,11527.4501953125,11584.9501953125,11507.650390625,11566.2001953125,607100,-0.000654727047062,0.1248010389327301,0.15294493721945843
2020-09-04,11333.849609375,11452.0498046875,11303.650390625,11354.400390625,681300,-0.0169373758997622,0.1377396250487247,0.14690540666098922
2020-09-07,11355.0498046875,11381.150390625,11251.7001953125,11359.599609375,560300,0.0018687730149809,0.137795642242072,0.16069718329319668
2020-09-08,11317.349609375,11437.25,11290.4501953125,11378.5498046875,572200,-0.0033256497797895,0.1374642534486329,0.15439723980362377
2020-09-09,11278.0,11298.150390625,11185.150390625,11218.599609375,728900,-0.0034829865290936,0.1370395967219422,0.14900390747229553
2020-09-10,11449.25,11464.0498046875,11327.400390625,11363.2998046875,679400,0.0150703002864904,0.1467627119064868,0.14403917431630225
2020-09-11,11464.4501953125,11493.5,11419.900390625,11447.7998046875,554800,0.0013267344350831,0.1467058753313894,0.15441784735204112
2020-09-14,11440.0498046875,11568.900390625,11383.5498046875,11540.150390625,642300,-0.0021306206077892,0.1410580228676586,0.14838164096780027
2020-09-15,11521.7998046875,11535.9501953125,11442.25,11487.2001953125,506700,0.007120536611649,0.1415451902774686,0.14291435681139936
2020-09-16,11604.5498046875,11618.099609375,11516.75,11538.4501953125,527800,0.0071563696439827,0.1375894485201386,0.1411886114559215
2020-09-17,11516.099609375,11587.2001953125,11498.5,11539.400390625,0,-0.0076512233913988,0.1406490535608479,0.1396503347850297
2020-09-18,11504.9501953125,11584.099609375,11446.099609375,11584.099609375,764200,-0.0009686278452831,0.1370114295215665,0.13878994538859996
2020-09-21,11250.5498046875,11535.25,11218.5,11503.7998046875,602900,-0.0223603955336918,0.1575720008585219,0.13365861652825548
2020-09-22,11153.650390625,11302.2001953125,11084.650390625,11301.75,672200,-0.0086501653643637,0.1565634090623297,0.1638338935605232
2020-09-23,11131.849609375,11259.5498046875,11024.400390625,11258.75,714900,-0.0019564998051874,0.1564344998987376,0.1619282248110321
2020-09-24,10805.5498046875,11015.2998046875,10790.2001953125,11011.0,706100,-0.0297504608662972,0.181490188461609,0.1555758610178412
2020-09-25,11050.25,11072.599609375,10854.849609375,10910.400390625,559600,0.0223931791940379,0.2017227183569433,0.20115625353208136
2020-09-28,11227.5498046875,11239.349609375,11099.849609375,11140.849609375,472800,0.0159175097829387,0.2087135309552997,0.21741263005632622
2020-09-29,11222.400390625,11305.400390625,11181.0,11288.599609375,498300,-0.0004587461538228,0.194471252328764,0.2198172500034604
2020-09-30,11247.5498046875,11295.400390625,11184.5498046875,11244.4501953125,499300,0.0022384940193966,0.1926628797972302,0.20993966551233773
2020-10-01,11416.9501953125,11428.599609375,11347.0498046875,11364.4501953125,447700,0.0149488005669281,0.1992550091835839,0.20085298164095652
2020-10-05,11503.349609375,11578.0498046875,11452.2998046875,11487.7998046875,530600,0.0075391529809943,0.2011819805121197,0.20360478661294615
2020-10-06,11662.400390625,11680.2998046875,11564.2998046875,11603.4501953125,561400,0.013731761801546,0.1968453899777714,0.19758750094477845
2020-10-07,11738.849609375,11763.0498046875,11629.349609375,11679.25,513400,0.0065337954785306,0.1976587374857989,0.19890823944809785
2020-10-08,11834.599609375,11905.7001953125,11791.150390625,11835.400390625,608800,0.0081235907124039,0.1980549768664229,0.1924691506672837
2020-10-09,11914.2001953125,11938.599609375,11805.2001953125,11852.0498046875,611100,0.0067035711010205,0.1975616043584727,0.18774439585576244
2020-10-12,11930.9501953125,12022.0498046875,11867.2001953125,11973.5498046875,522600,0.0014048980594053,0.1923062021404149,0.18219401277982936
2020-10-13,11934.5,11988.2001953125,11888.900390625,11934.650390625,458300,0.0002974848313881,0.1923821106637354,0.17452796956350147
2020-10-14,11971.0498046875,11997.2001953125,11822.150390625,11917.400390625,569200,0.0030578533826602,0.1918467084427688,0.16719215560576065
2020-10-15,11680.349609375,12025.4501953125,11661.2998046875,12023.4501953125,608900,-0.0245833094439902,0.2119056956458567,0.1608750005995635
2020-10-16,11762.4501953125,11789.75,11667.849609375,11727.400390625,555800,0.0070043614485633,0.2118475416191015,0.1903084949352508
2020-10-19,11873.0498046875,11898.25,11820.400390625,11879.2001953125,541400,0.0093588387501093,0.2116504041357275,0.18480838387078982
2020-10-20,11896.7998046875,11949.25,11837.25,11861.0,453600,0.0019983305148122,0.2114720452947265,0.1818858729021467
2020-10-21,11937.650390625,12018.650390625,11775.75,11958.5498046875,623700,0.0034278639199247,0.1926997062930418,0.1743565125883927
2020-10-22,11896.4501953125,11939.5498046875,11823.4501953125,11890.0,544900,-0.0034572511936285,0.1896190786371021,0.1677452994203266
2020-10-23,11930.349609375,11974.5498046875,11908.75,11957.900390625,502300,0.002845488039808,0.18874275686335,0.16155916403975826
2020-10-26,11767.75,11942.849609375,11711.7001953125,11937.400390625,519800,-0.0137228017193982,0.1592418069209051,0.15551103027828264
2020-10-27,11889.400390625,11899.0498046875,11723.0,11807.099609375,616300,0.0102845406889033,0.1467101274380716,0.16171065294347078
2020-10-28,11729.599609375,11929.400390625,11684.849609375,11922.599609375,704000,-0.0135317515260312,0.1506813329770716,0.16196239473366858
2020-10-29,11670.7998046875,11744.150390625,11606.4501953125,11633.2998046875,555000,-0.0050255491286022,0.1524718204596705,0.16700905394295862
2020-10-30,11642.400390625,11748.9501953125,11535.4501953125,11678.4501953125,553700,-0.0024363388871728,0.1531860922942831,0.16171538018422907
2020-11-02,11669.150390625,11725.650390625,11557.400390625,11697.349609375,568400,0.0022950006194009,0.1454115211246726,0.1555150224177044
2020-11-03,11813.5,11836.2001953125,11723.2998046875,11734.4501953125,674300,0.0122943045330826,0.1489784750053455,0.1496528191984014
2020-11-04,11908.5,11929.650390625,11756.400390625,11783.349609375,667300,0.0080094855297475,0.1441876132581515,0.15418936240997808
2020-11-05,12120.2998046875,12131.099609375,12027.599609375,12062.400390625,632500,0.0176292858444438,0.154325101035194,0.15242546640684593
2020-11-06,12263.5498046875,12280.400390625,12131.849609375,12156.650390625,576800,0.0117497155151759,0.1567711562980253,0.16674998637333052
2020-11-09,12461.0498046875,12474.0498046875,12367.349609375,12399.400390625,553400,0.0159763315871394,0.1636437434619597,0.16848758855561866
2020-11-10,12631.099609375,12643.900390625,12475.25,12556.400390625,847500,0.0135542320664769,0.1683045188883905,0.17696910747557176
2020-11-11,12749.150390625,12769.75,12571.099609375,12680.599609375,880500,0.0093026374903675,0.1695606024673408,0.1802638037782474
2020-11-12,12690.7998046875,12741.150390625,12624.849609375,12702.150390625,622000,-0.0045873272404132,0.1716649262698419,0.17766135118745702
2020-11-13,12719.9501953125,12735.9501953125,12607.7001953125,12659.7001953125,513900,0.0022943363271255,0.1400139955598933,0.17140340514677124
2020-11-17,12874.2001953125,12934.0498046875,12797.099609375,12932.5,707700,0.0120536814263418,0.1424236388427002,0.1645717517468497
2020-11-18,12938.25,12948.849609375,12819.349609375,12860.099609375,731300,0.0049627164920273,0.1412658584250386,0.1669884878744307
2020-11-19,12771.7001953125,12963.0,12745.75,12839.5,768800,-0.0129562393724881,0.1530635567719818,0.16165639112098806
2020-11-20,12859.0498046875,12892.4501953125,12730.25,12813.400390625,664000,0.0068160274319264,0.1535264363419579,0.16580076033114582
2020-11-23,12926.4501953125,12968.849609375,12825.7001953125,12960.2998046875,633100,0.0052277864790618,0.1514726922178173,0.16193799998062258
2020-11-24,13055.150390625,13079.099609375,12978.0,13002.599609375,571900,0.0099071069585315,0.1527910271816924,0.1571269523897586
2020-11-25,12858.400390625,13145.849609375,12833.650390625,13130.0,679000,-0.0151853972050902,0.1550312419096777,0.15734180875608197
2020-11-26,12987.0,13018.0,12790.400390625,12906.4501953125,549800,0.0099515324761854,0.1548713339372074,0.16593591908053754
2020-11-27,12968.9501953125,13035.2998046875,12914.2998046875,13012.0498046875,1162400,-0.0013908030691388,0.1425742565956272,0.16535727215497584
2020-12-01,13109.0498046875,13128.400390625,12962.7998046875,13062.2001953125,583600,0.0107447624239941,0.1393335087761373,0.15867544075688955
2020-12-02,13113.75,13128.5,12983.5498046875,13121.400390625,717700,0.0003584815807498,0.1376452543117991,0.1598521686893129
2020-12-03,13133.900390625,13216.599609375,13107.900390625,13215.2998046875,713700,0.0015354055912646,0.1379046285279203,0.15337869995243344
2020-12-04,13258.5498046875,13280.0498046875,13152.849609375,13177.400390625,640500,0.0094459089596483,0.1365164740767794,0.1474472521210291
2020-12-07,13355.75,13366.650390625,13241.9501953125,13264.849609375,591700,0.0073043911126538,0.1363746281695937,0.14802864244618083
2020-12-08,13392.9501953125,13435.4501953125,13311.0498046875,13393.849609375,543200,0.0027814599606117,0.1291929835067435,0.14605333950407257
2020-12-09,13529.099609375,13548.900390625,13449.599609375,13458.099609375,502600,0.0101144285625281,0.1281977141147622,0.14096590057714783
2020-12-10,13478.2998046875,13503.5498046875,13399.2998046875,13488.5,553400,-0.0037619219695161,0.1244563132802373,0.14315601214908008
2020-12-11,13513.849609375,13579.349609375,13402.849609375,13512.2998046875,787700,0.0026340862816878,0.1192423496775751,0.1387326311484869
2020-12-14,13558.150390625,13597.5,13472.4501953125,13571.4501953125,558400,0.0032728147749187,0.1171763314580406,0.13406480478642327
2020-12-15,13567.849609375,13589.650390625,13447.0498046875,13547.2001953125,497600,0.0007151234360649,0.114294571193192,0.13000582646785144
2020-12-16,13682.7001953125,13692.349609375,13606.4501953125,13663.099609375,462200,0.0084292806418641,0.115661743960525,0.12539880319393956
2020-12-17,13740.7001953125,13773.25,13673.5498046875,13713.5498046875,416000,0.0042299704380164,0.1114480957533149,0.12692572814050973
2020-12-18,13760.5498046875,13772.849609375,13658.599609375,13764.400390625,519400,0.0014435425896574,0.1113744017360237,0.12396457678890746
2020-12-21,13328.400390625,13777.5,13131.4501953125,13741.900390625,687300,-0.0319086621563026,0.1558969840372545,0.11988477873393284
2020-12-22,13466.2998046875,13492.0498046875,13192.900390625,13373.650390625,696200,0.0102931274150866,0.1576964508943178,0.18525857201647303
2020-12-23,13601.099609375,13619.4501953125,13432.2001953125,13473.5,458700,0.0099603894022997,0.1596820797851665,0.18332901160025317
2020-12-24,13749.25,13771.75,13626.900390625,13672.150390625,471400,0.010833634066335,0.1602604737374717,0.18118876799602238
2020-12-28,13873.2001953125,13885.2998046875,13811.5498046875,13815.150390625,403600,0.0089746583951646,0.1481239606078361,0.180271439994881
2020-12-29,13932.599609375,13967.599609375,13859.900390625,13910.349609375,439600,0.0042724542962582,0.146359863987886,0.17732189244414726
2020-12-30,13981.9501953125,13997.0,13864.9501953125,13980.900390625,380700,0.0035358361641822,0.1453419864843132,0.17091850411897486
2020-12-31,13981.75,14024.849609375,13936.4501953125,13970.0,452400,-1.4318227638304822e-05,0.1434266007353271,0.16456776220676145
2021-01-01,14018.5,14049.849609375,13991.349609375,13996.099609375,358100,0.0026249780699946,0.1431014245849313,0.15780723169794286
2021-01-04,14132.900390625,14147.9501953125,13953.75,14104.349609375,495000,0.0081275544934744,0.143968027382072,0.15191272458147673
2021-01-05,14199.5,14215.599609375,14048.150390625,14075.150390625,492500,0.0047013123578649,0.1424251474868269,0.15047807062413046
2021-01-06,14146.25,14244.150390625,14039.900390625,14240.9501953125,632300,-0.0037571814216639,0.1436218124709712,0.14611745969051468
2021-01-07,14137.349609375,14256.25,14123.099609375,14253.75,559200,-0.0006293676223474,0.1440941121017592,0.14148917149849044
2021-01-08,14347.25,14367.2998046875,14221.650390625,14258.400390625,613500,0.0147380825344641,0.1479798061810196,0.13614809877782458
2021-01-11,14484.75,14498.2001953125,14383.099609375,14474.0498046875,672900,0.0095380856285503,0.1477252881267286,0.14712651696213583
2021-01-12,14563.4501953125,14590.650390625,14432.849609375,14473.7998046875,929600,0.0054186068221036,0.1478512867287726,0.14786178841543493
2021-01-13,14564.849609375,14653.349609375,14435.7001953125,14639.7998046875,874000,9.608621670051524e-05,0.1483382776794324,0.14420392866054293
2021-01-14,14595.599609375,14617.7998046875,14471.5,14550.0498046875,620200,0.0021090217895653,0.1480975256743321,0.13866637385609887
2021-01-15,14433.7001953125,14617.4501953125,14357.849609375,14594.349609375,789600,-0.0111543229606527,0.1552130967587622,0.13381213973786157
2021-01-18,14281.2998046875,14459.150390625,14222.7998046875,14453.2998046875,762000,-0.010614788200058,0.1615703424671748,0.13846767883365757
2021-01-19,14521.150390625,14546.0498046875,14350.849609375,14371.650390625,546100,0.0166552587564137,0.1695013010637274,0.14169118655348623
2021-01-20,14644.7001953125,14666.4501953125,14517.5498046875,14538.2998046875,623100,0.0084722743367609,0.1149820627272435,0.1557915523210904
2021-01-21,14590.349609375,14753.5498046875,14517.25,14730.9501953125,704600,-0.0037181840918013,0.1163007014848571,0.15439642522969588
2021-01-22,14371.900390625,14619.900390625,14357.75,14583.400390625,776800,-0.015085386074712,0.1310584390937895,0.1491933783549832
2021-01-25,14238.900390625,14491.099609375,14218.599609375,14477.7998046875,618600,-0.0092972551902512,0.1336978042375714,0.15880264593571303
2021-01-27,13967.5,14237.9501953125,13929.2998046875,14237.9501953125,660700,-0.0192444808915834,0.1491101655602034,0.15809479536356696
2021-01-28,13817.5498046875,13898.25,13713.25,13810.400390625,637900,-0.0107936931679345,0.1531602821959439,0.1749752607967233
2021-01-29,13634.599609375,13966.849609375,13596.75,13946.599609375,753200,-0.013328858232496,0.1587469147391833,0.17459304746857335
2021-02-01,14281.2001953125,14336.349609375,13661.75,13758.599609375,870500,0.0463333497197178,0.2288236744750204,0.1778111845894141
2021-02-02,14647.849609375,14731.7001953125,14469.150390625,14481.099609375,915000,0.0253495396757428,0.2438903229723953,0.2702584370105915
2021-02-03,14789.9501953125,14868.849609375,14574.150390625,14754.900390625,869500,0.009654368913945,0.244423231015385,0.2820724258708481
2021-02-04,14895.650390625,14913.7001953125,14714.75,14789.0498046875,884700,0.0071213409820254,0.2448831069223473,0.2723647594861843
2021-02-05,14924.25,15014.650390625,14864.75,14952.599609375,935600,0.0019181565175802,0.243907646570257,0.26163531862538136
2021-02-08,15115.7998046875,15159.900390625,15041.0498046875,15064.2998046875,671200,0.0127531347053858,0.2461057189183663,0.24963366695707315
2021-02-09,15109.2998046875,15257.099609375,15064.2998046875,15164.150390625,713300,-0.0004301061160564,0.2427210831558882,0.24503120272170079
2021-02-10,15106.5,15168.25,14977.2001953125,15119.0498046875,624800,-0.0001853205749051,0.2414845601438625,0.23377866911576797
2021-02-11,15173.2998046875,15188.5,15065.400390625,15073.25,500100,0.0044121766647079,0.2413302291016862,0.2231292662414616
2021-02-12,15163.2998046875,15243.5,15081.0,15186.2001953125,571800,-0.000659269693437,0.2414176484153953,0.2139948746417934
2021-02-15,15314.7001953125,15340.150390625,15243.400390625,15270.2998046875,456000,0.0099351424621159,0.2430128301859326,0.2044495575697662
2021-02-16,15313.4501953125,15431.75,15242.2001953125,15371.4501953125,648500,-8.162425642763527e-05,0.2382751648807986,0.20052660897068805
2021-02-17,15208.900390625,15314.2998046875,15170.75,15279.900390625,504800,-0.0068507314527851,0.2359469646097031,0.19170833395722675
2021-02-18,15118.9501953125,15250.75,15078.0498046875,15238.7001953125,770600,-0.00593187168439,0.2324192234110564,0.1859922323740928
2021-02-19,14981.75,15144.0498046875,14898.2001953125,15074.7998046875,712200,-0.0091161431181845,0.2341521972586406,0.18000995565026032
2021-02-22,14675.7001953125,15010.099609375,14635.0498046875,14999.0498046875,609900,-0.0206397156403059,0.2455827208362883,0.17723019112807845
2021-02-23,14707.7998046875,14854.5,14651.849609375,14782.25,744100,0.0021848739697056,0.2391731931783502,0.1937762270385454
2021-02-24,14982.0,15008.7998046875,14504.5,14729.150390625,403800,0.0184715285005202,0.2432719835936573,0.1856006776279335
2021-02-25,15097.349609375,15176.5,15065.349609375,15079.849609375,803900,0.0076697253313536,0.2306044339114202,0.19634279263183824
2021-02-26,14529.150390625,14919.4501953125,14467.75,14888.599609375,1103600,-0.0383622027563036,0.2690179820336507,0.1909455996116295
2021-03-01,14761.5498046875,14806.7998046875,14638.5498046875,14702.5,507300,0.0158688108770191,0.2665222628300495,0.2521109485440387
2021-03-02,14919.099609375,14959.099609375,14760.7998046875,14865.2998046875,621700,0.0106164310797289,0.2191875107225178,0.2509814601773808
2021-03-03,15245.599609375,15273.150390625,14995.7998046875,15064.400390625,544200,0.0216486661523929,0.214563369082765,0.24418188406925276
2021-03-04,15080.75,15202.349609375,14980.2001953125,15026.75,534900,-0.0108718151187931,0.2169901032326272,0.2527626912780918
2021-03-05,14938.099609375,15092.349609375,14862.099609375,14977.9501953125,640700,-0.0095041259916074,0.2186469076109698,0.24606343355758398
2021-03-08,14956.2001953125,15111.150390625,14919.900390625,15002.4501953125,0,0.0012109725444472,0.2185879752371642,0.2386616854510753
2021-03-09,15098.400390625,15126.849609375,14925.4501953125,15049.900390625,675300,0.0094628611698101,0.2164754779609854,0.22781163806109314
2021-03-10,15174.7998046875,15218.4501953125,15100.849609375,15202.150390625,404600,0.0050473406024625,0.2171862418916395,0.22166922123876304
2021-03-12,15030.9501953125,15336.2998046875,14953.599609375,15321.150390625,493200,-0.009524722735275,0.2197922929600022,0.21291065182466484
2021-03-15,14929.5,15048.400390625,14745.849609375,15048.400390625,467500,-0.0067723003088356,0.2202246691888283,0.20792837690133925
2021-03-16,14910.4501953125,15051.599609375,14890.650390625,14996.099609375,100,-0.00127679886533,0.2202310990663197,0.20105109043762334
2021-03-17,14721.2998046875,14956.5498046875,14696.0498046875,14946.5498046875,100,-0.0127669111555391,0.2203279866956513,0.1922901114614435
2021-03-18,14557.849609375,14875.2001953125,14478.599609375,14855.5,542200,-0.0111650711539744,0.2225213285350186,0.1928105330147148
2021-03-19,14744.0,14788.25,14350.099609375,14471.150390625,919200,0.0127058801702749,0.2278520510919708,0.19123358242019925
2021-03-22,14736.400390625,14763.900390625,14597.849609375,14736.2998046875,459000,-0.0005155703072306,0.227289954393865,0.19177668022684127
2021-03-23,14814.75,14878.599609375,14707.0,14768.5498046875,474200,0.0053026560337911,0.2264654385452253,0.18346480134914486
2021-03-24,14549.400390625,14752.349609375,14535.0,14712.4501953125,456400,-0.0180735235920704,0.2237530063348415,0.1772449924778761
2021-03-25,14324.900390625,14575.599609375,14264.400390625,14570.900390625,606800,-0.0155504734594161,0.2295201098645697,0.18845622361465594
2021-03-26,14507.2998046875,14572.900390625,14414.25,14506.2998046875,481000,0.0126526485091806,0.2240379729053065,0.19358616262475903
2021-03-30,14845.099609375,14876.2998046875,14617.599609375,14628.5,594500,0.0230178606027013,0.2378639221239435,0.19382384751672327
2021-03-31,14690.7001953125,14813.75,14670.25,14811.849609375,463900,-0.0104551643454305,0.1987728277080125,0.2126884223754664
2021-04-01,14867.349609375,14883.2001953125,14692.4501953125,14798.400390625,445000,0.0119528533440868,0.195398687839323,0.2086390414141191
2021-04-05,14637.7998046875,14849.849609375,14459.5,14837.7001953125,509700,-0.0155602964791876,0.1990589588543331,0.20658885218725323
2021-04-06,14683.5,14779.099609375,14573.900390625,14737.0,475300,0.0031172037135109,0.1822426445481643,0.20963521658723638
2021-04-07,14819.0498046875,14879.7998046875,14649.849609375,14716.4501953125,0,0.0091890876818974,0.1828931939992066,0.20080633287165697
2021-04-08,14873.7998046875,14984.150390625,14821.099609375,14875.650390625,514800,0.0036877607079367,0.1807092686636394,0.19643232892733103
2021-04-09,14834.849609375,14918.4501953125,14785.650390625,14882.650390625,504100,-0.0026221466406612,0.1808185224342408,0.18858447996642458
2021-04-12,14310.7998046875,14652.5,14248.7001953125,14644.650390625,650200,-0.0359646328172392,0.2149006517997099,0.18082890801399665
2021-04-13,14504.7998046875,14528.900390625,14274.900390625,14364.900390625,605100,0.0134651323447003,0.2205548860678739,0.23771680195274783
2021-04-15,14581.4501953125,14597.5498046875,14353.2001953125,14522.400390625,568000,0.005270570669209,0.2202765994421942,0.23490769901035569
2021-04-16,14617.849609375,14697.7001953125,14559.0,14599.599609375,577200,0.0024931716281266,0.2197914412348612,0.22546280129998783
2021-04-19,14359.4501953125,14382.2998046875,14191.400390625,14306.599609375,512300,-0.0178350823088299,0.227402716229473,0.2155613952463087
2021-04-20,14296.400390625,14526.9501953125,14207.2998046875,14526.7001953125,467400,-0.004400491009083,0.2241390158735181,0.22118790863514023
2021-04-22,14406.150390625,14424.75,14151.400390625,14219.150390625,524600,0.0076474412128004,0.2232785478188062,0.21216311008122477
2021-04-23,14341.349609375,14461.150390625,14273.2998046875,14326.349609375,498100,-0.0045082800942043,0.2183599841377187,0.20563568049727296
2021-04-26,14485.0,14557.5,14421.2998046875,14449.4501953125,452700,0.0099666854592029,0.2218371493022,0.19758997835038322
2021-04-27,14653.0498046875,14667.5498046875,14484.849609375,14493.7998046875,451800,0.0115348603701411,0.2250317328633904,0.19425438560776045
2021-04-28,14864.5498046875,14890.25,14694.9501953125,14710.5,457000,0.0143306788088347,0.2211511708972468,0.1929945519758932
2021-04-29,14894.900390625,15044.349609375,14814.4501953125,14979.0,517500,0.0020397283055356,0.2127801206014741,0.19567888873138786
2021-04-30,14631.099609375,14855.4501953125,14601.7001953125,14747.349609375,613900,-0.0178695252286074,0.2194353580555581,0.1873601123682519
2021-05-03,14634.150390625,14673.849609375,14416.25,14481.0498046875,448900,0.0002084917272909,0.2034627545650952,0.19670762721661797
2021-05-04,14496.5,14723.400390625,14461.5,14687.25,503400,-0.0094506242249991,0.2028836802084126,0.1881054645581669
2021-05-05,14617.849609375,14637.900390625,14506.599609375,14604.150390625,455900,0.0083361169819181,0.2004285352596662,0.18500698246342936
2021-05-06,14724.7998046875,14743.900390625,14611.5,14668.349609375,467800,0.0072897758768407,0.1947850373511895,0.18104549675473397
2021-05-07,14823.150390625,14863.0498046875,14765.5,14816.849609375,488000,0.0066570404036404,0.1958174420766375,0.17644616872958463
2021-05-10,14942.349609375,14966.900390625,14892.5,14928.25,522000,0.0080092628009941,0.1951957218521205,0.17166313333697883
2021-05-11,14850.75,14900.0,14771.400390625,14789.7001953125,647400,-0.0061490680190265,0.1960769876201254,0.1684410123579258
2021-05-12,14696.5,14824.0498046875,14649.7001953125,14823.5498046875,643800,-0.0104409988264523,0.1992031673383326,0.16383827088720845
2021-05-14,14677.7998046875,14749.650390625,14591.900390625,14749.400390625,620700,-0.0012732353086285,0.1518972057031745,0.1640837632786317
2021-05-17,14923.150390625,14938.0,14725.349609375,14756.25,546400,0.0165775897839959,0.1554044977936875,0.15745734078802492
2021-05-18,15108.099609375,15137.25,15043.7001953125,15067.2001953125,583900,0.012317273309973,0.1595052404585066,0.16874475613499537
2021-05-19,15030.150390625,15133.400390625,15008.849609375,15058.599609375,569100,-0.0051727882383341,0.1612199802872262,0.17109154796079132
2021-05-20,14906.0498046875,15069.7998046875,14884.900390625,15042.599609375,480300,-0.0082910520395041,0.1499229049078349,0.16561532655311723
2021-05-21,15175.2998046875,15190.0,14985.849609375,14987.7998046875,572900,0.0179019355322992,0.1580273858925821,0.1631735977208743
2021-05-24,15197.7001953125,15256.25,15145.4501953125,15211.349609375,579800,0.0014750202275935,0.1571057745810712,0.1762549432068054
2021-05-25,15208.4501953125,15293.849609375,15163.400390625,15291.75,441500,0.0007070938155468,0.155181689691346,0.16894611085917988
2021-05-26,15301.4501953125,15319.900390625,15194.9501953125,15257.0498046875,384000,0.0060964006336564,0.1534981633650639,0.1619607833742721
2021-05-27,15337.849609375,15384.5498046875,15272.5,15323.9501953125,0,0.0023759962804964,0.1500289281344212,0.15778892809537842
2021-05-28,15435.650390625,15469.650390625,15394.75,15421.2001953125,468100,0.0063561902625193,0.1443226242329284,0.15181144993723575
2021-05-31,15582.7998046875,15606.349609375,15374.0,15437.75,436000,0.0094879348910911,0.1467672075309332,0.14862543477720958
2021-06-01,15574.849609375,15660.75,15528.2998046875,15629.650390625,409600,-0.0005103206201074,0.1280592086064736,0.14914299760751265
2021-06-02,15576.2001953125,15597.4501953125,15459.849609375,15520.349609375,428600,8.67120656808025e-05,0.1280930665254551,0.1433218962921971
2021-06-03,15690.349609375,15705.099609375,15611.0,15655.5498046875,410200,0.0073017280086002,0.1205475874462686,0.13783845083112295
2021-06-04,15670.25,15733.599609375,15622.349609375,15712.5,414200,-0.0012818385093088,0.1205600192822608,0.13675399703217325
2021-06-07,15751.650390625,15773.4501953125,15678.099609375,15725.099609375,394000,0.0051811361952536,0.1199025659576321,0.13180580602372233
2021-06-08,15740.099609375,15778.7998046875,15680.0,15773.900390625,378200,-0.0007335750962069,0.1199587789057104,0.12919147977872952
2021-06-09,15635.349609375,15800.4501953125,15566.900390625,15766.2998046875,457900,-0.0066772200430738,0.1227680851922451,0.12463909549929536
2021-06-10,15737.75,15751.25,15648.5,15692.099609375,298300,0.0065279335188341,0.1197766348513864,0.12407933308992783
2021-06-11,15799.349609375,15835.5498046875,15749.7998046875,15796.4501953125,363000,0.0039064903542531,0.1097398917345188,0.12340819215694168
2021-06-14,15811.849609375,15823.0498046875,15606.5,15791.400390625,392900,0.0007908589968395,0.1088508802867237,0.1204926619629557
2021-06-15,15869.25,15901.599609375,15842.400390625,15866.9501953125,323300,0.0036236402234769,0.0980177798040681,0.11651792226733641
2021-06-16,15767.5498046875,15880.849609375,15742.599609375,15847.5,340200,-0.0064292561989679,0.0968950362029421,0.11394187570972507
2021-06-17,15691.400390625,15769.349609375,15616.75,15648.2998046875,357600,-0.0048412017767477,0.0965906003531705,0.11412972299357704
2021-06-18,15683.349609375,15761.5,15450.900390625,15756.5,640800,-0.0005132013116724,0.0896034341602778,0.11268121522533471
2021-06-21,15746.5,15765.150390625,15505.650390625,15525.849609375,351500,0.0040185031994205,0.0701814126854609,0.1092020853245029
2021-06-22,15772.75,15895.75,15752.099609375,15840.5,322200,0.0016656491552922,0.0701747837185953,0.10749081645052337
2021-06-23,15686.9501953125,15862.9501953125,15673.9501953125,15862.7998046875,287500,-0.005454598542621,0.0744641907675229,0.1046193649506044
2021-06-24,15790.4501953125,15821.400390625,15702.7001953125,15737.2998046875,316700,0.0065761703134446,0.0748568619969591,0.10463749643851408
2021-06-25,15860.349609375,15870.7998046875,15772.2998046875,15839.349609375,314600,0.0044169201494967,0.0754896771927804,0.10596822766792978
2021-06-28,15814.7001953125,15915.650390625,15792.150390625,15915.349609375,255100,-0.002882359835175,0.0749298466058522,0.10485807346343025
2021-06-29,15748.4501953125,15835.900390625,15724.0498046875,15807.5,360300,-0.0041979394624445,0.0706279508288351,0.10273348704617777
2021-06-30,15721.5,15839.099609375,15708.75,15776.900390625,262400,-0.0017127578361914,0.0709674499899817,0.10172125244663863
2021-07-01,15680.0,15755.5498046875,15667.0498046875,15755.0498046875,224900,-0.0026431873739428,0.0717672823142025,0.09929279589215784
2021-07-02,15722.2001953125,15738.349609375,15635.9501953125,15705.849609375,254800,0.0026877238189711,0.0677775255391337,0.09747632371763797
2021-07-05,15834.349609375,15845.9501953125,15762.0498046875,15793.400390625,207000,0.0071078674266922,0.0717427057115583,0.09583274566167865
2021-07-06,15818.25,15914.2001953125,15801.0,15813.75,391400,-0.0010172694162285,0.0698301728595008,0.09892158372621662
2021-07-07,15879.650390625,15893.5498046875,15779.7001953125,15819.599609375,329300,0.0038741031212285,0.0708697019436156,0.09650450791033799
2021-07-08,15727.900390625,15885.75,15682.900390625,15855.400390625,307900,-0.0096022097393775,0.0751554374952414,0.09577834355155601
2021-07-09,15689.7998046875,15730.849609375,15632.75,15688.25,243200,-0.0024254228908178,0.0721168396269255,0.10310775045600691
2021-07-12,15692.599609375,15789.2001953125,15644.75,15766.7998046875,216300,0.0001784315251354,0.0706184462593274,0.10087557042918839
2021-07-13,15812.349609375,15820.7998046875,15744.599609375,15794.0,246700,0.00760201680508,0.0757286152019754,0.09820841670186241
2021-07-14,15853.9501953125,15877.349609375,15764.2001953125,15808.7001953125,0,0.0026274373783043,0.075205059734038,0.10173819431394732
2021-07-15,15924.2001953125,15952.349609375,15855.0,15872.150390625,284900,0.0044212840314639,0.0729602385471887,0.09971769206978325
2021-07-16,15923.400390625,15962.25,15882.599609375,15958.349609375,276300,-5.022699813825734e-05,0.0704081736778409,0.0991749154753721
2021-07-19,15752.400390625,15836.900390625,15707.5,15754.5,242100,-0.0107969905715419,0.0808733890283869,0.09662936238831578
2021-07-20,15632.099609375,15728.4501953125,15578.5498046875,15703.9501953125,274300,-0.0076662919876294,0.0840073934620839,0.10620277323478804
2021-07-22,15824.0498046875,15834.7998046875,15726.400390625,15736.599609375,265300,0.012204454864528,0.0944701711007019,0.10883777436071658
2021-07-23,15856.0498046875,15899.7998046875,15768.400390625,15856.7998046875,294100,0.0020201963552988,0.0924040216593449,0.11919382189878351
2021-07-26,15824.4501953125,15893.349609375,15797.0,15849.2998046875,267100,-0.0019948940107945,0.0900552427248188,0.11561294446609678
2021-07-27,15746.4501953125,15881.5498046875,15701.0,15860.5,311000,-0.0049412691902835,0.0902406951118548,0.11227378772521668
2021-07-28,15709.400390625,15767.5,15513.4501953125,15761.5498046875,318600,-0.0023556712745251,0.0900722532182502,0.1110761135717857
2021-07-29,15778.4501953125,15817.349609375,15737.7998046875,15762.7001953125,401600,0.0043858132000563,0.0903212906896514,0.1082099460586848
2021-07-30,15763.0498046875,15862.7998046875,15744.849609375,15800.599609375,400000,-0.0009765161358081,0.0901719550462141,0.10687810693686495
2021-08-02,15885.150390625,15892.900390625,15834.650390625,15874.900390625,244800,0.0077161539042294,0.0932520449487322,0.10387160733111714
2021-08-03,16130.75,16146.900390625,15914.349609375,15951.5498046875,341300,0.015342653128218,0.1061952904734341,0.10686163375238611
2021-08-04,16258.7998046875,16290.2001953125,16176.150390625,16195.25,427300,0.0079069003792001,0.1067877559485123,0.12488420980226299
2021-08-05,16294.599609375,16349.4501953125,16210.2998046875,16288.9501953125,418200,0.0021994519628629,0.106504563400507,0.12577288478222748
2021-08-06,16238.2001953125,16336.75,16223.2998046875,16304.400390625,320100,-0.0034672374282357,0.10739937269156,0.12180494658153278
2021-08-09,16258.25,16320.75,16179.0498046875,16281.349609375,240500,0.0012339690711517,0.1001562062489037,0.11873167297525976
2021-08-10,16280.099609375,16359.25,16202.25,16274.7998046875,288000,0.001343006816352,0.0991028605158432,0.11495486630700125
2021-08-11,16282.25,16338.75,16162.5498046875,16327.2998046875,277900,0.0001320783453234,0.0991123032528038,0.111462181007431
2021-08-12,16364.400390625,16375.5,16286.900390625,16303.650390625,280200,0.0050327101270872,0.0975909177097546,0.10804370521213154
2021-08-13,16529.099609375,16543.599609375,16376.2998046875,16385.69921875,321900,0.0100141727170619,0.101802018424059,0.1073102322536395
2021-08-16,16563.05078125,16589.400390625,16480.75,16518.400390625,254000,0.0020519176533692,0.1014179732395316,0.11362544034018937
2021-08-17,16614.599609375,16628.55078125,16495.400390625,16545.25,297400,0.003107445463957,0.1012532132847256,0.11044877252870094
2021-08-18,16568.849609375,16701.849609375,16535.849609375,16691.94921875,251800,-0.0027574004550174,0.0918174587837682,0.10801956732445192
2021-08-20,16450.5,16509.55078125,16376.0498046875,16382.5,350800,-0.0071685310331997,0.0911431456425573,0.10557995869429243
2021-08-23,16496.44921875,16592.5,16395.69921875,16592.25,275600,0.0027892869980642,0.0839744124126814,0.10758772391545421
2021-08-24,16624.599609375,16647.099609375,16495.30078125,16561.400390625,275400,0.007738343720985,0.0863112143035246,0.10519849067037296
2021-08-25,16634.650390625,16712.44921875,16617.5,16654.0,265900,0.0006043901504665,0.0851609957891978,0.10805932871048186
2021-08-26,16636.900390625,16683.69921875,16603.400390625,16627.94921875,253500,0.000135250684179,0.0813962207602386,0.10491131915352261
2021-08-27,16705.19921875,16722.05078125,16565.599609375,16642.55078125,217400,0.0040968579935776,0.0794732349674591,0.10195182801040174
2021-08-30,16931.05078125,16951.5,16764.849609375,16775.849609375,283500,0.0134292590140948,0.0873494487469961,0.10092378682462634
2021-08-31,17132.19921875,17153.5,16915.849609375,16947.5,464400,0.0118104276963513,0.0905289694156651,0.11555539830988777
2021-09-01,17076.25,17225.75,17055.05078125,17185.599609375,301900,-0.003271078924395,0.0927677581067795,0.12398993296642936
2021-09-02,17234.150390625,17245.5,17059.69921875,17095.400390625,242400,0.0092042939510858,0.0849546898629782,0.12064330365562304
2021-09-03,17323.599609375,17340.099609375,17212.19921875,17262.44921875,261400,0.0051768080106442,0.0835435468440604,0.12383257843579934
2021-09-06,17377.80078125,17429.55078125,17345.55078125,17399.349609375,228000,0.0031238633220451,0.083490399116033,0.12186021776543672
2021-09-07,17362.099609375,17436.5,17287.0,17401.55078125,243400,-0.0009039273439216,0.0814098074962211,0.11858723476782462
2021-09-08,17353.5,17383.400390625,17254.19921875,17375.75,252700,-0.0004954320044973,0.0821495803440014,0.11475716956040229
2021-09-09,17369.25,17379.650390625,17302.69921875,17312.849609375,241500,0.0009071862729865,0.0822810934613297,0.11113443073546207
2021-09-13,17355.30078125,17378.349609375,17269.150390625,17363.55078125,241100,-0.0008034211637875,0.0827663202404197,0.1078152287010883
2021-09-14,17380.0,17438.55078125,17367.05078125,17420.349609375,230400,0.0014221395731308,0.0826154511566103,0.10471186377992965
2021-09-15,17519.44921875,17532.69921875,17386.900390625,17387.650390625,388200,0.0079915278908785,0.0806853246629134,0.10196841905078707
2021-09-16,17629.5,17644.599609375,17510.44921875,17539.19921875,503300,0.0062619875307568,0.0815262950334322,0.10561525232727274
2021-09-17,17585.150390625,17792.94921875,17537.650390625,17709.650390625,508300,-0.0025188171588147,0.0837084532993863,0.10645210884453742
2021-09-20,17396.900390625,17622.75,17361.80078125,17443.849609375,339100,-0.0107627662179527,0.0942220091249367,0.10400909000481647
2021-09-21,17562.0,17578.349609375,17326.099609375,17450.5,363600,0.0094454250556897,0.0906451329381011,0.11225077808973745
2021-09-22,17546.650390625,17610.44921875,17524.0,17580.900390625,295200,-0.0008744061752431,0.091692619952817,0.1168875555567331
2021-09-23,17822.94921875,17843.900390625,17646.55078125,17670.849609375,320500,0.0156238380774284,0.1005356558164214,0.11316760757673724
2021-09-24,17853.19921875,17947.650390625,17819.400390625,17897.44921875,360100,0.0016958112674268,0.1002356003194593,0.13048745570853687
2021-09-27,17855.099609375,17943.5,17802.900390625,17932.19921875,295700,0.0001064397178897,0.1002473514807038,0.1260420624973126
2021-09-28,17748.599609375,17912.849609375,17576.099609375,17906.44921875,398000,-0.0059825422627533,0.1052747971147817,0.12164951362818574
2021-09-29,17711.30078125,17781.75,17608.150390625,17657.94921875,562200,-0.0021037194955448,0.0992509124477119,0.12062633668070619
2021-09-30,17618.150390625,17742.150390625,17585.349609375,17718.900390625,378600,-0.0052732552241576,0.0958754170278604,0.11697641748399279
2021-10-01,17532.05078125,17557.150390625,17452.900390625,17531.900390625,305800,-0.0048989638012051,0.0970191858635313,0.11567402824515989
2021-10-04,17691.25,17750.900390625,17581.349609375,17615.55078125,295800,0.0090394880242668,0.0968505627928929,0.11414419603638182
2021-10-05,17822.30078125,17833.44921875,17640.900390625,17661.349609375,427000,0.0073803589460669,0.0982677215985702,0.11787973953594498
2021-10-06,17646.0,17884.599609375,17613.150390625,17861.5,395800,-0.0099413972120656,0.1054580758783436,0.11882328193819083
2021-10-07,17790.349609375,17857.55078125,17763.80078125,17810.55078125,419900,0.0081470247013147,0.1083140193576958,0.12341266434846063
2021-10-08,17895.19921875,17941.849609375,17840.349609375,17886.849609375,324100,0.0058763233035785,0.1093309582718083,0.12477234944961167
2021-10-11,17945.94921875,18041.94921875,17839.099609375,17867.55078125,375800,0.002831942397492,0.1094107870015519,0.12336694477459982
2021-10-12,17991.94921875,18008.650390625,17864.94921875,17915.80078125,355600,0.0025599730157621,0.1091171069836309,0.11983630658940185
2021-10-13,18161.75,18197.80078125,18050.75,18097.849609375,506700,0.0093933419509834,0.1122946416844805,0.11642886375011058
2021-10-14,18338.55078125,18350.75,18248.69921875,18272.849609375,538700,0.0096877099759962,0.1135633989236595,0.12043625816576375
2021-10-18,18477.05078125,18543.150390625,18445.30078125,18500.099609375,469900,0.0075240195734982,0.1142178143723539,0.12440589974150452
2021-10-19,18418.75,18604.44921875,18377.69921875,18602.349609375,368200,-0.0031602962146704,0.1145753457169941,0.12485986933606087
2021-10-20,18266.599609375,18458.30078125,18209.349609375,18439.900390625,371300,-0.0082949332443625,0.1113288240798388,0.12139016955932266
2021-10-21,18178.099609375,18384.19921875,18048.0,18382.69921875,365900,-0.0048566829115848,0.1108227463312879,0.1231713288312472
2021-10-22,18114.900390625,18314.25,18034.349609375,18230.69921875,324700,-0.0034827257394313,0.1119317539998437,0.1209818261351477
2021-10-25,18125.400390625,18241.400390625,17968.5,18229.5,418700,0.0005794654054989,0.0994827762888054,0.1179790375898436
2021-10-26,18268.400390625,18310.44921875,18099.30078125,18154.5,341400,0.0078585216635523,0.1024279650950228,0.11414673624192069
2021-10-27,18210.94921875,18342.05078125,18167.900390625,18295.849609375,335200,-0.0031497940609639,0.1034399533069485,0.11613238856434158
2021-10-28,17857.25,18190.69921875,17799.44921875,18187.650390625,374200,-0.0196134303875884,0.1237223459151597,0.11329585065008352
2021-10-29,17671.650390625,17915.849609375,17613.099609375,17833.05078125,336500,-0.0104479055444702,0.129020113907957,0.14119996465333878
2021-11-01,17929.650390625,17954.099609375,17697.099609375,17783.150390625,281200,0.014494106171593,0.1369727345010459,0.14385386315113888
2021-11-02,17888.94921875,18012.25,17847.599609375,17970.900390625,296400,-0.0022726287368459,0.1358853741747833,0.15312487743938338
2021-11-03,17829.19921875,17988.75,17757.94921875,17947.94921875,331000,-0.0033456412690553,0.1333558007838686,0.14740445793179446
2021-11-04,17916.80078125,17947.55078125,17900.599609375,17935.05078125,48500,0.0049013449265533,0.131983190757413,0.1424786239403605
2021-11-08,18068.55078125,18087.80078125,17836.099609375,18040.19921875,338900,0.0084340373482947,0.1294270386509463,0.13883311969230014
2021-11-09,18044.25,18112.599609375,17983.05078125,18084.349609375,270200,-0.0013458266538282,0.127095881141693,0.1389805258984242
2021-11-10,18017.19921875,18061.25,17915.0,17973.44921875,261400,-0.0015002606334366,0.1258547624648199,0.13390412580071837
2021-11-11,17873.599609375,17971.349609375,17798.19921875,17967.44921875,232100,-0.0080020718582044,0.128697687152533,0.12918620207071632
2021-11-12,18102.75,18123.0,17905.900390625,17977.599609375,249100,0.0127391184530934,0.1360606091541301,0.12975500787584573
2021-11-15,18109.44921875,18210.150390625,18071.30078125,18140.94921875,280400,0.0003699978996557,0.1319851532634537,0.13778632104062757
2021-11-16,17999.19921875,18132.650390625,17958.80078125,18127.05078125,267400,-0.0061065892730084,0.1284642904140578,0.132656173459024
2021-11-17,17898.650390625,18022.650390625,17879.25,17939.349609375,295700,-0.0056019562269169,0.1256487611569681,0.130796518392599
2021-11-18,17764.80078125,17945.599609375,17688.5,17890.55078125,278400,-0.0075062975371328,0.1272576601645646,0.12862475342667004
2021-11-22,17416.55078125,17805.25,17280.44921875,17796.25,356400,-0.0197980668487385,0.1403135620857603,0.128638947235746
2021-11-23,17503.349609375,17553.69921875,17216.099609375,17281.75,308800,0.0049713204170886,0.1421483091195512,0.15309135805388693
2021-11-24,17415.05078125,17600.599609375,17354.0,17550.05078125,298100,-0.0050574491010214,0.1424872861270926,0.14872756688308303
2021-11-25,17536.25,17564.349609375,17351.69921875,17417.30078125,255900,0.0069353472882373,0.1455359460975232,0.1447373584786184
2021-11-26,17026.44921875,17355.400390625,16985.69921875,17338.75,356300,-0.0295021956571138,0.1704418000950437,0.14266779722126233
2021-11-29,17053.94921875,17160.69921875,16782.400390625,17055.80078125,348900,0.0016138312478338,0.1713098351461265,0.19153980732009968
2021-11-30,16983.19921875,17324.650390625,16931.400390625,17051.150390625,498000,-0.0041572285072535,0.1605985930221019,0.18337220596942722
2021-12-01,17166.900390625,17213.05078125,17064.25,17104.400390625,295500,0.0107585597624502,0.1639578694423416,0.1765299489847529
2021-12-02,17401.650390625,17420.349609375,17149.30078125,17183.19921875,279900,0.0135819178616608,0.1628719411191966,0.17595572161977674
2021-12-03,17196.69921875,17489.80078125,17180.80078125,17424.900390625,292500,-0.011847592241934,0.1668302896809828,0.17940920115468278
2021-12-06,16912.25,17216.75,16891.69921875,17209.05078125,231700,-0.016679248094838,0.1745235249744869,0.1799734964233302
2021-12-07,17176.69921875,17251.650390625,16987.75,17044.099609375,254100,0.0155155573824794,0.183831197609794,0.18815234389079286
2021-12-08,17469.75,17484.599609375,17308.94921875,17315.25,257800,0.0169170449933063,0.1920672624425186,0.19326163243183592
2021-12-09,17516.849609375,17543.25,17379.599609375,17524.400390625,237200,0.0026924387253313,0.192644451842733,0.20010354639790504
2021-12-10,17511.30078125,17534.349609375,17405.25,17476.05078125,204500,-0.0003168210773069,0.1926812803473926,0.1916969072890926
2021-12-13,17368.25,17639.5,17355.94921875,17619.099609375,256600,-0.0082026046847206,0.1927696624035984,0.18338028750583488
2021-12-14,17324.900390625,17376.19921875,17225.80078125,17283.19921875,271000,-0.002499031160176,0.1858232099400736,0.17941939990653408
2021-12-15,17221.400390625,17351.19921875,17192.19921875,17323.650390625,215000,-0.0059919764101691,0.186068129703926,0.17216880714016983
2021-12-16,17248.400390625,17379.349609375,17184.94921875,17373.0,219500,0.0015665890089298,0.1860378032272533,0.16718199760906427
2021-12-17,16985.19921875,17298.150390625,16966.44921875,17276.0,354600,-0.0153770775563578,0.1914075515429333,0.16042510338825572
2021-12-20,16614.19921875,16840.099609375,16410.19921875,16824.25,330600,-0.0220846262813664,0.2025547158096924,0.16893547827485583
2021-12-21,16770.849609375,16936.400390625,16688.25,16773.150390625,241000,0.0093845326454953,0.1975684696419137,0.19032674311656916
2021-12-22,16955.44921875,16971.0,16819.5,16865.55078125,207900,0.0109470329850817,0.2011997428767484,0.18697785621491964
2021-12-23,17072.599609375,17118.650390625,17015.55078125,17066.80078125,197000,0.006885546336514,0.2027970374331024,0.18566659666443605
2021-12-24,17003.75,17155.599609375,16909.599609375,17149.5,182600,-0.004040908363189,0.2009787601429134,0.18040271467608757
2021-12-27,17086.25,17112.05078125,16833.19921875,16937.75,144800,0.0048401385192229,0.1740230115777679,0.17369028437107956
2021-12-28,17233.25,17250.25,17161.150390625,17177.599609375,176000,0.0085666107599145,0.1764018405712119,0.16783554510251045
2021-12-29,17213.599609375,17285.94921875,17176.650390625,17220.099609375,161700,-0.0011409108803489,0.1757069571851649,0.16549654164736083
2021-12-30,17203.94921875,17264.05078125,17146.349609375,17201.44921875,320800,-0.0005607831589689,0.1718273830332782,0.15876555863455258
2021-12-31,17354.05078125,17400.80078125,17238.5,17244.5,167000,0.0086869903602652,0.1677780599916921,0.15236919328811183
2022-01-03,17625.69921875,17646.650390625,17383.30078125,17387.150390625,200500,0.0155320663316478,0.1704721918001588,0.1515321693637743
2022-01-04,17805.25,17827.599609375,17593.55078125,17681.400390625,247400,0.0101353377336508,0.160079770626397,0.16165905908471553
2022-01-05,17925.25,17944.69921875,17748.849609375,17820.099609375,251500,0.0067169757589339,0.1538103272223802,0.16172276301782582
2022-01-06,17745.900390625,17797.94921875,17655.55078125,17768.5,236500,-0.0100558080531172,0.1492311397367983,0.15808526468758305
2022-01-07,17812.69921875,17905.0,17704.55078125,17797.599609375,239300,0.0037571168401497,0.1494514491279892,0.15839816444413335
2022-01-10,18003.30078125,18017.44921875,17879.150390625,17913.30078125,232400,0.0106434756439645,0.1531975401135642,0.15295214863208692
2022-01-11,18055.75,18081.25,17964.400390625,17997.75,220200,0.0029090757855369,0.1492809583528746,0.15459160655955265
2022-01-12,18212.349609375,18227.94921875,18128.80078125,18170.400390625,245000,0.0086357203311153,0.1501754745597566,0.14900698817331448
2022-01-13,18257.80078125,18272.25,18163.80078125,18257.0,303700,0.0024925148330414,0.1470603963798733,0.14842253030093608
2022-01-14,18255.75,18286.94921875,18119.650390625,18185.0,229500,-0.0001123298725145,0.1473500709590323,0.1430726820895878
2022-01-17,18308.099609375,18321.55078125,18228.75,18235.650390625,266700,0.0028634646353713,0.1318862539902834,0.1376049631807758
2022-01-18,18113.05078125,18350.94921875,18085.900390625,18337.19921875,227500,-0.0107108474462168,0.107669878348791,0.13310896963684316
2022-01-19,17938.400390625,18129.19921875,17884.900390625,18129.19921875,276700,-0.0096890278340564,0.1158649017747834,0.13713117662043658
2022-01-20,17757.0,17943.69921875,17648.44921875,17921.0,258100,-0.0101638838763968,0.1210533421307192,0.1391341722099327
2022-01-21,17617.150390625,17707.599609375,17485.849609375,17613.69921875,277600,-0.0079069227919098,0.1246311244592943,0.1416021093357362
2022-01-24,17149.099609375,17599.400390625,16997.849609375,17575.150390625,323800,-0.0269272102621386,0.1581491264228062,0.14085349421721632
2022-01-25,17277.94921875,17309.150390625,16836.80078125,17001.55078125,326500,0.0074854055398087,0.1593447317519581,0.18232418108963672
2022-01-27,17110.150390625,17182.5,16866.75,17062.0,395600,-0.0097591993637289,0.1603432917539146,0.17779736308004407
2022-01-28,17101.94921875,17373.5,17077.099609375,17208.30078125,355300,-0.0004794310858279,0.1603181028610968,0.17591203839743855
2022-01-31,17339.849609375,17410.0,17264.150390625,17301.05078125,321700,0.0138148518554594,0.1676034125530925,0.1685048275787148
2022-02-01,17576.849609375,17622.400390625,17244.55078125,17529.44921875,386400,0.0135753748226512,0.1714690356371019,0.17321141837118595
2022-02-02,17780.0,17794.599609375,17674.80078125,17706.19921875,271200,0.011491556994747,0.1675646238807316,0.1769722781885493
2022-02-03,17560.19921875,17781.150390625,17511.150390625,17767.75,226600,-0.0124392969118211,0.1693032547634524,0.17730241930666935
2022-02-04,17516.30078125,17617.80078125,17462.55078125,17590.19921875,261400,-0.0025030125821506,0.1672414836009826,0.17890507390471386
2022-02-07,17213.599609375,17536.75,17119.400390625,17456.30078125,265000,-0.0174321742274954,0.1740332712674387,0.17168626418664615
2022-02-08,17266.75,17306.44921875,17043.650390625,17279.849609375,268500,0.0030829404762161,0.1737946052861583,0.1824773583773357
2022-02-09,17463.80078125,17477.150390625,17339.0,17370.099609375,236400,0.0113475249468573,0.1744294975951497,0.17523633736499608
2022-02-10,17605.849609375,17639.44921875,17427.150390625,17554.099609375,273600,0.00810099920504,0.1769725747189961,0.17554724548440795
2022-02-11,17374.75,17454.75,17303.0,17451.0,253100,-0.0132132081342731,0.1778523455116198,0.17210421155942993
2022-02-14,16842.80078125,17099.5,16809.650390625,17076.150390625,305500,-0.0310946906967536,0.2028826828426269,0.17542823810536537
2022-02-15,17352.44921875,17375.0,16839.25,16933.25,298700,0.0298103496144214,0.2339181155940001,0.2192547217560811
2022-02-16,17322.19921875,17490.599609375,17257.69921875,17408.44921875,244500,-0.0017447910238332,0.2331509498913471,0.24915750228191796
2022-02-17,17304.599609375,17442.900390625,17235.849609375,17396.55078125,232100,-0.0010165312120177,0.2313319007249366,0.23780570619544222
2022-02-18,17276.30078125,17380.80078125,17219.19921875,17236.05078125,189600,-0.0016366742405402,0.2297121033430911,0.22698273165790506
2022-02-21,17206.650390625,17351.05078125,17070.69921875,17192.25,215200,-0.0040397055923562,0.2278717051606473,0.21682897796068265
2022-02-22,17092.19921875,17148.55078125,16843.80078125,16847.94921875,300100,-0.0066737863209561,0.2274744870031713,0.20791226977206947
2022-02-23,17063.25,17220.69921875,17027.849609375,17194.5,200200,-0.001695145363,0.2077952335346314,0.20096845325131585
2022-02-24,16247.9501953125,16705.25,16203.25,16548.900390625,458000,-0.0489602690308219,0.2653767500808812,0.19227847306192378
2022-02-25,16658.400390625,16748.80078125,16478.30078125,16515.650390625,329800,0.0249478581682029,0.2808987404212527,0.2881107711967778
2022-02-28,16793.900390625,16815.900390625,16356.2998046875,16481.599609375,404200,0.0081011313355374,0.2827710351720615,0.29689561248799956
2022-03-02,16605.94921875,16678.5,16478.650390625,16593.099609375,517700,-0.0112547306669936,0.2796906622377868,0.2852410423650405
2022-03-03,16498.05078125,16768.94921875,16442.94921875,16723.19921875,442100,-0.0065187783706088,0.2741444344261116,0.27657093496938634
2022-03-04,16245.349609375,16456.0,16133.7998046875,16339.4501953125,456100,-0.0154355495239856,0.2720506640884776,0.26527023726828736
2022-03-07,15863.150390625,15944.599609375,15711.4501953125,15867.9501953125,585400,-0.0238078559614201,0.2790962999217639,0.2624085146985205
2022-03-08,16013.4501953125,16028.75,15671.4501953125,15747.75,543600,0.0094301723362427,0.2833836087614469,0.27246312825022
2022-03-09,16345.349609375,16418.05078125,15990.0,16078.0,462200,0.0205144230156611,0.2915488198457917,0.26322127054740185
2022-03-10,16594.900390625,16757.30078125,16447.900390625,16757.099609375,486400,0.015152013456311,0.2973817294865875,0.267632022770803
2022-03-11,16630.44921875,16694.400390625,16470.900390625,16528.80078125,343700,0.0021398626113986,0.2939077273616589,0.2642276088203803
2022-03-14,16871.30078125,16887.94921875,16606.5,16633.69921875,314700,0.0143786943723374,0.2974971658235738,0.2521224972396161
2022-03-15,16663.0,16927.75,16555.0,16900.650390625,381600,-0.0124233072084706,0.2971353756888174,0.24914298700676368
2022-03-16,16975.349609375,16987.900390625,16837.849609375,16876.650390625,260000,0.018571576221107,0.2854213977813845,0.24423152576786328
2022-03-17,17287.05078125,17344.599609375,17175.75,17202.900390625,448300,0.0181954426985114,0.2728885226249434,0.24773317387705893
2022-03-21,17117.599609375,17353.349609375,17096.400390625,17329.5,285500,-0.009850560325581,0.2749113671101119,0.2502854079325022
2022-03-22,17315.5,17334.400390625,17006.30078125,17120.400390625,338300,0.0114949029834435,0.2780513984509746,0.24287505971887294
2022-03-23,17245.650390625,17442.400390625,17199.599609375,17405.05078125,292100,-0.0040420937201906,0.2783577553229689,0.23750809404774462
2022-03-24,17222.75,17291.75,17091.150390625,17094.94921875,290300,-0.0013287761390126,0.2780306313880906,0.2273928223242396
2022-03-25,17153.0,17294.900390625,17076.55078125,17289.0,237100,-0.0040580988470762,0.2773811340834746,0.2171733116284995
2022-03-28,17222.0,17235.099609375,17003.900390625,17181.849609375,253200,0.0040145508462854,0.2776027137491472,0.2082437134165579
2022-03-29,17325.30078125,17343.650390625,17235.69921875,17297.19921875,235100,0.0059802697624021,0.2118695618416524,0.19982410931253403
2022-03-30,17498.25,17522.5,17387.19921875,17468.150390625,505000,0.0099329698927592,0.1982704993078609,0.19295557587547235
2022-03-31,17464.75,17559.80078125,17435.19921875,17519.19921875,281100,-0.0019163121157625,0.1976400756506687,0.18996699794117788
2022-04-01,17670.44921875,17703.69921875,17422.69921875,17436.900390625,291800,0.0117091448747648,0.19441532037808,0.18194976735250934
2022-04-04,18053.400390625,18114.650390625,17791.400390625,17809.099609375,345500,0.0214403456403388,0.201246918645785,0.18207725545822134
2022-04-05,17957.400390625,18095.44921875,17921.55078125,18080.599609375,283500,-0.0053317463281753,0.1915800223303524,0.19953014660104193
2022-04-06,17807.650390625,17901.0,17779.849609375,17842.75,328800,-0.0083741458125089,0.1686595751705107,0.19228986023654243
2022-04-07,17639.55078125,17787.5,17623.69921875,17723.30078125,308800,-0.0094845778489411,0.1756954117239772,0.18780443116702697
2022-04-08,17784.349609375,17842.75,17600.55078125,17698.150390625,274400,0.0081752507766337,0.1665805870707369,0.1847664516446574
2022-04-11,17674.94921875,17779.05078125,17650.94921875,17740.900390625,251700,-0.0061704963921376,0.1649915449770733,0.18067292158322928
2022-04-12,17530.30078125,17595.30078125,17442.349609375,17584.849609375,266000,-0.0082174818512636,0.1695130159835823,0.17522135179562898
2022-04-13,17475.650390625,17663.650390625,17457.400390625,17599.900390625,245100,-0.003122351097155,0.1648496022205569,0.17191767140771216
2022-04-18,17173.650390625,17237.75,17067.849609375,17183.44921875,376100,-0.0174322506303487,0.1710442833640943,0.16533369243848092
2022-04-19,16958.650390625,17275.650390625,16824.69921875,17258.94921875,401400,-0.0125982039716312,0.1656993933419622,0.17710381748378823
2022-04-20,17136.55078125,17186.900390625,16978.94921875,17045.25,286100,0.0104356037788649,0.1568809228661242,0.178955656668863
2022-04-21,17392.599609375,17414.69921875,17215.5,17234.599609375,285200,0.0148311509927678,0.1614125319885663,0.1777589559117855
2022-04-22,17171.94921875,17315.30078125,17149.19921875,17242.75,262700,-0.0127676127989613,0.1629536927777084,0.18300695742177445
2022-04-25,16953.94921875,17054.30078125,16888.69921875,17009.05078125,275700,-0.0127763942010033,0.1681421730086772,0.18447733483141418
2022-04-26,17200.80078125,17223.849609375,17064.44921875,17121.30078125,261100,0.0144551408404643,0.1762270134448407,0.18580679765397798
2022-04-27,17038.400390625,17110.69921875,16958.44921875,17073.349609375,265100,-0.0094862965799431,0.1787633832940753,0.18948976043464172
2022-04-28,17245.05078125,17322.5,17071.05078125,17189.5,312900,0.0120555478734457,0.1833314010735947,0.1863147919185505
2022-04-29,17102.55078125,17377.650390625,17053.25,17329.25,336200,-0.0082975702003302,0.1841952486569482,0.18647207142759967
2022-05-02,17069.099609375,17092.25,16917.25,16924.44921875,278200,-0.001957832424116,0.1801764207817889,0.1823609674689565
2022-05-04,16677.599609375,17132.849609375,16623.94921875,17096.599609375,310600,-0.0232033101901817,0.1956907118155591,0.1747944272911366
2022-05-05,16682.650390625,16945.69921875,16651.849609375,16854.75,265800,0.0003028023644061,0.1893652276469778,0.1976899152438008
2022-05-06,16411.25,16484.19921875,16340.900390625,16415.55078125,300500,-0.016402205362178,0.1731630512124442,0.18903520417179448
2022-05-09,16301.849609375,16403.69921875,16142.099609375,16227.7001953125,288400,-0.0066885009232451,0.1733048116892148,0.19552804603722335
2022-05-10,16240.0498046875,16404.55078125,16197.2998046875,16248.900390625,283100,-0.0037981728230063,0.1727752810219664,0.1894281296820602
2022-05-11,16167.099609375,16318.75,15992.599609375,16270.0498046875,284300,-0.0045021126418402,0.1717826506553847,0.18204897759202063
2022-05-12,15808.0,16041.9501953125,15735.75,16021.099609375,314900,-0.0224621478725792,0.176795519797999,0.17546420160299997
2022-05-13,15782.150390625,16083.599609375,15740.849609375,15977.0,369100,-0.0016365617019766,0.1773111819229649,0.19646537737972783
2022-05-16,15842.2998046875,15977.9501953125,15739.650390625,15845.099609375,217600,0.003803986233609,0.1797721323539133,0.18802063898064178
2022-05-17,16259.2998046875,16284.25,15900.7998046875,15912.599609375,295700,0.0259814752129634,0.2091134829855155,0.18072979708754394
2022-05-18,16240.2998046875,16399.80078125,16211.2001953125,16318.150390625,290400,-0.0011692453072036,0.2028940032678211,0.20925877671712864
2022-05-19,15809.400390625,15984.75,15775.2001953125,15917.400390625,313900,-0.0268910708974037,0.2172477915762251,0.20002388753157502
2022-05-20,16266.150390625,16283.0498046875,16003.849609375,16043.7998046875,252400,0.0284815608605715,0.2395198762041768,0.22672939940473114
2022-05-23,16214.7001953125,16414.69921875,16185.75,16290.9501953125,293800,-0.0031680351601504,0.2310939491421103,0.25199006528640655
2022-05-24,16125.150390625,16262.7998046875,16078.599609375,16225.5498046875,249800,-0.0055380610571896,0.228722379466942,0.24078244654282327
2022-05-25,16025.7998046875,16223.349609375,16006.9501953125,16196.349609375,243300,-0.0061802778185587,0.2262966273296448,0.23111681627602088
2022-05-26,16170.150390625,16204.4501953125,15903.7001953125,16105.0,314300,0.0089670627708302,0.2218144977849429,0.2223797024472037
2022-05-27,16352.4501953125,16370.599609375,16221.9501953125,16296.599609375,274100,0.0112107710150345,0.225674509963786,0.21620060910380812
2022-05-30,16661.400390625,16695.5,16506.150390625,16527.900390625,251400,0.018716945110386,0.2319777608813671,0.21266322363936782
2022-05-31,16584.55078125,16690.75,16521.900390625,16578.44921875,651600,-0.00462310407988,0.2309960866910393,0.2201483694668979
2022-06-01,16522.75,16649.19921875,16438.849609375,16594.400390625,249600,-0.0037333670564133,0.2311257070975214,0.21128257557877633
2022-06-02,16628.0,16646.400390625,16443.05078125,16481.650390625,236000,0.0063498022602603,0.2185704097316449,0.20257246961947498
2022-06-03,16584.30078125,16793.849609375,16567.900390625,16761.650390625,245500,-0.0026315095876877,0.2187314974247598,0.19576382927768407
2022-06-06,16569.55078125,16610.94921875,16444.55078125,16530.69921875,233600,-0.0008897910968418,0.2107826388324139,0.18759140428627413
2022-06-07,16416.349609375,16487.25,16347.099609375,16469.599609375,233800,-0.0092889550768917,0.2120819002848583,0.17954696422550787
2022-06-08,16356.25,16514.30078125,16293.349609375,16474.94921875,243500,-0.0036676783326505,0.2120503492175977,0.17699025036965987
2022-06-09,16478.099609375,16492.80078125,16243.849609375,16263.849609375,205000,0.0074221155706157,0.2126422717060696,0.17031900356221205
2022-06-10,16201.7998046875,16324.7001953125,16172.599609375,16283.9501953125,189700,-0.0169098677448552,0.2057106502619615,0.166648188582629
2022-06-13,15774.400390625,15886.150390625,15684.0,15877.5498046875,225500,-0.0267339375202159,0.2272697115127869,0.1771766358833804
2022-06-14,15732.099609375,15858.0,15659.4501953125,15674.25,225400,-0.0026852114114221,0.22700430772879,0.20845932861830116
2022-06-15,15692.150390625,15783.650390625,15678.900390625,15729.25,183000,-0.0025425739848417,0.205863645631794,0.19956963950668175
2022-06-16,15360.599609375,15863.150390625,15335.099609375,15832.25,264700,-0.021354848179315,0.216804284595226,0.19115181829240002
2022-06-17,15293.5,15400.400390625,15183.400390625,15272.650390625,342600,-0.004377862497838,0.1983294180175222,0.20686711571281122
2022-06-20,15350.150390625,15382.5,15191.099609375,15334.5,260000,0.0036973698916184,0.1671239931274653,0.19868690093986313
2022-06-21,15638.7998046875,15707.25,15419.849609375,15455.9501953125,262800,0.0186297219218027,0.18277862849593,0.19070805843826746
2022-06-22,15413.2998046875,15565.400390625,15385.9501953125,15545.650390625,220900,-0.0145242329496379,0.1877263481132461,0.20101128724808498
2022-06-23,15556.650390625,15628.4501953125,15367.5,15451.5498046875,259200,0.0092574646586046,0.1911364812186465,0.20311474205542376
2022-06-24,15699.25,15749.25,15619.4501953125,15657.400390625,219600,0.0091247154617346,0.1912451265615811,0.19862798366979595
2022-06-27,15832.0498046875,15927.4501953125,15815.5,15926.2001953125,210900,0.0084234136068693,0.1891602951408856,0.19436092634696087
2022-06-28,15850.2001953125,15892.099609375,15710.150390625,15757.4501953125,251900,0.0011457767431705,0.1746908611048686,0.1897635781039275
2022-06-29,15799.099609375,15861.599609375,15687.7998046875,15701.7001953125,444900,-0.0032291792019122,0.1745316795185309,0.1816248725423426
2022-06-30,15780.25,15890.0,15728.849609375,15774.5,306000,-0.0011937935294284,0.1744925072663932,0.17448946140416405
2022-07-01,15752.0498046875,15793.9501953125,15511.0498046875,15703.7001953125,364100,-0.0017886549985601,0.1717298320245537,0.167237884286225
2022-07-04,15835.349609375,15852.349609375,15661.7998046875,15710.5,304300,0.0052742548822503,0.1738686106779089,0.16052528871685212
2022-07-05,15810.849609375,16025.75,15785.4501953125,15909.150390625,254200,-0.0015483695040555,0.1738210135138044,0.1558452544751592
2022-07-06,15989.7998046875,16011.349609375,15800.900390625,15818.2001953125,288400,0.0112546182245321,0.1778336093352204,0.14976612658511457
2022-07-07,16132.900390625,16150.5,16045.9501953125,16113.75,264600,0.0089096826671292,0.1809915724642515,0.15265210892782347
2022-07-08,16220.599609375,16275.5,16157.900390625,16273.650390625,281100,0.0054213258871873,0.1799965369283366,0.15205354122963202
2022-07-11,16216.0,16248.5498046875,16115.5,16136.150390625,255900,-0.0002836061400529,0.1701330585004262,0.14808787905965462
2022-07-12,16058.2998046875,16158.75,16031.150390625,16126.2001953125,208600,-0.0097725714476848,0.1447511320416439,0.1423180428567082
2022-07-13,15966.650390625,16140.0,15950.150390625,16128.2001953125,233300,-0.0057236413300785,0.1460627081441021,0.14387449562074672
2022-07-14,15938.650390625,16070.849609375,15858.2001953125,16018.849609375,228600,-0.0017551946856914,0.1458674800499416,0.14076448145771267
2022-07-15,16049.2001953125,16066.9501953125,15927.2998046875,16010.7998046875,205800,0.0069120145803651,0.122984645869161,0.13567156178388667
2022-07-18,16278.5,16287.9501953125,16142.2001953125,16151.400390625,227700,0.0141862024707188,0.1274196860317894,0.13436185173671195
2022-07-19,16340.5498046875,16359.5,16187.0498046875,16187.0498046875,222600,0.0038045179061477,0.1274279092903546,0.14450816921905252
2022-07-20,16520.849609375,16588.0,16490.94921875,16562.80078125,284400,0.0109734592658458,0.117988808449514,0.14001575725229404
2022-07-21,16605.25,16626.94921875,16483.900390625,16523.55078125,243600,0.0050957145121648,0.1003381450685407,0.14361179802709545
2022-07-22,16719.44921875,16752.25,16610.900390625,16661.25,190900,0.0068537552301666,0.0989503804850233,0.14002533497359396
2022-07-25,16631.0,16706.05078125,16564.25,16662.55078125,211400,-0.0053042419636502,0.1010930474216786,0.1382750415394607
2022-07-26,16483.849609375,16636.099609375,16463.30078125,16632.900390625,208200,-0.0088873336833467,0.1064841141829793,0.13525474973338578
2022-07-27,16641.80078125,16653.44921875,16438.75,16475.349609375,185200,0.0095365595600848,0.1096347234991543,0.13635057387611424
2022-07-28,16929.599609375,16947.650390625,16746.25,16774.849609375,376300,0.0171458965295262,0.1189616788900798,0.13822266233999328
2022-07-29,17158.25,17172.80078125,17018.150390625,17079.5,436100,0.0134155614131158,0.1227272776341137,0.15406165219874357
2022-08-01,17340.05078125,17356.25,17154.80078125,17243.19921875,381500,0.0105397924018547,0.1228479300759496,0.15991970681594211
2022-08-02,17345.44921875,17390.150390625,17215.849609375,17310.150390625,333600,0.0003112792114048,0.1236914520711733,0.16068910928643113
2022-08-03,17388.150390625,17407.5,17225.849609375,17349.25,285400,0.0024587830727669,0.1220570195814981,0.15416388672836873
2022-08-04,17382.0,17490.69921875,17161.25,17463.099609375,325000,-0.0003537741781412,0.1206121444499716,0.14843955844909465
2022-08-05,17397.5,17474.400390625,17348.75,17423.650390625,355300,0.0008913297215996,0.1196736865433662,0.14265153940544148
2022-08-08,17525.099609375,17548.80078125,17359.75,17401.5,257000,0.0073075990121405,0.1202138358227771,0.1372682187313385
2022-08-10,17534.75,17566.099609375,17442.80078125,17566.099609375,312700,0.000550509541612,0.119901331392022,0.1362418084962407
2022-08-11,17659.0,17719.30078125,17631.94921875,17711.650390625,311200,0.0070609421403666,0.1097806345792355,0.1312214926163091
2022-08-12,17698.150390625,17724.650390625,17597.849609375,17659.650390625,303900,0.0022145679837284,0.1037200667889754,0.13047553612255144
2022-08-16,17825.25,17839.099609375,17764.05078125,17797.19921875,0,0.007155855032733,0.1010724203202944,0.12619592839371296
2022-08-17,17944.25,17965.94921875,17833.349609375,17868.150390625,262800,0.0066537379070216,0.1010253387343434,0.12603161336133892
2022-08-18,17956.5,17968.44921875,17852.05078125,17898.650390625,263900,0.000682437022927,0.0968268811419481,0.12531680184685534
2022-08-19,17758.44921875,17992.19921875,17710.75,17966.55078125,295600,-0.0110907513899549,0.1111908356557334,0.12100989077703898
2022-08-22,17490.69921875,17690.05078125,17467.349609375,17682.900390625,287600,-0.0151921485542088,0.126317873078392,0.12727900688128874
2022-08-23,17577.5,17625.55078125,17345.19921875,17357.349609375,285600,0.004950408657946,0.1262843868495691,0.14077069062346287
2022-08-24,17604.94921875,17623.650390625,17499.25,17525.44921875,262000,0.0015603930328352,0.1254239892817249,0.13728776804437917
2022-08-25,17522.44921875,17726.5,17487.44921875,17679.0,230200,-0.0046971967955087,0.1249674504018733,0.13236703756477194
2022-08-26,17558.900390625,17685.849609375,17519.349609375,17619.30078125,266600,0.0020780947938819,0.1179697433247086,0.12932970065924848
2022-08-29,17312.900390625,17380.150390625,17166.19921875,17188.650390625,244900,-0.0141090551859436,0.1293692738500406,0.12507882922224273
2022-08-30,17759.30078125,17777.650390625,17401.5,17414.94921875,324700,0.0254574554274316,0.1440913376623728,0.13661684888687756
2022-09-01,17542.80078125,17695.599609375,17468.44921875,17485.69921875,308500,-0.0122657125065035,0.1465230837208585,0.17493291858709673
2022-09-02,17539.44921875,17643.849609375,17476.44921875,17598.400390625,256300,-0.0001910688459375,0.1424292730102019,0.17653828618164677
2022-09-05,17665.80078125,17683.150390625,17540.349609375,17546.44921875,230300,0.0071780262893559,0.1442621714532017,0.16908317191507538
2022-09-06,17655.599609375,17764.650390625,17587.650390625,17695.69921875,251200,-0.0005776199157346,0.1442246595975925,0.1652874477929839
2022-09-07,17624.400390625,17650.75,17484.30078125,17519.400390625,354100,-0.0017686636555011,0.1444413568695073,0.1585062088621403
2022-09-08,17798.75,17807.650390625,17691.94921875,17748.150390625,279800,0.0098439023835124,0.1479100876791978,0.15231491485860368
2022-09-09,17833.349609375,17925.94921875,17786.0,17923.349609375,270300,0.001942047795601,0.1462244915999287,0.15292781096940256
2022-09-12,17936.349609375,17980.55078125,17889.150390625,17890.849609375,228200,0.0057590802792838,0.1472087944025982,0.14712258320645707
2022-09-13,18070.05078125,18088.30078125,18015.44921875,18044.44921875,259900,0.0074265566640349,0.1474013366198485,0.14379169235697295
2022-09-14,18003.75,18091.55078125,17771.150390625,17771.150390625,365900,-0.0036758453208641,0.1482478979376159,0.1423115542208703
2022-09-15,17877.400390625,18096.150390625,17861.5,18046.349609375,289600,-0.0070427023794097,0.1487545986894636,0.13789865044720573
2022-09-16,17530.849609375,17820.05078125,17497.25,17796.80078125,468500,-0.0195752033704768,0.1614851443530788,0.13652987567532796
2022-09-19,17622.25,17667.19921875,17429.69921875,17540.650390625,258300,0.0052001443746094,0.1628693249042545,0.15857309800617467
2022-09-20,17816.25,17919.30078125,17744.400390625,17770.400390625,263100,0.0109486540312579,0.1633782622731912,0.15397918871235994
2022-09-21,17718.349609375,17838.69921875,17663.599609375,17766.349609375,245500,-0.0055101585161579,0.1551545018234392,0.15594314267581974
2022-09-22,17629.80078125,17722.75,17532.44921875,17609.650390625,284100,-0.0050101073108318,0.1554845663694805,0.15176022856532537
2022-09-23,17327.349609375,17642.150390625,17291.650390625,17593.849609375,390800,-0.0173045408909074,0.166647927612681,0.1475180858369104
2022-09-26,17016.30078125,17196.400390625,16978.30078125,17156.30078125,492000,-0.0181144013493809,0.1768164923509994,0.16200102339536152
2022-09-27,17007.400390625,17176.44921875,16942.349609375,17110.900390625,359900,-0.0005231876910193,0.1764016788102839,0.1757232827146834
2022-09-28,16858.599609375,17037.599609375,16820.400390625,16870.55078125,323900,-0.0087876772469355,0.1725373358859074,0.1683296551913571
2022-09-29,16818.099609375,17026.05078125,16788.599609375,16993.599609375,340000,-0.0024052250050792,0.1425528569210937,0.1661858268536584
2022-09-30,17094.349609375,17187.099609375,16747.69921875,16798.05078125,376100,0.0162923125267817,0.1521413314815728,0.15970230930318893
2022-10-03,16887.349609375,17114.650390625,16855.55078125,17102.099609375,278400,-0.012183178897324,0.1567092908665048,0.17007359476205297
2022-10-04,17274.30078125,17287.30078125,17117.30078125,17147.44921875,226000,0.0226550952685504,0.1758850114459729,0.1720792464055666
2022-10-06,17331.80078125,17428.80078125,17315.650390625,17379.25,265500,0.0033231164632058,0.1765396526095321,0.19420474832318588
2022-10-07,17314.650390625,17337.349609375,17216.94921875,17287.19921875,216300,-0.0009900230150986,0.1765109492402251,0.18634991691145436
2022-10-10,17241.0,17280.150390625,17064.69921875,17094.349609375,234000,-0.0042627183291925,0.1724660640237262,0.17838716753965886
2022-10-11,16983.55078125,17261.80078125,16950.30078125,17256.05078125,282600,-0.0150449936685785,0.1781205202866197,0.1719111002412955
2022-10-12,17123.599609375,17142.349609375,16960.05078125,17025.55078125,256000,0.008212331644389,0.1797189877140895,0.17826131813244186
2022-10-13,17014.349609375,17112.349609375,16956.94921875,17087.349609375,266400,-0.0064005234917517,0.1767371545496628,0.17471059738314393
2022-10-14,17185.69921875,17348.55078125,17169.75,17322.30078125,227000,0.0100205145326987,0.1822300723590009,0.16985127160486171
2022-10-17,17311.80078125,17328.55078125,17098.55078125,17144.80078125,212200,0.0073107978348221,0.1842108562209439,0.16899076944068625
2022-10-18,17486.94921875,17527.80078125,17434.05078125,17438.75,239500,0.0100664487390829,0.176064266455741,0.16532154622061604
2022-10-19,17512.25,17607.599609375,17472.849609375,17568.150390625,210500,0.0014457922593648,0.1751127860702474,0.164944060245843
2022-10-20,17563.94921875,17584.150390625,17421.0,17423.099609375,249600,0.0029478254394111,0.1707777836798614,0.1582969157872857
2022-10-21,17576.30078125,17670.150390625,17520.75,17622.849609375,277700,0.0007029866326317,0.169917318144681,0.15249292732724895
2022-10-24,17730.75,17777.55078125,17707.400390625,17736.349609375,45000,0.008748972260095,0.171870287716343,0.14648528190077853
2022-10-25,17656.349609375,17811.5,17637.0,17808.30078125,251400,-0.0042049504521588,0.1606126910944066,0.146277548443458
2022-10-27,17736.94921875,17783.900390625,17654.5,17771.400390625,324600,0.0045545202832827,0.1452699452117523,0.14189636203213796
2022-10-28,17786.80078125,17838.900390625,17723.69921875,17756.400390625,250000,0.0028066628790527,0.1450061046915299,0.13805038385155885
2022-10-31,18012.19921875,18022.80078125,17899.900390625,17910.19921875,227200,0.0125926096268805,0.1436241817335921,0.13349983423347236
2022-11-01,18145.400390625,18175.80078125,18060.150390625,18130.69921875,349900,0.0073678438770083,0.1428476874697593,0.1407078066871891
2022-11-02,18082.849609375,18178.75,18048.650390625,18177.900390625,270900,-0.0034531529072475,0.1370296074423481,0.1394378172161788
2022-11-03,18052.69921875,18106.30078125,17959.19921875,17968.349609375,213000,-0.001668738878993,0.1271469890579712,0.1351025789681899
2022-11-04,18117.150390625,18135.099609375,18017.150390625,18053.400390625,267900,0.0035638102334325,0.105685718447248,0.1303495263853837
2022-11-07,18202.80078125,18255.5,18064.75,18211.75,314800,0.0047164462855731,0.1059707320109984,0.12671110365037008
2022-11-09,18157.0,18296.400390625,18117.5,18288.25,307200,-0.0025193100341803,0.1067051819579606,0.12412645563951737
2022-11-10,18028.19921875,18103.099609375,17969.400390625,18044.349609375,256500,-0.0071190060025469,0.1093322438369438,0.12039962721329063
2022-11-11,18349.69921875,18362.30078125,18259.349609375,18272.349609375,378500,0.0176760277314828,0.103163975473986,0.12076068381920049
2022-11-14,18329.150390625,18399.44921875,18311.400390625,18376.400390625,301400,-0.0011204729970374,0.1030682358745771,0.14153492288207814
2022-11-15,18403.400390625,18427.94921875,18282.0,18362.75,250900,0.0040427413587009,0.0969265947107261,0.13625572426948904
2022-11-16,18409.650390625,18442.150390625,18344.150390625,18398.25,219300,0.0003395534967851,0.0947971791020915,0.1324824507672732
2022-11-17,18343.900390625,18417.599609375,18312.94921875,18358.69921875,200500,-0.0035778894143715,0.0964476938823453,0.12768499619817125
2022-11-18,18307.650390625,18394.599609375,18209.80078125,18382.94921875,198800,-0.0019780888419361,0.0939393242749544,0.12424667525551733
2022-11-21,18159.94921875,18262.30078125,18133.349609375,18246.400390625,213800,-0.0081004497747084,0.1004776330803055,0.12030411737781409
2022-11-22,18244.19921875,18261.849609375,18137.69921875,18179.150390625,177700,0.0046286016308605,0.1009022341366382,0.12193788577250897
2022-11-23,18267.25,18325.400390625,18246.0,18325.19921875,178800,0.0012626606067816,0.1008435132937999,0.11966350569484797
2022-11-24,18484.099609375,18529.69921875,18294.25,18326.099609375,204000,0.0118010428622143,0.1039849931344454,0.11582998010409336
2022-11-25,18512.75,18534.900390625,18445.099609375,18528.44921875,205900,0.0015488019469054,0.1015536917249294,0.1242026536634996
2022-11-28,18562.75,18614.25,18365.599609375,18430.55078125,206500,0.0026972005940332,0.1012271736231479,0.12013386990458699
2022-11-29,18618.05078125,18678.099609375,18552.150390625,18552.44921875,195300,0.0029746977400658,0.1012422252241128,0.11676869538493398
2022-11-30,18758.349609375,18816.05078125,18616.55078125,18625.69921875,345600,0.0075073835684748,0.09604847393994,0.11378796609365448
2022-12-01,18812.5,18887.599609375,18778.19921875,18871.94921875,325000,0.0028825767148602,0.0940872443247742,0.11533528696943758
2022-12-02,18696.099609375,18781.94921875,18639.19921875,18752.400390625,254400,-0.0062066174425393,0.0964483699555277,0.1124115538691121
2022-12-05,18701.05078125,18728.599609375,18591.349609375,18719.55078125,288400,0.000264788725997,0.095856451315192,0.1124955265962747
2022-12-06,18642.75,18654.900390625,18577.900390625,18600.650390625,217800,-0.0031223832280691,0.096992527838792,0.10901097588405222
2022-12-07,18560.5,18668.30078125,18528.400390625,18638.849609375,200500,-0.0044216639141222,0.0981687704152691,0.10670216159638066
2022-12-08,18609.349609375,18625.0,18536.94921875,18570.849609375,202800,0.0026284549446723,0.0975093601633969,0.1055317442812418
2022-12-09,18496.599609375,18664.69921875,18410.099609375,18662.400390625,215800,-0.0060772113035933,0.0964543350309781,0.10321522147585874
2022-12-12,18497.150390625,18521.55078125,18345.69921875,18402.150390625,193900,2.977698935843848e-05,0.0756504697865026,0.10408133153424833
2022-12-13,18608.0,18617.25,18490.19921875,18524.400390625,187600,0.0059749084955102,0.0778372450768918,0.10117936066394703
2022-12-14,18660.30078125,18696.099609375,18632.900390625,18671.25,208000,0.0028067185510282,0.0772880484493168,0.10213748191279881
2022-12-15,18414.900390625,18652.900390625,18387.69921875,18614.400390625,183100,-0.013238173588299,0.0910790245866045,0.10018521356774214
2022-12-16,18269.0,18440.94921875,18255.150390625,18319.099609375,277700,-0.007954506384605,0.0944529070381924,0.11451832371137198
2022-12-19,18420.44921875,18431.650390625,18244.55078125,18288.099609375,154800,0.0082557837296452,0.0985811697375167,0.11659570872837652
2022-12-20,18385.30078125,18404.900390625,18202.650390625,18340.30078125,169000,-0.0019099433205291,0.0941743580243444,0.11886158451445883
2022-12-21,18199.099609375,18473.349609375,18162.75,18435.150390625,187600,-0.0101793539169421,0.0999602675014196,0.11526526178859993
2022-12-22,18127.349609375,18318.75,18068.599609375,18288.80078125,195700,-0.0039502948868902,0.1006816757061923,0.12073607824616422
2022-12-23,17806.80078125,18050.44921875,17779.5,17977.650390625,221500,-0.0178413752680846,0.1076668808552032,0.11805399135939236
2022-12-26,18014.599609375,18084.099609375,17774.25,17830.400390625,176700,0.0116020678589944,0.1168233857174059,0.13989004209299516
2022-12-27,18132.30078125,18149.25,17967.44921875,18089.80078125,214300,0.0065124028114138,0.1191913225169422,0.14451208020615802
2022-12-28,18122.5,18173.099609375,18068.349609375,18084.75,193900,-0.0005406611691443,0.1182893570700344,0.14205139763484598
2022-12-29,18191.0,18229.69921875,17992.80078125,18045.69921875,281100,0.0037727060871833,0.1154655573320673,0.13666767080388523
2022-12-30,18105.30078125,18265.25,18080.30078125,18259.099609375,192000,-0.0047222100411233,0.114863395621995,0.13270181993686478
2023-01-02,18197.44921875,18215.150390625,18086.5,18131.69921875,256100,0.0050766752055361,0.1160834878215748,0.12965761349563412
2023-01-03,18232.55078125,18251.94921875,18149.80078125,18163.19921875,208700,0.0019270696328715,0.1165055829249102,0.12712798051498694
2023-01-04,18042.94921875,18243.0,18020.599609375,18230.650390625,235200,-0.0104535176122929,0.1207151229275359,0.12297433999787116
2023-01-05,17992.150390625,18120.30078125,17892.599609375,18101.94921875,269900,-0.002819410093268,0.1203631664617252,0.12787048994815717
2023-01-06,17859.44921875,18047.400390625,17795.55078125,18008.05078125,238200,-0.0074028372147649,0.1210619734527301,0.12401802310901637
2023-01-09,18101.19921875,18141.400390625,17936.150390625,17952.55078125,257200,0.0134454550995231,0.1311617159872575,0.12436200796547384
2023-01-10,17914.150390625,18127.599609375,17856.0,18121.30078125,283300,-0.0103872660939372,0.135009768865654,0.13463892483231601
2023-01-11,17895.69921875,17976.349609375,17824.349609375,17924.25,259900,-0.0010305082936186,0.1322593438507124,0.13796598152618778
2023-01-12,17858.19921875,17945.80078125,17761.650390625,17920.849609375,227800,-0.0020976741216788,0.1311662207845089,0.13289602055307684
2023-01-13,17956.599609375,17999.349609375,17774.25,17867.5,256700,0.0054949708747303,0.1270983619244336,0.1284150511906779
2023-01-16,17894.849609375,18049.650390625,17853.650390625,18033.150390625,206200,-0.0034447734977776,0.1250217634407744,0.12634409734234145
2023-01-17,18053.30078125,18072.05078125,17886.94921875,17922.80078125,219100,0.0088155967034695,0.12555703714668,0.12292529662316636
2023-01-18,18165.349609375,18183.75,18032.44921875,18074.30078125,255800,0.0061873749786786,0.1278955300207868,0.12526952613811398
2023-01-19,18107.849609375,18155.19921875,18063.75,18119.80078125,237800,-0.0031703874707042,0.1234911496996046,0.12413133458935288
2023-01-20,18027.650390625,18145.44921875,18016.19921875,18115.599609375,237200,-0.0044388122721841,0.1236875571753101,0.12071936475713932
2023-01-23,18118.55078125,18162.599609375,18063.44921875,18118.44921875,202500,0.0050296063930943,0.1069771124624529,0.118394186572144
2023-01-24,18118.30078125,18201.25,18078.650390625,18183.94921875,216900,-1.379810823647804e-05,0.099544018275403,0.11674826027798471
2023-01-25,17891.94921875,18100.599609375,17846.150390625,18093.349609375,257200,-0.0125716729916367,0.1062023999737602,0.11296836856522369
2023-01-27,17604.349609375,17884.75,17493.55078125,17877.19921875,476300,-0.0162048389496388,0.119104734284405,0.12337230612149884
2023-01-30,17648.94921875,17709.150390625,17405.55078125,17541.94921875,432400,0.0025302388515036,0.1185035365663395,0.13994618119562513
2023-01-31,17662.150390625,17735.69921875,17537.55078125,17731.44921875,398300,0.000747706677847,0.1181091543093564,0.13515767907631868
2023-02-01,17616.30078125,17972.19921875,17353.400390625,17811.599609375,512900,-0.0025992997802722,0.1159592806529297,0.13022587013506487
2023-02-02,17610.400390625,17653.900390625,17445.94921875,17517.099609375,490100,-0.0003349953577196,0.115368990929744,0.12611369935560102
2023-02-03,17854.05078125,17870.30078125,17584.19921875,17721.75,424100,0.0137407582052342,0.1223474204243804,0.12172500650637938
2023-02-06,17764.599609375,17823.69921875,17698.349609375,17818.55078125,282500,-0.0050227259566789,0.1231091525668809,0.13306639250566865
2023-02-07,17721.5,17811.150390625,17652.55078125,17790.099609375,354400,-0.0024290993398515,0.1208338867921137,0.13022529519579193
2023-02-08,17871.69921875,17898.69921875,17744.150390625,17750.30078125,291000,0.0084398207303899,0.1147122094542852,0.12604352960595472
2023-02-09,17893.44921875,17916.900390625,17779.80078125,17885.5,260900,0.0012162679944837,0.1091555521618482,0.1275150964082024
2023-02-10,17856.5,17876.94921875,17801.0,17847.55078125,232000,-0.0020670928330845,0.1093311907429464,0.12314957363424146
2023-02-13,17770.900390625,17880.69921875,17719.75,17859.099609375,231300,-0.0048052775756446,0.1103507388678449,0.11931262309518076
2023-02-14,17929.849609375,17954.55078125,17800.05078125,17840.349609375,244500,0.0089045899051629,0.1131767776771646,0.1173964755468636
2023-02-15,18015.849609375,18034.099609375,17853.80078125,17896.599609375,229300,0.0047850043793272,0.1136751681269629,0.12052224620837858
2023-02-16,18035.849609375,18134.75,18000.650390625,18094.75,230200,0.0011095178582493,0.1094761893365427,0.11848956972161778
2023-02-17,17944.19921875,18034.25,17884.599609375,17974.849609375,208100,-0.005094522761127,0.1083523105590704,0.11470310894087112
2023-02-20,17844.599609375,18004.349609375,17818.400390625,17965.55078125,174600,-0.0055659798467826,0.1093858769730836,0.1134333102479424
2023-02-21,17826.69921875,17924.900390625,17800.30078125,17905.80078125,198200,-0.0010036299610954,0.1085494874016738,0.11273321316940939
2023-02-22,17554.30078125,17772.5,17529.44921875,17755.349609375,204000,-0.0153983109464969,0.11801122083315,0.10932033770336615
2023-02-23,17511.25,17620.05078125,17455.400390625,17574.650390625,240800,-0.0024554471223785,0.1179251470104419,0.12692868717784486
2023-02-24,17465.80078125,17599.75,17421.80078125,17591.349609375,209400,-0.0025988036906682,0.1111224986351987,0.12298170391990666
2023-02-27,17392.69921875,17451.599609375,17299.0,17428.599609375,246400,-0.0041941947968163,0.0975808518172309,0.1193696373821064
2023-02-28,17303.94921875,17440.44921875,17255.19921875,17383.25,420900,-0.0051157790480877,0.0981073774677994,0.11696745764997686
2023-03-01,17450.900390625,17467.75,17345.25,17360.099609375,272900,0.0084564916412935,0.1032764830180405,0.11552066338862158
2023-03-02,17321.900390625,17445.80078125,17306.0,17421.5,310700,-0.0074196261962128,0.1057875197608415,0.11820185784910847
2023-03-03,17594.349609375,17644.75,17427.69921875,17451.25,356200,0.0156061861385825,0.1201177326628967,0.1191617806835856
2023-03-06,17711.44921875,17799.94921875,17671.94921875,17680.349609375,362800,0.006633473404126,0.1120965466072164,0.13517602668910395
2023-03-08,17754.400390625,17766.5,17602.25,17665.75,267000,0.0024221155475668,0.1111758586611465,0.13362097862073638
2023-03-09,17589.599609375,17772.349609375,17573.599609375,17772.05078125,262400,-0.0093255984380825,0.1155344826262981,0.1292087189347364
2023-03-10,17412.900390625,17451.5,17324.349609375,17443.80078125,235900,-0.0100964628118636,0.1155975955147244,0.13157556233875936
2023-03-13,17154.30078125,17529.900390625,17113.44921875,17421.900390625,254900,-0.0149624166878137,0.1245110991555692,0.13481977888531335
2023-03-14,17043.30078125,17224.650390625,16987.099609375,17160.55078125,290600,-0.0064917061281422,0.12547682971314,0.14648569109780818
2023-03-15,16972.150390625,17211.349609375,16938.900390625,17166.44921875,248200,-0.0041834220591396,0.125333773594939,0.1438451216389484
2023-03-16,16985.599609375,17062.44921875,16850.150390625,16994.650390625,349800,0.0007921148752918,0.1192904049068075,0.13962073932657895
2023-03-17,17100.05078125,17145.80078125,16958.150390625,17111.80078125,408100,0.0067155298897271,0.1209671141795878,0.13441356974153967
2023-03-20,16988.400390625,17066.599609375,16828.349609375,17066.599609375,241800,-0.0065506519680019,0.1210100918601219,0.1330094819850272
2023-03-21,17107.5,17127.69921875,17016.0,17060.400390625,246700,0.0069861826445701,0.1253442238966524,0.13155895112006752
2023-03-22,17151.900390625,17207.25,17107.849609375,17177.44921875,0,0.0025920135774438,0.1258292454757962,0.13069948262720235
2023-03-23,17076.900390625,17205.400390625,17045.30078125,17097.400390625,219200,-0.0043822814890137,0.1260750279815224,0.12655205370523867
2023-03-24,16945.05078125,17109.44921875,16917.349609375,17076.19921875,228000,-0.0077508940504488,0.1184211185233351,0.12372809674954519
2023-03-27,16985.69921875,17091.0,16918.55078125,16984.30078125,218400,0.002395965721106,0.1192117628306701,0.12453630943928112
2023-03-28,16951.69921875,17061.75,16913.75,17031.75,238800,-0.002003689907923,0.1191573808374918,0.12072950776418795
2023-03-29,17080.69921875,17126.150390625,16940.599609375,16977.30078125,345900,0.0075810476927372,0.1226374907801842,0.11703643378802304
2023-03-31,17359.75,17381.599609375,17204.650390625,17210.349609375,263900,0.0162051828184336,0.1349423377391961,0.11832910289777207
2023-04-03,17398.05078125,17428.05078125,17312.75,17427.94921875,230200,0.0022038676723761,0.1317963519070237,0.13595961343477253
2023-04-05,17557.05078125,17570.55078125,17402.69921875,17422.30078125,248300,0.0090974472685303,0.1327248545410525,0.13131330426228893
2023-04-06,17599.150390625,17638.69921875,17502.849609375,17533.849609375,242700,0.0023950044712142,0.1213607810428508,0.13311929078556303
2023-04-10,17624.05078125,17694.099609375,17597.94921875,17634.900390625,254800,0.0014138632460749,0.1190989148115359,0.1287300895871547
2023-04-11,17722.30078125,17748.75,17655.150390625,17704.80078125,304300,0.0055592868116142,0.1204689206318559,0.12432808213964917
2023-04-12,17812.400390625,17825.75,17717.25,17759.55078125,232800,0.0050710882313096,0.1168242455800998,0.12265863053457021
2023-04-13,17828.0,17842.150390625,17729.650390625,17807.30078125,285800,0.0008753891763391,0.1101597969271982,0.12069183974421013
2023-04-17,17706.849609375,17863.0,17574.05078125,17863.0,357400,-0.0068187067828511,0.098133496425197,0.11671620484600435
2023-04-18,17660.150390625,17766.599609375,17610.19921875,17766.599609375,258900,-0.0026408372714739,0.095035081595235,0.11708543333205716
2023-04-19,17618.75,17666.150390625,17579.849609375,17653.349609375,281500,-0.0023470351496987,0.0938093307875113,0.11391263438846298
2023-04-20,17624.44921875,17684.44921875,17584.349609375,17638.599609375,215100,0.0003234223297552,0.0938855693862248,0.11083566414599623
2023-04-21,17624.05078125,17663.19921875,17553.94921875,17639.75,230200,-2.260734499433094e-05,0.0922906391313114,0.10746874504641798
2023-04-24,17743.400390625,17754.5,17612.5,17707.55078125,255700,0.0067491469394085,0.089235532428003,0.10432650455323071
2023-04-25,17769.25,17807.44921875,17716.849609375,17761.55078125,297400,0.0014557975062981,0.0874353488290581,0.10591460049260279
2023-04-26,17813.599609375,17827.75,17711.19921875,17767.30078125,233000,0.0024927532688865,0.0874247991504624,0.10309308243866393
2023-04-27,17915.05078125,17931.599609375,17797.900390625,17813.099609375,241400,0.0056789967392659,0.0853798759095734,0.10089571244283556
2023-04-28,18065.0,18089.150390625,17885.30078125,17950.400390625,290300,0.0083351792806977,0.0795486300516726,0.10153611226880725
2023-05-02,18147.650390625,18180.25,18101.75,18124.80078125,265200,0.0045647326692429,0.0796794259377869,0.10578417121218632
2023-05-03,18089.849609375,18116.349609375,18042.400390625,18113.80078125,226200,-0.0031901113635851,0.0807453632396156,0.10482021439458995
2023-05-04,18255.80078125,18267.44921875,18066.69921875,18081.0,226600,0.0091318946467,0.0820001126382319,0.10288511121371559
2023-05-05,18069.0,18216.94921875,18055.44921875,18117.30078125,239700,-0.0102851178222677,0.0802620063830872,0.10828060689660178
2023-05-08,18264.400390625,18286.94921875,18100.30078125,18120.599609375,228400,0.0107560686526575,0.0859283848809668,0.1149451815805973
2023-05-09,18265.94921875,18344.19921875,18229.650390625,18303.400390625,245400,8.479678637020549e-05,0.0825699176887988,0.12148418252702083
2023-05-10,18315.099609375,18326.75,18211.94921875,18313.599609375,220500,0.0026872067245805,0.0825988620310616,0.11738944836496591
2023-05-11,18297.0,18389.69921875,18270.400390625,18357.80078125,248900,-0.0009887229108728,0.0831937666216936,0.11421686962269217
2023-05-12,18314.80078125,18342.75,18194.55078125,18273.75,241700,0.0009724068345624,0.0820813062032758,0.11069880400799842
2023-05-15,18398.849609375,18458.900390625,18287.900390625,18339.30078125,216100,0.0045786226137952,0.0818336870156712,0.1074216956028894
2023-05-16,18286.5,18432.349609375,18264.349609375,18432.349609375,219500,-0.0061250587396132,0.0860378984922927,0.10632490396851475
2023-05-17,18181.75,18309.0,18115.349609375,18300.44921875,229900,-0.0057447389485387,0.0848474758347723,0.1069251957822773
2023-05-18,18129.94921875,18297.19921875,18104.849609375,18287.5,272100,-0.0028531199312594,0.0849735504291539,0.1070323113630342
2023-05-19,18203.400390625,18218.099609375,18060.400390625,18186.150390625,260900,0.0040431874696799,0.0844467018499979,0.10472118767603526
2023-05-22,18314.400390625,18335.25,18178.849609375,18201.099609375,262600,0.0060792457091855,0.0857335059746188,0.10340800651984329
2023-05-23,18348.0,18419.75,18324.19921875,18362.900390625,270400,0.0018329197446846,0.0854692270957275,0.10425633061358497
2023-05-24,18285.400390625,18392.599609375,18262.94921875,18294.80078125,232600,-0.0034176281556568,0.0854829115591216,0.10168125228477481
2023-05-25,18321.150390625,18338.099609375,18202.400390625,18268.900390625,235900,0.0019532029433287,0.0855019594787696,0.10015570729705639
2023-05-26,18499.349609375,18508.55078125,18333.150390625,18368.349609375,198700,0.0096794236936861,0.0901001204315525,0.09793824309808913
2023-05-29,18598.650390625,18641.19921875,18581.25,18619.150390625,265300,0.0053534432264762,0.0899303621498363,0.1050684629246348
2023-05-30,18633.849609375,18662.44921875,18575.5,18606.650390625,234400,0.0018907797884415,0.0867283364142243,0.10493601596349049
2023-05-31,18534.400390625,18603.900390625,18483.849609375,18594.19921875,696500,-0.0053513122664302,0.0890505601155514,0.10233193278308578
2023-06-01,18487.75,18580.30078125,18464.55078125,18579.400390625,265600,-0.0025201353688439,0.0886824396787406,0.10246393684046051
2023-06-02,18534.099609375,18573.69921875,18478.400390625,18550.849609375,270900,0.0025039069673706,0.0839019038067902,0.10032965757974845
2023-06-05,18593.849609375,18640.150390625,18582.80078125,18612.0,256100,0.0032186023111129,0.0740446501670231,0.09835513925515807
2023-06-06,18599.0,18622.75,18531.599609375,18600.80078125,220800,0.0002769559585788,0.065726836183623,0.09697201328825979
2023-06-07,18726.400390625,18738.94921875,18636.0,18665.599609375,260100,0.0068264979901573,0.0687965342834314,0.09459797318966545
2023-06-08,18634.55078125,18777.900390625,18615.599609375,18725.349609375,286500,-0.004916887367083,0.0716873069818435,0.0974311035113399
2023-06-09,18563.400390625,18676.650390625,18555.400390625,18655.900390625,221800,-0.0038255051772626,0.0732474007116827,0.09758971599294454
2023-06-12,18601.5,18633.599609375,18559.75,18595.05078125,179500,0.0020503013499982,0.0733950986694782,0.09672599295743675
2023-06-13,18716.150390625,18728.900390625,18631.80078125,18631.80078125,233200,0.006144585747086,0.0746174367791408,0.09481792644160171
2023-06-14,18755.900390625,18769.69921875,18690.0,18744.599609375,261400,0.0021215820368078,0.0702976371789055,0.09668997676158597
2023-06-15,18688.099609375,18794.099609375,18669.05078125,18774.44921875,263000,-0.0036214536561356,0.067999242336188,0.0948169450410522
2023-06-16,18826.0,18864.69921875,18710.5,18723.30078125,272800,0.0073519563684706,0.0693073308860155,0.09403849796137505
2023-06-19,18755.44921875,18881.44921875,18719.150390625,18873.30078125,219800,-0.0037545579318734,0.0713525649217355,0.09772624799564425
2023-06-20,18816.69921875,18839.69921875,18660.650390625,18752.349609375,211600,0.0032603966930515,0.0696832771249951,0.09679334758565224
2023-06-21,18856.849609375,18875.900390625,18794.849609375,18849.400390625,217500,0.0021314905059401,0.069720338212531,0.0955722281426712
2023-06-22,18771.25,18886.599609375,18759.5,18853.599609375,252700,-0.0045497783797934,0.0707882556376555,0.09379318690522254
2023-06-23,18665.5,18756.400390625,18647.099609375,18741.849609375,210600,-0.0056495438985202,0.0746299560364101,0.09393931871684853
2023-06-26,18691.19921875,18722.05078125,18646.69921875,18682.349609375,171300,0.0013758829522746,0.0675066341551474,0.09528633187583584
2023-06-27,18817.400390625,18829.25,18714.25,18748.55078125,222500,0.0067292114028286,0.0689088241691202,0.09323916480855396
2023-06-28,18972.099609375,19011.25,18861.349609375,18908.150390625,398800,0.008187463868637,0.0737283842591963,0.09610101264295069
2023-06-30,19189.05078125,19201.69921875,19024.599609375,19076.849609375,247900,0.0113703862194518,0.0785830992026224,0.10085005506710781
2023-07-03,19322.55078125,19345.099609375,19234.400390625,19246.5,226100,0.0069330035274252,0.079079349816632,0.11086960838411926
2023-07-04,19389.0,19434.150390625,19300.0,19406.599609375,226900,0.0034330468644171,0.0792040938041743,0.11198361096185466
2023-07-05,19398.5,19421.599609375,19339.599609375,19405.94921875,224400,0.000489848543472,0.0793030584285193,0.10963595357810088
2023-07-06,19497.30078125,19512.19921875,19373.0,19385.69921875,268300,0.0050802910218655,0.0797193326670685,0.1063653389059003
2023-07-07,19331.80078125,19523.599609375,19303.599609375,19422.80078125,237100,-0.0085245857132682,0.0860879132018192,0.10583276559806884
2023-07-10,19355.900390625,19435.849609375,19327.099609375,19400.349609375,268200,0.0012458539412885,0.0828733160618085,0.10981784681852909
2023-07-11,19439.400390625,19515.099609375,19406.44921875,19427.099609375,251300,0.0043046517107255,0.0806651832011883,0.10666083451372663
2023-07-12,19384.30078125,19507.69921875,19361.75,19497.44921875,327900,-0.0028384540734558,0.0825323301209323,0.1053946953014543
2023-07-13,19413.75,19567.0,19385.80078125,19495.19921875,310400,0.0015180775225879,0.0811227966996795,0.10320293536070996
2023-07-14,19564.5,19595.349609375,19433.5,19493.44921875,291200,0.0077351215942267,0.0837416274696756,0.10059917676714247
2023-07-17,19711.44921875,19731.849609375,19562.94921875,19612.150390625,268700,0.0074829460454974,0.0831656204574553,0.10402653435347602
2023-07-18,19749.25,19819.44921875,19690.19921875,19787.5,286400,0.001915870400722,0.0813127782761796,0.10665719491158711
2023-07-19,19833.150390625,19851.69921875,19727.44921875,19802.94921875,259700,0.0042392838963021,0.0785047004483938,0.10393497218806629
2023-07-20,19979.150390625,19991.849609375,19758.400390625,19831.69921875,274700,0.0073344494857055,0.0801483132157051,0.10285172771728018
2023-07-21,19745.0,19887.400390625,19700.0,19800.44921875,312500,-0.0117889545859248,0.0948826969112705,0.10540996255619205
2023-07-24,19672.349609375,19782.75,19658.30078125,19748.44921875,265600,-0.0036862180542648,0.0941539724643659,0.11549809701513537
2023-07-25,19680.599609375,19729.349609375,19615.94921875,19729.349609375,369700,0.0004192824316674,0.0900081393441344,0.11304238875145474
2023-07-26,19778.30078125,19825.599609375,19716.69921875,19733.349609375,244700,0.0049520574860006,0.0902865970703468,0.10953026188033557
2023-07-27,19659.900390625,19867.55078125,19603.55078125,19850.900390625,334900,-0.0060043684967971,0.0938185615741748,0.1085858040538635
2023-07-28,19646.05078125,19695.900390625,19563.099609375,19659.75,258700,-0.000704708042179,0.0915612600154593,0.10881864836124437
2023-07-31,19753.80078125,19772.75,19597.599609375,19666.349609375,295100,0.0054695773892536,0.0857769939825681,0.10563005542051426
2023-08-01,19733.55078125,19795.599609375,19704.599609375,19784.0,298000,-0.001025644971054,0.0836918381533544,0.10556585189036141
2023-08-02,19526.55078125,19678.25,19423.55078125,19655.400390625,290700,-0.0105451544933879,0.0921561621532101,0.10266313489985894
2023-08-03,19381.650390625,19537.650390625,19296.44921875,19463.75,315700,-0.0074483556761193,0.0960119207862078,0.11069799377713657
2023-08-04,19517.0,19538.849609375,19436.44921875,19462.80078125,280800,0.0069591183373327,0.097484059072221,0.11250807693740718
2023-08-07,19597.30078125,19620.44921875,19524.80078125,19576.849609375,216600,0.0041059608614452,0.093214354617329,0.113481708056602
2023-08-08,19570.849609375,19634.400390625,19533.099609375,19627.19921875,260300,-0.0013506471779916,0.0934387498650514,0.11148530291636985
2023-08-09,19632.55078125,19645.5,19467.5,19578.80078125,266500,0.0031477485221408,0.0929338231590946,0.1082366105466071
2023-08-10,19543.099609375,19623.599609375,19495.400390625,19605.55078125,312200,-0.004566679886024,0.0938970677743015,0.10600368645941093
2023-08-11,19428.30078125,19557.75,19412.75,19554.25,235500,-0.0058914567617632,0.096252589772702,0.10502191032315676
2023-08-14,19434.55078125,19465.849609375,19257.900390625,19383.94921875,243900,0.0003216439248586,0.0921176937733081,0.10548394522090151
2023-08-16,19465.0,19482.75,19317.19921875,19369.0,0,0.0015655309306883,0.0879925484315135,0.10249223400285076
2023-08-17,19365.25,19461.55078125,19326.25,19450.55078125,268700,-0.0051377582900605,0.0888408032165275,0.09995627384202747
2023-08-18,19310.150390625,19373.80078125,19253.599609375,19301.75,256100,-0.0028493381372506,0.0870136155490559,0.10009581512331434
2023-08-21,19393.599609375,19425.94921875,19296.30078125,19320.650390625,262600,0.0043122099570484,0.0838180309547269,0.09833296406274862
2023-08-22,19396.44921875,19443.5,19381.30078125,19417.099609375,208700,0.0001469247637584,0.0749344374923939,0.09781923536788341
2023-08-23,19444.0,19472.05078125,19366.599609375,19439.19921875,225200,0.0024485198272942,0.0750202062070955,0.09537605861517048
2023-08-24,19386.69921875,19584.44921875,19369.0,19535.150390625,268300,-0.0029513155310064,0.0753758900187485,0.09377176680150384
2023-08-25,19265.80078125,19339.55078125,19229.69921875,19297.400390625,466500,-0.0062556798015631,0.07475219917815,0.09260115268569438
2023-08-28,19306.05078125,19366.849609375,19249.69921875,19298.349609375,248200,0.0020870149074536,0.0735128925244874,0.09488014598120621
2023-08-29,19342.650390625,19377.900390625,19309.099609375,19374.849609375,307400,0.0018939637920959,0.074132797369645,0.0931361933335078
2023-08-30,19347.44921875,19452.80078125,19334.75,19433.44921875,233000,0.0002480649157308,0.0707504303722825,0.09144752042266378
2023-08-31,19253.80078125,19388.19921875,19223.650390625,19375.55078125,562600,-0.0048521030396481,0.0720054396978455,0.08949299018271503
2023-09-01,19435.30078125,19458.55078125,19255.69921875,19258.150390625,333000,0.0093825560252025,0.0724095794719407,0.09039669778260363
2023-09-04,19528.80078125,19545.150390625,19432.849609375,19525.05078125,296800,0.0047992986219631,0.0693771091317137,0.09819051383220055
2023-09-05,19574.900390625,19587.05078125,19525.75,19564.650390625,256800,0.0023578141889496,0.0655902458033186,0.09815493124635252
2023-09-06,19611.05078125,19636.44921875,19491.5,19581.19921875,287600,0.0018450694598145,0.0643235714121815,0.09627866838406052
2023-09-07,19727.05078125,19737.0,19550.05078125,19598.650390625,304900,0.0058976072365512,0.0671949683415605,0.09431922468180406
2023-09-08,19819.94921875,19867.150390625,19727.05078125,19774.80078125,288100,0.0046981368182121,0.0682070381162607,0.09593123879220719
2023-09-11,19996.349609375,20008.150390625,19865.349609375,19890.0,248800,0.0088607705870589,0.0715363429924039,0.09601484037132946
2023-09-12,19993.19921875,20110.349609375,19914.650390625,20110.150390625,328100,-0.0001575606989245,0.0671039597402987,0.10193769358930098
2023-09-13,20070.0,20096.900390625,19944.099609375,19989.5,251400,0.003833986143147,0.0675177515210296,0.09919257508721517
2023-09-14,20103.099609375,20167.650390625,20043.44921875,20127.94921875,275100,0.0016478497893743,0.067518867553825,0.09819329529792252
2023-09-15,20192.349609375,20222.44921875,20129.69921875,20156.44921875,438200,0.0044297878632228,0.063625425947058,0.09601059526164728
2023-09-18,20133.30078125,20195.349609375,20115.69921875,20155.94921875,264900,-0.0029286010148227,0.0637019593464564,0.09582454059711949
2023-09-20,19901.400390625,20050.650390625,19878.849609375,19980.75,378100,-0.0115850988033336,0.0784821993416665,0.09446427300060208
2023-09-21,19742.349609375,19848.75,19709.94921875,19840.55078125,275100,-0.0080240458900552,0.084757382287403,0.10614856332985813
2023-09-22,19674.25,19798.650390625,19657.5,19744.849609375,246400,-0.0034553806166447,0.0858080928914298,0.10931804873890676
2023-09-25,19674.55078125,19734.150390625,19601.55078125,19678.19921875,188400,1.5287950028248088e-05,0.084888715873247,0.1071951426063557
2023-09-26,19664.69921875,19699.349609375,19637.44921875,19682.80078125,204900,-0.0005008515772894,0.0812066427587457,0.10407211731099193
2023-09-27,19716.44921875,19730.69921875,19554.0,19637.05078125,203600,0.0026281625519171,0.0813214935899721,0.10119614803767953
2023-09-28,19523.55078125,19766.650390625,19492.099609375,19761.80078125,352800,-0.0098318038412133,0.0894395914916604,0.09921903802791449
2023-09-29,19638.30078125,19726.25,19551.05078125,19581.19921875,243500,0.0058603116976752,0.0913772337332322,0.1064344226637343
2023-10-03,19528.75,19623.19921875,19479.650390625,19622.400390625,221700,-0.0055940421731296,0.0919804783137368,0.10671891686292367
2023-10-04,19436.099609375,19457.80078125,19333.599609375,19446.30078125,277100,-0.0047555972198833,0.0880726308547665,0.10668216316658283
2023-10-05,19545.75,19576.94921875,19487.30078125,19521.849609375,234900,0.0056257299700197,0.0886842372646436,0.10581102023394166
2023-10-06,19653.5,19675.75,19589.400390625,19621.19921875,159100,0.005497568008546,0.0903685591108345,0.10589725717600341
2023-10-09,19512.349609375,19588.94921875,19480.5,19539.44921875,165100,-0.007207861089913,0.0936619106998357,0.10583694494132437
2023-10-10,19689.849609375,19717.80078125,19565.44921875,19565.599609375,216600,0.0090556762901256,0.0968540499528366,0.10786915549494404
2023-10-11,19811.349609375,19839.19921875,19756.94921875,19767.0,213700,0.0061517313687301,0.0978848826414463,0.11244679258271933
2023-10-12,19794.0,19843.30078125,19772.650390625,19822.69921875,217900,-0.0008761245971014,0.0924115787862701,0.11246545537738475
2023-10-13,19751.05078125,19805.400390625,19635.30078125,19654.55078125,255000,-0.002172167428733,0.0925851729746261,0.1090485998928012
2023-10-16,19731.75,19781.30078125,19691.849609375,19737.25,181000,-0.0009776805295215,0.0911843997384149,0.10625224085196264
2023-10-17,19811.5,19849.75,19775.650390625,19843.19921875,185800,0.0040335636613206,0.0923613741656927,0.10329069293480395
2023-10-18,19671.099609375,19840.94921875,19659.94921875,19820.44921875,198900,-0.007112043473065,0.0929429741017781,0.10209340102226304
2023-10-19,19624.69921875,19681.80078125,19512.349609375,19545.19921875,230300,-0.0023615965866002,0.0928342815735273,0.10442735912111492
2023-10-20,19542.650390625,19593.80078125,19518.69921875,19542.150390625,198300,-0.0041896604678091,0.085688519719219,0.10206265403515968
2023-10-23,19281.75,19556.849609375,19257.849609375,19521.599609375,176000,-0.013440223951969,0.0931208677163622,0.10110289060845648
2023-10-25,19122.150390625,19347.30078125,19074.150390625,19286.44921875,225300,-0.0083116832700098,0.0961238484454257,0.11572273673528015
2023-10-26,18857.25,19041.69921875,18837.849609375,19027.25,300400,-0.013949914095014,0.1053458186825188,0.11816952100459945
2023-10-27,19047.25,19076.150390625,18926.650390625,18928.75,205200,0.0100252788637633,0.1132713955187914,0.13059739046190502
2023-10-30,19140.900390625,19158.5,18940.0,19053.400390625,180100,0.0049046930738934,0.1145885078992152,0.1338489097870098
2023-10-31,19079.599609375,19233.69921875,19056.44921875,19232.94921875,206000,-0.0032077463043944,0.1106859052673315,0.13085524882975688
2023-11-01,18989.150390625,19096.05078125,18973.69921875,19064.05078125,194100,-0.0047518969731957,0.1083635922799717,0.1269860582674765
2023-11-02,19133.25,19175.25,19064.150390625,19120.0,245600,0.0075598752540646,0.1117821793015962,0.12440747606037021
2023-11-03,19230.599609375,19276.25,19210.900390625,19241.0,189500,0.0050750808020812,0.1127750297835983,0.12490571286542013
2023-11-06,19411.75,19423.0,19309.69921875,19345.849609375,180700,0.0093758127789547,0.1160449972222949,0.12275760603443414
2023-11-07,19406.69921875,19423.5,19329.099609375,19404.05078125,198700,-0.0002602258142791,0.1141010896878064,0.1259537846026508
2023-11-08,19443.5,19464.400390625,19401.5,19449.599609375,195000,0.0018944969651071,0.1117944173172315,0.1215717217579469
2023-11-09,19395.30078125,19463.900390625,19378.349609375,19457.400390625,208400,-0.002482015022314,0.106834151119737,0.11778358978452019
2023-11-10,19425.349609375,19451.30078125,19329.44921875,19351.849609375,152200,0.0015480850435944,0.1042636980982863,0.114487507268058
2023-11-13,19443.55078125,19494.400390625,19414.75,19486.75,189300,0.0009365417093074,0.1044659112582493,0.11108195730663162
2023-11-15,19675.44921875,19693.19921875,19579.650390625,19651.400390625,291500,0.0118561902899385,0.1131701593143857,0.10777156385115227
2023-11-16,19765.19921875,19875.25,19627.0,19674.69921875,282700,0.0045511500683312,0.1142957911114913,0.11758745227458269
2023-11-17,19731.80078125,19806.0,19667.44921875,19674.75,236800,-0.0016911889743673,0.1135188968355652,0.11560402172588193
2023-11-20,19694.0,19756.44921875,19670.5,19731.150390625,173800,-0.0019175662679732,0.1109255847908795,0.11216315646565198
2023-11-21,19783.400390625,19829.099609375,19754.05078125,19770.900390625,195000,0.0045292011413009,0.1116000667075084,0.10904128658472799
2023-11-22,19811.849609375,19825.55078125,19703.849609375,19784.0,184500,0.0014370018446946,0.1103904183700257,0.10775974566465778
2023-11-23,19802.0,19875.150390625,19786.75,19828.44921875,170000,-0.000497281111283,0.0979801161992107,0.10479934250388091
2023-11-24,19794.69921875,19832.849609375,19768.849609375,19809.599609375,145900,-0.0003687570669664,0.0918680422666007,0.10187089583657054
2023-11-28,19889.69921875,19916.849609375,19800.0,19844.650390625,229600,0.0047877848833909,0.0727234507881396,0.09914212219713264
2023-11-29,20096.599609375,20104.650390625,19956.30078125,19976.55078125,236200,0.0103486565738691,0.0731503066649991,0.09900306638508967
2023-11-30,20133.150390625,20158.69921875,20015.849609375,20108.5,486600,0.0018171025823992,0.0726804119629805,0.10725502824649337
2023-12-01,20267.900390625,20291.55078125,20183.69921875,20194.099609375,265800,0.0066706433156343,0.0711041731129231,0.10445254377359937
2023-12-04,20686.80078125,20702.650390625,20507.75,20601.94921875,381100,0.0204574804837739,0.0885180617522648,0.10592468166291248
2023-12-05,20855.099609375,20864.05078125,20711.150390625,20808.900390625,421000,0.0081026504477443,0.088806609249225,0.13846629141536904
2023-12-06,20937.69921875,20961.94921875,20852.150390625,20950.75,359200,0.0039528205452235,0.088736952004651,0.13824380197791164
2023-12-07,20901.150390625,20941.25,20850.80078125,20932.400390625,275000,-0.0017471243957791,0.0886907535961038,0.13427355258363086
2023-12-08,20969.400390625,21006.099609375,20862.69921875,20934.099609375,292400,0.0032600507599202,0.0876321093319896,0.12959528573182444
2023-12-11,20997.099609375,21026.099609375,20923.69921875,20965.30078125,212900,0.0013200635160099,0.0878026599440568,0.1258420640071341
2023-12-12,20906.400390625,21037.900390625,20867.150390625,21018.55078125,244900,-0.0043289634704181,0.0896444956898839,0.12160861961909518
2023-12-13,20926.349609375,20950.0,20769.5,20929.75,260300,0.0009537608817135,0.0898370486941836,0.11912981233249666
2023-12-14,21182.69921875,21210.900390625,21074.44921875,21110.400390625,334400,0.0121756621637251,0.094063413981343,0.11527148964822297
2023-12-15,21456.650390625,21492.30078125,21235.30078125,21287.44921875,508800,0.0128498649215015,0.0951551770029509,0.12447526540985643
2023-12-18,21418.650390625,21482.80078125,21365.349609375,21434.80078125,249700,-0.0017725827811074,0.0972972809715859,0.1335356280426653
2023-12-19,21453.099609375,21505.05078125,21337.75,21477.650390625,249800,0.0016070828069474,0.0955968696520779,0.128912430009361
2023-12-20,21150.150390625,21593.0,21087.349609375,21543.5,363900,-0.0142221227330497,0.1130713199709455,0.12454656748008039
2023-12-21,21255.05078125,21288.349609375,20976.80078125,21033.94921875,277500,0.0049475348167753,0.113133377573951,0.1364183561738114
2023-12-22,21349.400390625,21390.5,21232.44921875,21295.849609375,284700,0.0044291035803757,0.1129483058201581,0.13326106161531098
2023-12-26,21441.349609375,21477.150390625,21329.44921875,21365.19921875,219500,0.0042976278879013,0.1119958068484466,0.1299627116776774
2023-12-27,21654.75,21675.75,21495.80078125,21497.650390625,256500,0.0099035475021389,0.1128423500524402,0.12681948315057076
2023-12-28,21778.69921875,21801.44921875,21678.0,21715.0,393100,0.0057075621422148,0.1129397805580277,0.1303381942923636
2023-12-29,21731.400390625,21770.30078125,21676.900390625,21737.650390625,270900,-0.0021741548367498,0.1128490493060529,0.12829969428722146
